x,y,z,Bx,By,Bz
-20051,-20053,0,5.69962414305346,3.18848327818295,-2.15894856072166
-20051,-19053,0,1.17027273626666,5.19812699147627,0.904783720390002
-20051,-18053,0,-0.97768697604364,5.36537231365916,1.96562339819252
-20051,-17053,0,1.92061755900875,7.7385900895915,-6.45917375319619
-20051,-16053,0,7.00230423652584,9.25778216517936,-3.58781796119214
-20051,-15053,0,4.00497330890166,6.07884644604934,4.74650851784705
-20051,-14053,0,5.92830744116231,7.15443824977688,2.35419918892911
-20051,-13053,0,4.33140507500056,8.46846554056785,-4.8759451266504
-20051,-12053,0,6.908458788317,8.56480463375538,-6.00123942528919
-20051,-11053,0,9.96571786044904,4.86016652075168,-3.1516848969334
-20051,-10053,0,10.6097281593763,7.29757021360725,3.34539469576131
-20051,-9053,0,8.99929545816597,7.73921980017059,-4.33562922027123
-20051,-8053,0,12.8199897115122,6.36148776998407,-1.7440381321959
-20051,-7053,0,16.5858169261755,5.36703805886335,1.17731647839351
-20051,-6053,0,14.6033719843219,4.40221154380474,-6.57230900737022
-20051,-5053,0,17.4274283189526,6.87173247601682,-0.449549288510839
-20051,-4053,0,13.4701897383242,3.5454959113674,-2.69503022223557
-20051,-3053,0,19.8159991948423,2.1220023782811,0.561817195868362
-20051,-2053,0,20.1645696539435,1.64671793958548,-2.6476700223318
-20051,-1053,0,21.535532876548,3.16700644807785,0.10998786796206
-20051,-53,0,20.5621619637065,1.2626093874427,-0.275417581784504
-20051,947,0,18.5646003794181,-1.54959285477192,-4.3556739294822
-20051,1947,0,20.5981634241405,-2.80463100848993,-4.62288578864114
-20051,2947,0,16.3130939393356,-2.85552441194817,-2.52040155007641
-20051,3947,0,16.2172662418989,-7.0663383368085,-3.37131632569496
-20051,4947,0,17.044925858206,-7.0476761876809,1.03890407981026
-20051,5947,0,17.1408675063039,-6.98525557010471,2.51947745816645
-20051,6947,0,19.4238780981172,-8.65487864345333,-1.68273616707308
-20051,7947,0,11.8031862925212,-7.6809965177365,-0.224105067953547
-20051,8947,0,12.2903956501966,-5.26558999459456,-0.858323698425457
-20051,9947,0,11.0392301559121,-7.02978359380857,0.476095096637464
-20051,10947,0,6.84798776951549,-7.8350329855699,-2.04809459257515
-20051,11947,0,7.51999387147388,-4.10565042659404,-3.25146932944917
-20051,12947,0,6.25322064689353,-8.26224810053004,-3.35874090866974
-20051,13947,0,4.20805225140867,-8.75452253472035,-1.3274132131816
-20051,14947,0,9.8068859253948,-6.00859676465953,-1.8476185387739
-20051,15947,0,4.95966360154731,-5.61401645030971,-2.27337852866256
-20051,16947,0,5.00142257272283,-8.33535708257132,-4.70683459916928
-20051,17947,0,5.77519843206193,-5.89928529684918,-0.104289296681414
-20051,18947,0,2.50266613805252,-4.67958280747485,-3.84986417577387
-20051,19947,0,4.40745730487671,-3.71299866272811,-4.30601716352241
-19051,-20053,0,1.27821486968956,6.0085744540996,-2.95821647807485
-19051,-19053,0,5.11988005391932,4.54113454415696,-3.79338628811269
-19051,-18053,0,0.370923712958652,4.11589652940455,-1.62671336029221
-19051,-17053,0,5.75170223021582,6.30808815793766,-2.83337253124278
-19051,-16053,0,2.11727929652669,6.35444407612977,-2.38815317873187
-19051,-15053,0,4.0360985146821,9.46997241311892,-1.66003037605319
-19051,-14053,0,7.21999292371833,8.03321419223566,-3.94865901791722
-19051,-13053,0,6.2131573640081,7.66271801950322,-6.61131390945748
-19051,-12053,0,8.36920787507175,10.0390002955765,0.581441060693463
-19051,-11053,0,9.2303748001499,9.29651824188782,-2.95901372286282
-19051,-10053,0,11.9776766308125,8.82312103450751,-2.09206913033996
-19051,-9053,0,10.1198430090001,11.1130508646727,-7.22210125730478
-19051,-8053,0,12.6933778756117,11.0936436509101,-1.74235439180763
-19051,-7053,0,15.2285351438352,9.05579317283657,-0.827349351829895
-19051,-6053,0,17.575285837737,7.30313341744538,-1.2995145543306
-19051,-5053,0,17.0626995513447,7.45662466737774,-0.336897659885901
-19051,-4053,0,20.073371072502,7.90938534214494,-3.79274108471414
-19051,-3053,0,20.5115700247766,3.633877586617,-1.47491938814988
-19051,-2053,0,18.5403254632983,1.44706114371365,0.0697634299014673
-19051,-1053,0,23.0448722548893,4.87229741529532,1.35166476933329
-19051,-53,0,25.0603949712215,-3.34078645236037,-3.39942729970077
-19051,947,0,21.6753339843734,-1.06825647872961,-0.79151579742094
-19051,1947,0,21.9205522006637,-3.56826345309318,-1.47122436126645
-19051,2947,0,21.7872541379174,-4.80273888579133,-2.74452161518543
-19051,3947,0,19.1947190805023,-7.97851777574685,-2.15384182439752
-19051,4947,0,18.9161793688269,-4.391521439986,-3.83403869036028
-19051,5947,0,16.1706436957294,-8.18467908500596,-0.279937792672575
-19051,6947,0,15.2923787363194,-7.77881319627798,-1.03107058150918
-19051,7947,0,9.16098715999849,-7.67203706726006,-5.49018130223428
-19051,8947,0,12.9880436180588,-7.65796628793247,-9.97761058347448
-19051,9947,0,12.2937820589001,-6.37909577799933,-0.833022984004404
-19051,10947,0,7.28502082909576,-8.25762456087175,-2.98089203901108
-19051,11947,0,7.68604312169575,-9.07748940754459,-1.05806119636559
-19051,12947,0,9.55081407739076,-4.29310576722477,-3.17825046392912
-19051,13947,0,6.08664611419961,-6.57616701714342,-3.95901816632941
-19051,14947,0,5.62951451557015,-8.07033882955362,-3.82590320618183
-19051,15947,0,6.97070402035048,-8.93304225852822,-3.86628151094831
-19051,16947,0,5.13568971206592,-3.87601043118307,-1.70864855526816
-19051,17947,0,3.98970350617687,-6.99627468800539,0.0386999516039574
-19051,18947,0,5.02194752554524,-4.98174970323717,-1.88384561597838
-19051,19947,0,4.34976059072025,-5.33186447999109,-4.07752911239233
-18051,-20053,0,1.13255108968206,4.83291671714215,-1.8068521330929
-18051,-19053,0,1.88786498689156,6.4817870667607,-1.27685462373628
-18051,-18053,0,1.92431204415658,4.22566957416201,-0.629459572897914
-18051,-17053,0,6.51785641459537,6.60380121147444,-1.03991775936203
-18051,-16053,0,5.23907265112614,8.00484560672944,-2.35160936769713
-18051,-15053,0,1.34887310628804,8.33030319666315,-1.71914423172458
-18051,-14053,0,10.8700593087713,10.1552129447751,0.287797265814069
-18051,-13053,0,7.05477930628797,11.0857022302622,0.417966611591586
-18051,-12053,0,7.40056576508001,11.1158341199514,-3.94773530775924
-18051,-11053,0,10.34215215907,8.37918152062944,-4.32048530592489
-18051,-10053,0,11.5238046490758,9.85429091970405,-4.24754708323642
-18051,-9053,0,17.2837995609533,11.6004531656395,-1.82794103707546
-18051,-8053,0,15.1467115869195,12.9348783415705,0.996684159716345
-18051,-7053,0,19.4243186735524,12.0405323982049,-1.42157948804816
-18051,-6053,0,20.6155673745121,11.5188309500023,-3.26287768686771
-18051,-5053,0,18.9439952920117,7.43829394984153,0.862210575957551
-18051,-4053,0,26.1165823767312,7.22694889330272,1.41225606279888
-18051,-3053,0,25.4893414994299,5.3721300443025,-2.47493955855262
-18051,-2053,0,25.1841347284245,2.24103368252994,1.27235392297316
-18051,-1053,0,26.4877727554712,-1.73169429838183,-1.04235821994408
-18051,-53,0,28.9277397616458,2.30583503575065,3.7875018180559
-18051,947,0,24.9213570431685,-3.52613506290186,0.671290381337393
-18051,1947,0,24.1752926150374,-5.81767388095874,-0.381274333287588
-18051,2947,0,21.8919575543269,-7.07805095177372,0.431920140000593
-18051,3947,0,21.0263930245491,-4.090224876882,3.73788834306988
-18051,4947,0,23.7695053874285,-7.98045822361857,-0.907649651167179
-18051,5947,0,18.8636938329774,-8.369098376789,-2.64279699912766
-18051,6947,0,16.8668185494503,-7.26158351761203,1.05176783088512
-18051,7947,0,14.6179871497212,-10.9374261480183,-3.87662418895871
-18051,8947,0,12.9345628032418,-9.63362831802102,-2.88151234000709
-18051,9947,0,15.5346938371213,-12.4683752341348,2.2291295395574
-18051,10947,0,10.4388243306518,-11.0021576302442,0.155642983985224
-18051,11947,0,11.7024415042876,-8.14269357742774,-2.5412577254688
-18051,12947,0,7.89526287541665,-7.55253095333252,-3.11278219599968
-18051,13947,0,6.15571496243482,-9.21050981195926,-2.98741536270006
-18051,14947,0,7.83258257960881,-8.58642155389925,-3.16552071049097
-18051,15947,0,4.81014414687673,-7.40439143057843,-3.08888841762344
-18051,16947,0,5.13200592729523,-8.08247517641906,0.720340888353254
-18051,17947,0,6.78028233377862,-6.92018066819578,-3.45657813860812
-18051,18947,0,0.431955606539764,-5.32314240240057,-2.28613679547371
-18051,19947,0,1.25638120045244,-6.83777055324679,-2.15810610945392
-17051,-20053,0,3.61409865557802,4.10318735653371,1.36548162735127
-17051,-19053,0,0.41471740309164,6.49334356515674,-2.80936781311865
-17051,-18053,0,0.030384784380932,7.73355094124018,-3.76157220518451
-17051,-17053,0,1.86082576279451,5.9505927103103,-4.94244544382175
-17051,-16053,0,2.8163530824396,7.85109667800256,-1.8425116721806
-17051,-15053,0,5.17006610471181,8.49462750657549,-1.95824367622884
-17051,-14053,0,4.70860694693198,11.1927699961168,-2.83236173621204
-17051,-13053,0,7.23835339949331,11.597736849014,-2.70088520550732
-17051,-12053,0,10.0807188367895,13.284821865016,-6.3889082246056
-17051,-11053,0,10.6647044282096,16.0791994880756,-2.13092924665735
-17051,-10053,0,11.3214510617096,15.138643294066,-1.95155554068263
-17051,-9053,0,17.3923239967142,14.1998751803168,-5.06982812472426
-17051,-8053,0,17.0783043421049,13.7471180901721,-4.20965950364806
-17051,-7053,0,22.8209671948207,10.6010816644582,-5.75366582526867
-17051,-6053,0,26.2409470932336,14.9259039835644,-4.31693454778112
-17051,-5053,0,25.9963339888454,10.9416584458549,0.615058316708741
-17051,-4053,0,29.1135164997302,10.2372634396404,-1.44276439763559
-17051,-3053,0,30.3095731206784,6.1893768246822,-2.17781567339599
-17051,-2053,0,30.9068354305925,4.83464409080978,-2.97246491107252
-17051,-1053,0,35.4596128052584,2.11524611204199,3.28102271987675
-17051,-53,0,34.7557808231441,-1.25566671732634,2.2364264784131
-17051,947,0,30.1674846285071,-0.75038202963091,-1.16783500649405
-17051,1947,0,30.875052207071,-8.29925749630672,-1.25472919321056
-17051,2947,0,28.9982702040083,-7.60880724775518,-1.71767715144875
-17051,3947,0,30.4366081079215,-8.76043275303362,-0.168660962798934
-17051,4947,0,23.9467555914374,-9.64733103241228,-2.12135147844711
-17051,5947,0,21.4267531090006,-9.57712579177828,1.11322708478636
-17051,6947,0,17.5648385354246,-12.0251034824195,-0.730935068316582
-17051,7947,0,19.0978585121104,-11.6090295179879,0.930167315107274
-17051,8947,0,13.3435962374989,-14.5670620449983,-3.92447145162256
-17051,9947,0,13.6185216084268,-10.6968028030767,-0.546659193994323
-17051,10947,0,9.32304254126037,-11.9149178268527,-0.994658996526813
-17051,11947,0,8.14115716107977,-9.36008859841938,-3.62519570819013
-17051,12947,0,7.76441983671196,-13.3184521615301,-2.53394182901918
-17051,13947,0,10.1020699457144,-10.4270527088362,-5.68515511421078
-17051,14947,0,6.38571696218646,-9.11817720076846,-4.40978410774962
-17051,15947,0,2.91492515887754,-5.9128709891924,-3.46647879084723
-17051,16947,0,1.77360014530702,-7.7104870392913,-1.66169928188033
-17051,17947,0,3.18224938218005,-5.31286109475737,-2.41753470016295
-17051,18947,0,2.85739759532888,-6.67932050260208,2.27767054253756
-17051,19947,0,1.71513125693506,-6.13296023674078,-3.81262018235706
-16051,-20053,0,0.52299943807928,3.5745564463096,-0.438324845857218
-16051,-19053,0,-1.96266563672502,8.36208522975402,-3.71282008120589
-16051,-18053,0,1.01975351415399,6.60985452057928,0.240686386447635
-16051,-17053,0,5.90500272415811,10.3679118462237,-3.41513462440415
-16051,-16053,0,5.69358351681949,11.5103389670423,-6.16384682578299
-16051,-15053,0,3.98908071570301,11.256670572607,-0.596554285819955
-16051,-14053,0,6.26671932817116,11.9439683707774,-3.44283409195543
-16051,-13053,0,10.6193151577367,13.7891206000814,-1.55986158845208
-16051,-12053,0,6.41743641820292,15.6510457224177,-2.04342745810647
-16051,-11053,0,14.775673686353,13.6522058999915,-2.36654276026893
-16051,-10053,0,17.4816710492191,16.5271485161121,-2.06410526199983
-16051,-9053,0,15.2203996384553,14.893273067044,-0.636748682270643
-16051,-8053,0,18.9284359413142,16.9140000017522,-2.73540122892217
-16051,-7053,0,29.0394817121971,13.8460208431516,0.31134188251792
-16051,-6053,0,28.4630596799282,14.0473962543846,5.24640918725726
-16051,-5053,0,30.7828038317797,13.6747919599347,-2.69814742178305
-16051,-4053,0,34.1563900643894,11.3632606712419,-1.93798809303347
-16051,-3053,0,38.1190371842724,9.68962161034433,2.69658788738245
-16051,-2053,0,39.0440906973209,3.96375620710675,1.34662933944449
-16051,-1053,0,42.8582874062943,1.88903547470679,1.67841211709199
-16051,-53,0,36.2656599584853,-2.09037151535483,-0.7358139568254
-16051,947,0,37.3685920167663,-4.03620293022348,1.7382868407003
-16051,1947,0,35.6721075795143,-6.37265972784018,-0.145318725737369
-16051,2947,0,32.8503752226774,-9.34530709986873,0.849044160452697
-16051,3947,0,29.7775314508309,-11.1795329553424,2.55483174193224
-16051,4947,0,29.1160730877174,-13.260172747295,-1.10857058178969
-16051,5947,0,25.6177144785043,-12.4749247872201,-0.188550230439023
-16051,6947,0,22.0327692247428,-14.3137095184394,3.21453527777594
-16051,7947,0,19.5976917093764,-14.2140265989972,0.907241883758433
-16051,8947,0,15.770555106215,-13.7852437145283,0.678490850782716
-16051,9947,0,14.661544404119,-16.0754498687962,-1.81620574807619
-16051,10947,0,13.2523299029218,-12.387572927616,0.332731376984388
-16051,11947,0,10.5983440984689,-12.0568856787721,-3.68076123813369
-16051,12947,0,12.0578497924292,-12.0369050545214,-5.08339569507401
-16051,13947,0,7.73098911457388,-15.4614611504031,-4.32001588201144
-16051,14947,0,5.10096642590897,-12.0056439026249,-2.34530602330194
-16051,15947,0,7.19060641291636,-6.8378357422874,-1.18361266319796
-16051,16947,0,3.7134747849105,-7.8296527953924,-3.25634952554684
-16051,17947,0,2.33828840131901,-8.55537173456521,-1.13459545004215
-16051,18947,0,2.44334858799988,-7.7590329503343,-1.22127767908121
-16051,19947,0,1.88682819116787,-6.28264596255267,-1.03035075865817
-15051,-20053,0,1.24777817760957,8.97130782577051,-3.22118339729412
-15051,-19053,0,1.1087265460189,5.06436095523509,-2.03133365110027
-15051,-18053,0,3.34675421252801,7.56576302105947,-3.47306464463948
-15051,-17053,0,3.02110428350748,12.957152706657,-6.2056991271567
-15051,-16053,0,2.6296671518059,8.89145679439411,-0.18715494617186
-15051,-15053,0,6.55068184849519,8.52576615305421,-8.07625219903625
-15051,-14053,0,4.96505896066917,18.7323675817152,-6.72213799667883
-15051,-13053,0,5.67335525793113,15.251036136548,-1.38729905845131
-15051,-12053,0,9.88235567433649,15.6182944704287,-4.02822810362845
-15051,-11053,0,11.8627019164886,16.0516978453667,-1.55509934007551
-15051,-10053,0,14.2205605924429,16.7680168518464,-3.33316767810788
-15051,-9053,0,20.2480947280414,19.1898941402205,-2.66322701535786
-15051,-8053,0,24.1673939432928,24.3638006870052,-2.64162224571925
-15051,-7053,0,28.359092090454,20.2365467222421,-0.424486254930719
-15051,-6053,0,34.734673818833,20.3024252828798,0.20185493698296
-15051,-5053,0,38.6084142159479,18.500555684503,2.19432793052258
-15051,-4053,0,44.3800967789004,14.0001020307838,2.77936173968784
-15051,-3053,0,42.062699175602,9.88441221338697,7.09511381741079
-15051,-2053,0,47.2043196764589,6.51826695628275,1.21300872226409
-15051,-1053,0,49.4227398117636,3.38129931352568,3.96674635829107
-15051,-53,0,47.6713628246203,-1.34772049280318,4.72537066325837
-15051,947,0,46.5658608590153,-6.87585410856319,7.67337829329941
-15051,1947,0,41.9676383452695,-9.65291574096483,0.453191344181954
-15051,2947,0,38.1868975517644,-9.99350444856546,2.9404468034418
-15051,3947,0,35.7095524899698,-16.2284386406393,4.58928752578557
-15051,4947,0,31.5954075507304,-15.6887415360766,0.86443844276514
-15051,5947,0,31.1078708738141,-14.8157703023531,1.89321321035846
-15051,6947,0,24.3333980445528,-17.2490594928283,-1.77916886394746
-15051,7947,0,24.5541312699229,-17.1388135725617,0.570885450430403
-15051,8947,0,21.2891881005616,-17.5156739297648,2.17163598338538
-15051,9947,0,14.4821772987588,-17.0417332128783,1.32655838350241
-15051,10947,0,12.3754907040716,-15.76370959021,-2.13792598295886
-15051,11947,0,14.3528284809331,-11.6719516407104,-3.18057500893302
-15051,12947,0,11.3256719528791,-15.0407868924855,1.02918081261235
-15051,13947,0,7.17222782885738,-12.581025929829,-2.35863108392061
-15051,14947,0,5.65751949947731,-10.5989084627809,-4.11645676933733
-15051,15947,0,5.15158428727286,-12.5103737652654,0.0492727382953166
-15051,16947,0,4.8196140083237,-9.55147764554299,-2.33980594419661
-15051,17947,0,2.61639578605634,-6.86043296115806,-8.48897725223693
-15051,18947,0,3.48670757212399,-6.79965448838352,-3.96463706253865
-15051,19947,0,0.816408082827859,-5.94850453112627,-5.52189798830329
-14051,-20053,0,-3.033107732481,8.04908752505725,-2.42566198816611
-14051,-19053,0,0.542929835960347,5.64451539279828,-2.02581974014473
-14051,-18053,0,0.382479033636875,11.4484239124003,-2.95283702705967
-14051,-17053,0,1.72693324882562,8.6217460490542,0.200976607512503
-14051,-16053,0,2.89992288526294,12.9932750164363,0.32057878392045
-14051,-15053,0,2.92251619711317,12.8259208572105,-2.06763336531137
-14051,-14053,0,5.35651912045135,17.2702742637024,-7.6857908055728
-14051,-13053,0,6.23414774920721,18.1035549569877,-1.1433436513377
-14051,-12053,0,12.7092341913788,20.9224182731182,-3.31516293590348
-14051,-11053,0,12.6063522532657,19.9219466957173,-2.11630046591036
-14051,-10053,0,16.9145160289151,23.1630088268741,-0.62418892101776
-14051,-9053,0,22.5226317532798,25.4279471773991,-2.28967350634954
-14051,-8053,0,31.2564906885405,27.5683200676662,3.83397395863201
-14051,-7053,0,32.654487033764,24.9765264615657,-0.311037251401502
-14051,-6053,0,40.5454917485794,26.6857221819546,3.54831883587698
-14051,-5053,0,47.15639142978,25.0993503936606,-1.47266433228775
-14051,-4053,0,49.8549272868925,17.4223698292347,8.98392449197014
-14051,-3053,0,56.3225446662147,14.9925733173996,5.20118191131494
-14051,-2053,0,56.2127080814054,7.77115347439797,3.45574139029956
-14051,-1053,0,60.2359427814976,1.45798213427749,5.66697680445385
-14051,-53,0,58.9215441980037,-4.74119905230535,6.90617314909077
-14051,947,0,53.9092027315457,-8.71481705637148,3.98735109507978
-14051,1947,0,53.7916665800359,-12.9264966491211,7.08287443178687
-14051,2947,0,43.4611616095839,-17.1709984654607,4.31018592825393
-14051,3947,0,44.0182680954597,-18.1688807627193,-1.57215496116377
-14051,4947,0,37.3846556290058,-19.2839728828049,1.59201860257312
-14051,5947,0,30.2111744123385,-19.7317215028399,3.79651256039647
-14051,6947,0,26.1272312001248,-23.2943163021495,1.29113819811702
-14051,7947,0,25.7565181507901,-19.7074567525846,0.906824601926588
-14051,8947,0,19.7588040437869,-20.198523696432,0.854662515554285
-14051,9947,0,15.8479940571774,-19.8146828873491,-2.17608398154029
-14051,10947,0,13.9499293253548,-19.8073407924513,-3.22701328102171
-14051,11947,0,12.427655933456,-16.7404897273766,-3.20679102635766
-14051,12947,0,10.1499037867957,-13.8706930157643,-0.585545689142764
-14051,13947,0,6.98061859610946,-14.8376053343161,2.91845490334994
-14051,14947,0,4.94007048543194,-11.84118521492,-2.31563066437982
-14051,15947,0,4.05701459353851,-12.5264221341975,-6.19038752560246
-14051,16947,0,1.98551851188168,-10.7292958301227,-4.86163347010178
-14051,17947,0,2.56378776982607,-6.82267421806314,-2.7619428199664
-14051,18947,0,2.67864962256047,-7.38231276117186,-1.20262250391216
-14051,19947,0,0.346375266660052,-8.87461073982516,-5.2193957892891
-13051,-20053,0,-0.24659231866693,7.34944823804529,-0.297472702396923
-13051,-19053,0,-0.377026936644428,5.82809119929782,-3.5893008058378
-13051,-18053,0,5.0154935233557,9.36143568686669,-0.818998384332551
-13051,-17053,0,3.88298732685612,11.986494232086,-2.81904427646491
-13051,-16053,0,4.02817392905693,13.8305659534269,-1.97285657997947
-13051,-15053,0,2.57979032121043,13.3013034876344,-2.80853926929045
-13051,-14053,0,2.21958501946403,18.5683388745891,-2.19763031247489
-13051,-13053,0,6.40019121915045,19.4736969322686,-2.26156242115928
-13051,-12053,0,9.01113363924666,21.6694988670491,-2.66425751643325
-13051,-11053,0,13.5646523990184,25.0035345444727,-2.33812128512737
-13051,-10053,0,18.955004104399,28.8671820169406,1.52031537263909
-13051,-9053,0,26.7572439120746,31.0226981968268,0.757342232327683
-13051,-8053,0,31.9549522261999,32.9200267553394,2.1109553359205
-13051,-7053,0,39.0167896500518,33.8165279861219,7.43877584447035
-13051,-6053,0,49.5334881512403,30.6361433408014,5.6475102576873
-13051,-5053,0,56.922421705288,31.8002634246181,4.379223526839
-13051,-4053,0,62.4271905438044,24.3934194972205,10.8435205191645
-13051,-3053,0,73.372723726087,16.1578571638133,12.8192408864861
-13051,-2053,0,70.2981598304194,10.5416000326464,16.2085684863683
-13051,-1053,0,74.0466531943141,2.58942529867663,13.2847106035887
-13051,-53,0,71.7319728610244,-3.97082666306682,13.5114833212207
-13051,947,0,69.740112929629,-13.9530858244198,12.3730356945002
-13051,1947,0,63.9075821358733,-21.0251303192139,5.67729567783088
-13051,2947,0,55.684000591443,-22.0214086935279,9.71856502998335
-13051,3947,0,52.4130492238248,-27.310500158123,9.32354254662905
-13051,4947,0,41.9947158736578,-23.9962861937744,2.23152440142832
-13051,5947,0,37.064550618975,-27.3340912101557,3.91873174192865
-13051,6947,0,34.2273404231844,-26.7130701116889,3.16121342104242
-13051,7947,0,28.773290884928,-25.4988569456628,-2.30724725385304
-13051,8947,0,23.7432435818773,-24.2815213513203,-1.9951384039559
-13051,9947,0,19.7048420146999,-19.968976350186,1.15233450062766
-13051,10947,0,15.9487380249926,-21.1457232128808,-1.91034139584289
-13051,11947,0,14.5360680366569,-21.4784328841772,-4.19454338501993
-13051,12947,0,8.30975549659101,-17.9144437977026,-3.237500266058
-13051,13947,0,9.17275088941992,-15.7508494176052,-1.49088326300475
-13051,14947,0,6.63776097249904,-16.4675518619069,-1.96341501171084
-13051,15947,0,4.70639107937114,-12.5480411196911,-1.04191001036666
-13051,16947,0,2.85246665395817,-11.3244613695291,-3.6911097358993
-13051,17947,0,3.4135040933589,-9.76693241449873,0.983845546599056
-13051,18947,0,3.43909939780844,-5.07306071806173,-3.04785934366918
-13051,19947,0,1.97649332556961,-9.26645872296324,-4.06268766949618
-12051,-20053,0,0.58160375665591,5.91005305817511,-3.60569881338435
-12051,-19053,0,0.0747765077966035,7.05971235994148,-3.70034888997432
-12051,-18053,0,-0.338119326945933,11.4588264569948,-1.46634425395345
-12051,-17053,0,-0.406763355797569,15.0198679024787,0.629230790834124
-12051,-16053,0,1.73611162873388,15.3322438906973,-4.8858089183719
-12051,-15053,0,1.08953576491612,13.9204570597191,-2.23628448253861
-12051,-14053,0,3.4329228803271,20.1833819132783,-1.06311629632663
-12051,-13053,0,6.43212207374594,21.255455136771,2.77402418994611
-12051,-12053,0,8.90031677267577,24.2784350704715,-5.34649005290183
-12051,-11053,0,12.0176243097875,27.8537178490471,-2.22964807158722
-12051,-10053,0,18.4839549053806,34.2309464998073,-2.72073446482158
-12051,-9053,0,24.4776747031749,37.7417068526154,2.13198739369258
-12051,-8053,0,37.6404572018431,42.0438473047463,-1.0507388122223
-12051,-7053,0,48.0502944217459,44.7926208311668,8.02197059341283
-12051,-6053,0,60.3536364229329,44.4923644365886,9.90689829087427
-12051,-5053,0,69.4845560252013,40.4336226123593,15.6685557804512
-12051,-4053,0,83.8202428332814,31.6220425808391,20.9785471941036
-12051,-3053,0,93.1791390342757,24.4795030274899,24.3455495588335
-12051,-2053,0,96.2361444420988,11.8390509640114,24.8257801252811
-12051,-1053,0,92.79901834408,-2.1007785543117,27.7081464557826
-12051,-53,0,91.4326725812509,-10.6181185437525,21.9409439968238
-12051,947,0,86.3791109906366,-20.9674813993692,20.8141165735855
-12051,1947,0,76.7271222908596,-26.6273308169623,17.2792237728497
-12051,2947,0,67.7740250386094,-28.9272167059033,8.13372293414499
-12051,3947,0,58.1292473575526,-29.9821346509745,12.1351938698713
-12051,4947,0,50.4586195118637,-33.3782785280243,10.5229250317926
-12051,5947,0,39.3227513650922,-31.1489929595987,7.23110725574864
-12051,6947,0,36.5676385482413,-29.9772884981439,5.56576616881548
-12051,7947,0,26.6672004841734,-27.3830407912304,3.21008753459906
-12051,8947,0,24.4051722595079,-30.2853699253322,-1.98652019261811
-12051,9947,0,19.2022262203713,-24.3080891581661,-3.23717784883016
-12051,10947,0,16.2452423977384,-24.9697015606201,-0.0969961728738281
-12051,11947,0,10.9066103545779,-21.8357532016893,-2.95698231378959
-12051,12947,0,12.6038365916968,-24.1275380199921,-4.22749683276909
-12051,13947,0,8.82960615583532,-22.1065991647739,-2.66177056230591
-12051,14947,0,5.04361192474229,-14.0814204504139,-2.0701873961868
-12051,15947,0,2.16463708045221,-14.4006627027939,-4.06541819282776
-12051,16947,0,1.46498781532938,-13.3618697832968,-0.752084799411683
-12051,17947,0,4.54119911000752,-13.0891948694101,-1.76240536771148
-12051,18947,0,1.91506904953443,-9.09372745314427,-3.43063384681581
-12051,19947,0,1.0522751692488,-9.55642298668308,-0.0660816540441292
-11051,-20053,0,-4.40710640192487,7.36068779956674,-1.93057990391522
-11051,-19053,0,0.108213403105696,8.65062153134137,-2.70278993488745
-11051,-18053,0,0.790422703641155,10.5423887581838,-3.4471294004816
-11051,-17053,0,2.48080271639736,11.3176610372133,-7.08363234280012
-11051,-16053,0,1.63173789185707,14.074047386782,-2.57099911660079
-11051,-15053,0,-0.0328122353078714,18.2223567266951,-5.74839821015136
-11051,-14053,0,0.734161394122797,20.6055015712947,-0.630924221268686
-11051,-13053,0,3.44443574078415,23.3832529432238,-2.02725040040971
-11051,-12053,0,6.71487423326053,30.7623463896143,-3.20955277245037
-11051,-11053,0,8.88090415496453,33.4783481874302,-4.82004956467937
-11051,-10053,0,17.4302121266429,38.3183023500799,-3.44588642427513
-11051,-9053,0,26.332660640199,50.586886773362,1.0218323221376
-11051,-8053,0,42.3892254909274,54.9286083622698,6.78134153995376
-11051,-7053,0,55.6790230222602,58.8906505942835,12.7342032229603
-11051,-6053,0,74.2686852974892,58.0181262055384,21.3985382253616
-11051,-5053,0,91.8089947788015,51.2908405585305,25.8493085315687
-11051,-4053,0,103.866829356421,44.1939739935343,38.851114119966
-11051,-3053,0,119.226572489151,27.7264017644037,37.710199095239
-11051,-2053,0,120.535339340949,13.73895782935,44.1545011116791
-11051,-1053,0,122.39904005059,-2.2426275638684,43.7002493174678
-11051,-53,0,115.08579860007,-19.2891749073472,39.8982124633246
-11051,947,0,107.979100428464,-26.9745756950281,36.873290632454
-11051,1947,0,90.8617550658741,-35.2905629786332,28.4111128263453
-11051,2947,0,78.4536755612399,-38.2428251684196,24.3561025023707
-11051,3947,0,70.8999170684782,-43.3163150794441,17.1725035696793
-11051,4947,0,51.302123583802,-41.7582629033761,12.8282440910959
-11051,5947,0,50.3925859700615,-40.0432541394417,10.8031995575589
-11051,6947,0,42.7199965394704,-40.1342930965053,7.370029455735
-11051,7947,0,33.9927408220103,-32.7924412085188,5.51826909111682
-11051,8947,0,28.9513711236798,-35.6521836388083,-0.00146998426123848
-11051,9947,0,22.5463033618769,-31.0580076342045,-0.00874928976634778
-11051,10947,0,17.4906937980356,-29.2354818831088,-3.94821365874554
-11051,11947,0,10.7948340108407,-24.2064301345721,-6.7441915228076
-11051,12947,0,10.4065752085533,-24.2620934509919,-2.90724496582067
-11051,13947,0,10.9322235145349,-19.9679265848943,-6.59353738085691
-11051,14947,0,8.45150805278095,-18.2466672706823,-5.94803495578746
-11051,15947,0,3.65590204392675,-13.1190564662604,-0.404480629671408
-11051,16947,0,1.22772307536226,-14.2965739411006,-5.40377745680746
-11051,17947,0,1.65161227153242,-10.3659678779302,-1.49827475600256
-11051,18947,0,2.07636087295527,-8.38746992742712,-5.06168885939347
-11051,19947,0,2.02183289734033,-9.95135688325767,-1.36298466834575
-10051,-20053,0,-1.6397791255547,9.31108935673375,-3.80243311857425
-10051,-19053,0,-4.84722292743922,8.21024024105391,-4.6625617510041
-10051,-18053,0,-1.36659273755601,13.0452235060331,-4.07631534767185
-10051,-17053,0,-0.882260260848877,13.1307700945596,-5.40032485401772
-10051,-16053,0,4.0600898468029,14.6646636281423,-4.18946948344131
-10051,-15053,0,1.19067687143817,18.0918078829353,-7.37578028656674
-10051,-14053,0,0.842143602725665,19.4355923204884,-3.22912067838745
-10051,-13053,0,3.63266107867559,30.778031378669,-5.80955513663236
-10051,-12053,0,4.02778820177882,29.761902696863,-3.36701163507026
-10051,-11053,0,14.1246789459769,39.7641797678028,-4.16649547478901
-10051,-10053,0,14.4764186448253,48.1936693670708,0.0891536949605891
-10051,-9053,0,25.6298046782846,62.240331806083,3.69628110516004
-10051,-8053,0,39.4946752292546,69.4688731838392,13.1168125718554
-10051,-7053,0,62.9631586580904,79.4050945420814,20.2329117512972
-10051,-6053,0,88.8134946569683,81.6693345211201,40.946804911581
-10051,-5053,0,115.270192194936,75.47943555038,54.9252238463684
-10051,-4053,0,135.980923077691,56.7954409941673,61.0677550876904
-10051,-3053,0,150.536377802071,37.4260717312965,72.2926804496845
-10051,-2053,0,155.860068993603,14.8646908280631,76.0299085126554
-10051,-1053,0,157.40742937733,-6.2141112386762,79.0010085664717
-10051,-53,0,146.658361741731,-29.115514174412,68.0836948380786
-10051,947,0,133.082126438759,-43.9901620356107,58.9557647826901
-10051,1947,0,115.221507788837,-53.9697463447772,44.185829662911
-10051,2947,0,92.3265851435434,-53.4970409110799,36.0357715757639
-10051,3947,0,77.7072776444406,-52.6803833756175,28.7251456994967
-10051,4947,0,61.980601721659,-51.5262638361178,28.7926964351403
-10051,5947,0,55.9140579102846,-51.0228205737628,16.3564242484839
-10051,6947,0,46.6983330165501,-48.5718599390499,13.3276522138688
-10051,7947,0,34.7006482284496,-47.3781192102939,7.84779587102893
-10051,8947,0,28.3066662511848,-40.9993841036467,-0.295737282103537
-10051,9947,0,25.3516125148526,-35.1203894014074,-1.29010810226866
-10051,10947,0,18.5303627184894,-32.4101967880396,0.583073458705276
-10051,11947,0,11.3067721523376,-26.6204067651693,1.54000261322863
-10051,12947,0,9.62994896685785,-25.808495940108,2.53057224491697
-10051,13947,0,5.38316107006055,-21.1450705118446,-5.02879006786471
-10051,14947,0,3.23740128476833,-19.085717245506,-4.45032545925955
-10051,15947,0,5.87231812893421,-16.5012645718632,-5.40192562921178
-10051,16947,0,2.71059159043289,-14.9298558464346,2.25561797145875
-10051,17947,0,3.15072480825246,-12.7154753340513,0.471584061186684
-10051,18947,0,-1.75169149902806,-11.0178029405213,-0.443245046184066
-10051,19947,0,2.34752334921082,-8.18377138295429,-3.84795972771313
-9051,-20053,0,-2.34216091254917,10.3348316711916,-3.8888033255001
-9051,-19053,0,-2.80846980987936,8.64329393264708,-4.61952299914003
-9051,-18053,0,-1.59346593010231,10.6942045403905,-5.90522103360695
-9051,-17053,0,-4.42382797321877,13.6756920467642,-4.90667639147524
-9051,-16053,0,0.38613814618298,15.090825791622,-8.15440869586064
-9051,-15053,0,-0.395533499219123,20.398063711959,-9.59727778924168
-9051,-14053,0,-2.82460712090201,24.3505651866552,-3.81321259137055
-9051,-13053,0,-0.0769502878417361,30.7579269516249,-3.93583764133219
-9051,-12053,0,1.42495926828976,33.2327116745433,-5.47206644750098
-9051,-11053,0,1.79911281518985,45.1646902749622,-3.59317595911546
-9051,-10053,0,12.0109205443644,56.6187279464152,-1.88639585375556
-9051,-9053,0,22.0975267348854,71.2137213655677,8.09748956211464
-9051,-8053,0,34.9333752175631,90.1691594774246,20.1784716657
-9051,-7053,0,63.3073385347523,108.602781039757,39.5082319176442
-9051,-6053,0,101.94006717755,114.956576513581,70.59850344401
-9051,-5053,0,144.826185769064,104.710449780952,95.5271360572647
-9051,-4053,0,169.656006404029,81.2523557016396,119.94662244131
-9051,-3053,0,188.96519922833,52.0165941714728,135.096783395538
-9051,-2053,0,199.528839377008,19.0114036299106,139.24396119248
-9051,-1053,0,194.308243544699,-11.2409336167179,139.255768821112
-9051,-53,0,180.383797315459,-44.5308621435433,122.784309960695
-9051,947,0,158.100116837653,-67.6973956188364,98.8078233494591
-9051,1947,0,128.943929068362,-77.5728511562809,75.5289766650327
-9051,2947,0,104.553277175982,-72.7280037769953,61.1913027715434
-9051,3947,0,88.1994856121073,-69.1245157853183,41.7037452906075
-9051,4947,0,74.4484459995607,-64.8290231689812,33.0236090907916
-9051,5947,0,58.7961754347248,-60.2642269742409,24.153205051716
-9051,6947,0,48.7780703043751,-57.2756209153983,15.9637093300054
-9051,7947,0,36.4814832122114,-52.2923554052544,11.6165315918634
-9051,8947,0,28.3772237970703,-50.2052604825615,9.27065297518475
-9051,9947,0,23.6926615331947,-42.954600328402,3.51077549964792
-9051,10947,0,18.6535443327872,-39.457953454191,3.36405540664531
-9051,11947,0,12.9579205438187,-29.1673445952354,-3.39909749195169
-9051,12947,0,9.06008530862584,-27.684120967072,-6.24960263374667
-9051,13947,0,4.33724115954563,-23.0744501514271,0.3727454661396
-9051,14947,0,2.08288758819012,-21.2213062139574,-4.37289954333408
-9051,15947,0,4.27125549438115,-20.6934652721471,-2.85551121010318
-9051,16947,0,1.66648231326185,-14.5287916673992,-2.23507172449307
-9051,17947,0,1.43929565141145,-13.5131613019931,-4.07085710281823
-9051,18947,0,0.69122102387104,-10.954347521522,-2.31601847375084
-9051,19947,0,0.953297787851706,-11.0960427868708,-5.29785952608239
-8051,-20053,0,-0.00304789345087958,9.78912540801509,-6.85290876692903
-8051,-19053,0,-5.5522309863543,9.80971110574547,-8.21319136388022
-8051,-18053,0,-1.36675602354164,10.0104834340077,-3.04681749859384
-8051,-17053,0,0.759062700929333,10.5847351240041,-7.460565884602
-8051,-16053,0,-3.56071925438248,15.2425095572079,-4.82986082597303
-8051,-15053,0,-2.32267195959446,19.8966594890535,-2.43812838682416
-8051,-14053,0,-3.13490641824352,24.7527277020925,-6.40456496066347
-8051,-13053,0,-0.826354838868796,28.4451561117874,-6.57144934349317
-8051,-12053,0,-5.33015798670492,34.6346704144217,-6.48579281107953
-8051,-11053,0,1.45991968420992,47.8511821990628,-6.40622931067724
-8051,-10053,0,2.17556514842721,62.3853766973872,-1.64785973451895
-8051,-9053,0,13.1751915381091,82.4807898324189,7.27773971094802
-8051,-8053,0,24.7534306569952,110.646163534894,28.2664201811838
-8051,-7053,0,52.8164246063922,142.500880956711,63.2121985741742
-8051,-6053,0,101.299700169344,162.895267053486,120.619512393348
-8051,-5053,0,153.706851999023,147.312382595326,183.639061644026
-8051,-4053,0,186.087865498569,106.837583945238,223.048415172228
-8051,-3053,0,203.4035925511,66.3262671607144,247.060562016103
-8051,-2053,0,219.735850092362,24.1344077037865,258.545714472528
-8051,-1053,0,217.575357535727,-20.7179085702246,246.444181033199
-8051,-53,0,205.00641502883,-69.2801796412891,226.607601873931
-8051,947,0,168.30775096437,-101.787126969678,172.644070478428
-8051,1947,0,133.935855659572,-106.642414386935,120.079169967336
-8051,2947,0,105.611897027015,-93.2130640918951,85.3002713208398
-8051,3947,0,90.2175407554711,-83.0972865329585,63.7721871278245
-8051,4947,0,80.3061085196601,-77.3346283505362,45.5236156237277
-8051,5947,0,67.3766707690588,-73.756537696601,38.0700090722137
-8051,6947,0,54.9022306474688,-67.7101958494457,25.9685841514416
-8051,7947,0,39.4899980734895,-64.7438488851565,15.959955815568
-8051,8947,0,30.0957967866999,-56.2924653237036,12.4209563879036
-8051,9947,0,21.7203239550562,-50.3537495848091,5.68599489269205
-8051,10947,0,13.6655427670463,-43.0850547811629,2.71239795945358
-8051,11947,0,10.3072519412505,-36.6822827067455,-2.51392550761468
-8051,12947,0,7.57974136083225,-31.6072475464677,-2.36538275540087
-8051,13947,0,3.24056547696047,-28.5815487445713,-1.65804007105483
-8051,14947,0,4.3367303053564,-22.5436371853144,-4.32078181440546
-8051,15947,0,-0.559116037189076,-17.6260783870557,-6.20615624226983
-8051,16947,0,1.8945808340038,-15.0488020298053,-2.78951001968939
-8051,17947,0,-3.99872158201007,-14.2811348757034,-3.74098452311648
-8051,18947,0,0.00687916058300475,-11.7589751890037,-1.73994289581191
-8051,19947,0,1.67500542029865,-11.2752395893784,-4.06789852943518
-7051,-20053,0,-4.17126272266241,6.21125495612912,-5.70797318809266
-7051,-19053,0,-0.512415639266571,6.29990742333054,-5.41371344010203
-7051,-18053,0,-3.68521749488011,13.1295520924613,-6.56932713607514
-7051,-17053,0,-2.04778263560568,11.4033279858637,-5.7213225764329
-7051,-16053,0,-2.80362930292636,15.8833008158911,-6.51328340182563
-7051,-15053,0,-5.00975659724932,19.1645164973745,-7.28781201041946
-7051,-14053,0,-4.87926087740061,21.0700726722736,-11.4843092756095
-7051,-13053,0,-5.81595960799357,30.5820624475392,-8.14196859371122
-7051,-12053,0,-6.18101591833782,35.7812499066408,-9.88704004203414
-7051,-11053,0,-6.48266679454551,46.5264539500454,-10.1674124586146
-7051,-10053,0,-6.17104325414835,66.222455649528,-1.80351310938859
-7051,-9053,0,-2.82994136768403,88.5775946266873,5.1150840125527
-7051,-8053,0,3.77019226888253,128.233215900439,26.3583976320846
-7051,-7053,0,16.7223442417219,177.569459138439,76.1232932310731
-7051,-6053,0,49.7214162552475,211.831373142993,180.823391634659
-7051,-5053,0,90.0561950482379,186.844628433786,292.211440450491
-7051,-4053,0,110.443281292887,129.71246739043,355.951284599366
-7051,-3053,0,125.117954374694,80.2609082905492,383.338742020901
-7051,-2053,0,137.632566453065,32.0190741748597,398.317751056173
-7051,-1053,0,148.281409055981,-22.6228179326837,390.834202604762
-7051,-53,0,147.666247272804,-85.56865238691,354.966020705113
-7051,947,0,130.018459530379,-137.066351576868,262.695660829818
-7051,1947,0,110.277411978622,-134.139194203337,166.253567557582
-7051,2947,0,99.4952754968237,-108.578964776348,111.987674889609
-7051,3947,0,93.9323898094276,-95.743841798857,85.1068442834956
-7051,4947,0,84.8427298771442,-88.4651723095812,69.6468988783641
-7051,5947,0,71.7040075829561,-87.2340683471555,48.2642406557532
-7051,6947,0,55.830765999206,-82.1746113827482,34.1212232787949
-7051,7947,0,40.4016646011674,-76.9977273810297,22.6734894663285
-7051,8947,0,29.4792208024985,-67.7021092695798,12.0839095288248
-7051,9947,0,22.4179940093715,-58.4479612841041,5.04056575881754
-7051,10947,0,13.5892537581432,-46.410011431689,6.07595843606808
-7051,11947,0,10.1244040795776,-39.7511969279632,-0.568903929961116
-7051,12947,0,7.26526227753235,-33.3700436359919,-2.89213417758683
-7051,13947,0,1.6134235441323,-28.9626923587351,-5.25556330287827
-7051,14947,0,1.33226800420531,-22.5280514823683,-2.58254304121347
-7051,15947,0,0.992284111166783,-21.5340711887953,-2.93106684293765
-7051,16947,0,2.55675582018109,-16.2546099995831,-0.802901061206582
-7051,17947,0,0.715399598787078,-14.085428454214,-3.08862267652259
-7051,18947,0,-0.796951795783897,-12.5810823207538,-0.790308191979252
-7051,19947,0,-3.6987777694257,-10.2605397195559,-1.06644081427125
-6051,-20053,0,-2.26670358852032,8.18339556479406,-8.69190200216148
-6051,-19053,0,-5.24266908942864,6.82020977284612,-1.00541032628501
-6051,-18053,0,-1.83707819161856,11.2366909990886,-3.97279612023916
-6051,-17053,0,-1.34868674709842,12.8683140289992,-5.16446567895316
-6051,-16053,0,-5.57328172427739,15.3674608607313,-11.6088476842078
-6051,-15053,0,-4.79064997614678,16.903428633469,-6.34273524610906
-6051,-14053,0,-6.36343901161931,23.2287783441475,-6.9146441262724
-6051,-13053,0,-7.07073525735464,29.0320255142129,-8.18440194662833
-6051,-12053,0,-9.18022083488045,36.4524235886888,-9.42267579926486
-6051,-11053,0,-9.12791497342639,48.8167808802385,-4.66831500997208
-6051,-10053,0,-10.4841914463015,62.8515566199655,-7.88074748119265
-6051,-9053,0,-13.2648905697101,91.7419934301955,-0.187146697372289
-6051,-8053,0,-28.3612681510558,127.331424971318,17.0008539920335
-6051,-7053,0,-34.4764394894949,186.132717716257,71.3792310729447
-6051,-6053,0,-45.8388067970746,225.471506263573,182.075136454058
-6051,-5053,0,-57.4479877907335,198.092458543927,311.548209971056
-6051,-4053,0,-63.7838361217603,139.143349388902,382.772357503642
-6051,-3053,0,-58.0047704823634,89.7889459098162,413.504321930339
-6051,-2053,0,-45.2651883305264,45.7422382699522,426.337602692511
-6051,-1053,0,-28.4178847342843,-9.38380778533187,428.606101611957
-6051,-53,0,0.825688395551271,-77.4476379177989,398.195646707185
-6051,947,0,26.8213337379072,-132.408013706092,297.227375662929
-6051,1947,0,58.5337376280941,-131.141840764335,194.604939943049
-6051,2947,0,81.2424218936104,-102.519721539443,143.845880598569
-6051,3947,0,88.8887867245529,-94.9169255186733,121.423387899101
-6051,4947,0,89.220635810852,-95.3481509524311,102.609209103649
-6051,5947,0,70.9710119068209,-103.120069826084,73.5931221280888
-6051,6947,0,57.984506244634,-101.673128220157,50.5760010125707
-6051,7947,0,38.9300165396106,-90.3401235828656,34.3148193481615
-6051,8947,0,26.6796293213237,-75.9068939521623,19.2894536998067
-6051,9947,0,15.8214824379096,-66.1266643309679,6.8842727475057
-6051,10947,0,6.98125005138172,-55.6861762679359,5.7627219530567
-6051,11947,0,8.98622768057539,-44.1665628821294,2.37629243588551
-6051,12947,0,1.53661389842555,-35.4313929596326,-3.53213191151451
-6051,13947,0,0.689455044325357,-29.1091967660586,-1.38279805717181
-6051,14947,0,2.95967277687178,-22.6526438107727,-5.12486312544953
-6051,15947,0,-2.7787745563985,-24.8012694622355,-3.82384366430831
-6051,16947,0,-1.01633569789368,-19.6007784765804,-4.76650117455944
-6051,17947,0,-0.568698421943436,-13.9247189067547,-8.06870094208182
-6051,18947,0,-1.37378056633481,-10.9625651400804,-2.21483055107672
-6051,19947,0,-2.390779126045,-11.3395332254033,-4.15468400739152
-5051,-20053,0,-2.32854122489171,5.79999811610855,-2.9541640733573
-5051,-19053,0,-9.00579117413787,10.5333627451352,-6.4010975054722
-5051,-18053,0,-2.93990375646949,8.7819120572674,-10.4124005072038
-5051,-17053,0,-4.59554470749028,11.7250253345048,-9.52471609213369
-5051,-16053,0,-8.6064297771114,15.1062536535587,-8.02809255271549
-5051,-15053,0,-8.11129608894951,18.8507366705398,-7.66075697070822
-5051,-14053,0,-9.36425427759449,24.2745097059675,-10.118608270447
-5051,-13053,0,-10.8719806440683,26.9009355851313,-8.75226491811227
-5051,-12053,0,-9.87960140043851,35.5297108436534,-10.2989862395455
-5051,-11053,0,-14.3773878909889,44.7768389594446,-11.5817971720819
-5051,-10053,0,-19.8842167431794,58.3980706468678,-12.2619376537825
-5051,-9053,0,-28.4938533426101,78.8713752112399,-6.81205353139941
-5051,-8053,0,-42.1125043381901,108.896184635967,0.515226874860511
-5051,-7053,0,-74.5325937058981,154.668573182739,33.4946029632587
-5051,-6053,0,-123.209784580558,192.510691873728,114.774490285455
-5051,-5053,0,-172.673611719648,173.712394901709,210.275122809985
-5051,-4053,0,-194.972378031304,130.558697275257,260.591048983535
-5051,-3053,0,-201.847277465903,95.4488841427883,290.468652836769
-5051,-2053,0,-192.740289997695,61.3120333146963,303.274336611663
-5051,-1053,0,-167.95872913191,23.2861330290704,315.700867691266
-5051,-53,0,-123.879389896597,-31.4442308950492,312.269562854601
-5051,947,0,-56.9121530493393,-81.5166826709608,257.219400351152
-5051,1947,0,14.6639024922368,-84.4615163852443,196.439234339247
-5051,2947,0,61.5002371777915,-80.2697382126386,168.537477111239
-5051,3947,0,80.146958104149,-91.4893275201559,161.671779524791
-5051,4947,0,82.4251829490891,-106.118968549683,136.783923457485
-5051,5947,0,67.8528468199299,-115.47684812795,106.643047162781
-5051,6947,0,51.1446780197003,-120.513585627395,72.7561705794517
-5051,7947,0,35.4449386296866,-107.983930399065,44.9381508894088
-5051,8947,0,18.2619755305381,-88.9283388167123,24.2422823446652
-5051,9947,0,9.75142622962926,-75.7142193280186,13.8618349295377
-5051,10947,0,5.6202496821081,-57.9242199453011,-1.13730186779116
-5051,11947,0,-0.0760854965434363,-47.5741823342621,-2.61925833565992
-5051,12947,0,-1.8876489125362,-36.5674341306267,-6.36975735173177
-5051,13947,0,-2.24413357318813,-31.8607623402708,-6.65060031680038
-5051,14947,0,-0.528888362933564,-24.5343916197428,-6.1894861723277
-5051,15947,0,-3.76387990485289,-21.2333397618374,-6.93775274321538
-5051,16947,0,-2.16693039247551,-16.9875808544491,-5.00176436607205
-5051,17947,0,-2.70946381796946,-14.772882077602,-4.20792486006542
-5051,18947,0,-0.44398951823103,-13.623819926975,-5.08705673860045
-5051,19947,0,-3.88212135917899,-10.1966922132152,-2.19453760101212
-4051,-20053,0,-4.32763507144174,7.05014226236598,-7.97412136860903
-4051,-19053,0,-4.09362629120318,10.2580806615057,-8.0245690545641
-4051,-18053,0,-6.12336180135508,10.1522955650104,-6.79307841084546
-4051,-17053,0,-8.75635871523297,12.6569601995854,-17.8155039788896
-4051,-16053,0,-8.03172820805073,12.8094378866971,-4.17701407524071
-4051,-15053,0,-11.2982624142187,18.1269311009488,-7.5245410626302
-4051,-14053,0,-7.88497644785859,21.2329683648703,-16.0422650391489
-4051,-13053,0,-12.2034442222232,27.618600377537,-8.5319033258944
-4051,-12053,0,-14.1890280543427,35.2473397650626,-11.6354377995235
-4051,-11053,0,-15.1504928700321,39.0586365157908,-14.1324801568472
-4051,-10053,0,-22.0748299196208,53.1945737008627,-14.2384541210958
-4051,-9053,0,-29.8420511200645,64.769396881259,-18.1175536086435
-4051,-8053,0,-49.9339324707347,84.8380513561261,-18.9437310029772
-4051,-7053,0,-76.1838242091307,113.219875028599,-7.03978369518991
-4051,-6053,0,-126.557804922736,134.098668747256,21.8420728245883
-4051,-5053,0,-178.669087303122,132.240484682753,58.541661539713
-4051,-4053,0,-210.130597595886,111.248022229021,82.5826078304968
-4051,-3053,0,-215.756535098682,94.9868904936929,104.189811364175
-4051,-2053,0,-208.222283142212,79.4159917317041,122.745189997181
-4051,-1053,0,-185.650439633924,58.464971954272,142.442178950638
-4051,-53,0,-140.664142250848,30.6546591730581,167.17019498641
-4051,947,0,-71.8434285763679,-2.00347712379261,180.322838748296
-4051,1947,0,-4.67573919305249,-21.3545113037774,188.240897743771
-4051,2947,0,39.6000902163844,-45.5433172371314,200.388007328016
-4051,3947,0,55.498635459622,-81.6757677908883,202.110279129346
-4051,4947,0,59.7465985320699,-112.939816725443,181.195203618204
-4051,5947,0,50.3399724126831,-133.549000975135,137.50585786194
-4051,6947,0,33.7373788583683,-135.259348879944,91.7108307505647
-4051,7947,0,20.9221972148336,-118.667363826944,48.887394466855
-4051,8947,0,6.53553983989872,-99.6427392777674,25.0437292389762
-4051,9947,0,4.218494390594,-81.9581217473555,14.0816612588214
-4051,10947,0,-1.06054259778737,-66.1578929278798,0.715045651140307
-4051,11947,0,-4.98020910958949,-49.8745498517566,-2.71650339215672
-4051,12947,0,-6.20765153089114,-38.6486065891596,-5.78236327817765
-4051,13947,0,-5.10068366256329,-27.6431856508755,-6.90921067843604
-4051,14947,0,-3.56534361534586,-28.8112848549755,-4.42026957175581
-4051,15947,0,-5.89967340490463,-18.0167011612325,-7.54173173856507
-4051,16947,0,-6.82561009063227,-18.5375587721065,-5.33826586378513
-4051,17947,0,-4.17888912975925,-15.9492042987201,-8.25540177596216
-4051,18947,0,-3.4989835706579,-9.05155606143452,-2.08933477555704
-4051,19947,0,-4.22286081594785,-10.8508209024454,-6.37033307313408
-3051,-20053,0,-5.28354915395208,6.75764428110204,-5.06911684934389
-3051,-19053,0,-6.44307623866568,5.48465784981643,-5.50473165405559
-3051,-18053,0,-5.34800278045017,9.32788266445082,-9.77102503030019
-3051,-17053,0,-8.23121256342106,14.0369116202339,-5.6113838715025
-3051,-16053,0,-5.48777469007608,12.0540908359234,-7.51711301663044
-3051,-15053,0,-9.30300006939704,17.34867495251,-11.0260451126845
-3051,-14053,0,-10.4539952922705,17.8958337847662,-12.8893955305289
-3051,-13053,0,-11.6047815765773,25.2737956559517,-6.97821408192724
-3051,-12053,0,-10.2826640027644,28.9605459902484,-12.4110088732868
-3051,-11053,0,-13.6008849656609,35.5271944006618,-18.3289813675718
-3051,-10053,0,-19.9929046975821,44.8965677605283,-21.169146442459
-3051,-9053,0,-25.2150675462989,53.5173397556814,-20.2197143513949
-3051,-8053,0,-35.6304399145367,70.7451542525076,-24.224750968867
-3051,-7053,0,-52.5463181759018,81.0827270028471,-25.9678386042183
-3051,-6053,0,-75.4318980986523,93.3205218694207,-31.2743271509497
-3051,-5053,0,-99.5645390935588,99.8576676234817,-27.1316013395261
-3051,-4053,0,-108.042804250573,101.262732887774,-20.2261566023907
-3051,-3053,0,-111.241810898982,102.661168687018,-7.03576879576694
-3051,-2053,0,-94.6092562586826,100.391680972893,19.2236872993682
-3051,-1053,0,-75.8016907131871,85.2490845507582,53.6314003191084
-3051,-53,0,-51.4191553184884,71.12136034142,88.2865555769554
-3051,947,0,-25.4157828099514,48.313970406807,138.445008088836
-3051,1947,0,-1.94775182599939,17.4874546681465,189.923237664857
-3051,2947,0,18.1889961868854,-21.3059282871323,223.707818328796
-3051,3947,0,23.6678393206829,-71.9328200551415,232.347530729445
-3051,4947,0,27.8277584396667,-117.481708167714,207.126860460825
-3051,5947,0,20.2091157308997,-144.9394335741,154.336384196681
-3051,6947,0,12.1486227432601,-147.932892017539,103.029839911487
-3051,7947,0,1.947948264946,-129.26130512719,57.182399691456
-3051,8947,0,-5.10742069706643,-105.12470791525,29.5641690925601
-3051,9947,0,-7.58027990416103,-84.0528296164857,7.63509240595086
-3051,10947,0,-4.49227976778622,-65.2033752188852,0.705546552125288
-3051,11947,0,-7.08084577366583,-52.640984708165,0.555039047773262
-3051,12947,0,-9.20861570524177,-37.1551111781624,-7.22824976824881
-3051,13947,0,-8.45920131539668,-30.8657915634796,-10.3245814513233
-3051,14947,0,-8.63690174621848,-29.2425366258375,-4.76323567173769
-3051,15947,0,-3.31452129602263,-21.168540431369,-4.08435721017491
-3051,16947,0,-5.84954317702146,-16.6396945207322,-7.83357722143734
-3051,17947,0,-7.30491421432375,-16.1019017120253,-2.66014291696319
-3051,18947,0,-4.79261886115533,-15.0768826513943,-4.61919400486794
-3051,19947,0,-6.80976162113448,-10.1279047539701,-4.94802919260761
-2051,-20053,0,-3.57532770154641,5.38417943481752,-3.7636990571428
-2051,-19053,0,-9.56238412369253,6.58545855600952,-7.67555069322189
-2051,-18053,0,-5.46420641463637,7.52685563109347,-8.646664031558
-2051,-17053,0,-8.91977414774504,7.99649054917132,-9.46391158078192
-2051,-16053,0,-7.69887493388167,13.2417443682004,-9.88514706737705
-2051,-15053,0,-6.96197139704269,15.0571121699954,-10.9074078951935
-2051,-14053,0,-11.0307567169283,17.145877285519,-11.1665159336547
-2051,-13053,0,-12.021109429846,21.8106676898353,-12.016789231237
-2051,-12053,0,-13.0390405583778,28.7195118197003,-15.6747922593216
-2051,-11053,0,-18.0881694214365,34.0700089419373,-15.9481978551511
-2051,-10053,0,-17.9525786633215,39.7475713296032,-23.8599889685411
-2051,-9053,0,-21.0738214104762,48.9582241348672,-24.6072620691079
-2051,-8053,0,-20.6554775120322,62.6536792578763,-22.6911035882816
-2051,-7053,0,-26.1976581694415,72.2777028848274,-32.915791887954
-2051,-6053,0,-26.0379368669403,81.5729564528209,-34.7521100406739
-2051,-5053,0,-30.2947253544572,91.3653193477217,-30.2781598607016
-2051,-4053,0,-33.4576156182317,101.836778997883,-25.0279371106005
-2051,-3053,0,-24.6132297307349,111.752539206045,-3.91948536179552
-2051,-2053,0,-2.89385271225784,118.368312023243,29.7624126160204
-2051,-1053,0,19.1215301909296,101.463178283737,72.1748055481284
-2051,-53,0,24.0912444064833,80.7976334950396,113.597565078964
-2051,947,0,14.9343115187168,54.1429008281549,158.207415034289
-2051,1947,0,4.68620677993377,25.1109785416935,197.637647204415
-2051,2947,0,1.20515502299579,-17.8852608062165,231.448367907919
-2051,3947,0,-4.80754384441134,-71.463713484185,241.9499821352
-2051,4947,0,-7.44113523156123,-120.716837754193,215.978904446502
-2051,5947,0,-16.9126061026039,-150.696942656097,158.009850542588
-2051,6947,0,-17.6699537853525,-152.178532029681,101.017858156722
-2051,7947,0,-18.3001459754411,-135.4844493272,54.5814199437302
-2051,8947,0,-15.0261302992058,-107.95121176628,28.1153063416077
-2051,9947,0,-16.6178307883361,-84.6161532982495,12.3552406421167
-2051,10947,0,-17.1623780085361,-62.0045122220536,0.908671638229592
-2051,11947,0,-13.7291011998052,-50.4103322558843,-5.98030233832478
-2051,12947,0,-14.7290890429719,-39.3985883701472,-11.9345926516926
-2051,13947,0,-12.4077398108086,-30.4126107099047,-11.5671350942722
-2051,14947,0,-9.45161510471929,-23.4776375646882,-8.0414684712589
-2051,15947,0,-8.18441589702901,-18.1436579299885,-7.6111492101168
-2051,16947,0,-8.80296879226021,-17.4612612079804,-10.0237023468059
-2051,17947,0,-5.69701960700593,-16.6246430782258,-5.64407781611174
-2051,18947,0,-6.77583239249518,-9.58756734533149,-8.09438588120183
-2051,19947,0,-5.04545554767086,-8.8503192695004,-5.30291580252849
-1051,-20053,0,-5.87377053759831,5.64294921755005,-7.62519399361647
-1051,-19053,0,-3.96988483304071,6.05360133667824,-7.89168347838823
-1051,-18053,0,-4.71517955334062,5.60939676151843,-8.54530328696856
-1051,-17053,0,-10.2001804148798,10.0306051993212,-10.7654396921311
-1051,-16053,0,-7.8463923944375,11.9124875259513,-10.4296526564313
-1051,-15053,0,-8.10150360713531,12.9147983175106,-14.2809796596072
-1051,-14053,0,-10.828491968202,16.1413813353626,-13.4276248538823
-1051,-13053,0,-14.894521581779,23.1778765761623,-18.2053684504256
-1051,-12053,0,-11.2655373693179,24.2954117740954,-16.5485127684017
-1051,-11053,0,-14.3968247588539,34.4211443283688,-18.1479109882432
-1051,-10053,0,-17.9695065773755,39.6488127543628,-22.7980754085247
-1051,-9053,0,-13.9142834994394,51.1343962693987,-22.4327445289224
-1051,-8053,0,-16.0762046597379,62.0574267155915,-26.3790698460497
-1051,-7053,0,-11.253869531886,72.6627495524118,-21.4554375315448
-1051,-6053,0,-3.7974997178001,82.2212154711281,-20.7550673753494
-1051,-5053,0,2.04540428907354,94.931017130001,-13.3781381253227
-1051,-4053,0,7.7716243304851,105.271672265231,-1.7044979732908
-1051,-3053,0,7.93847295816273,123.915449436326,25.8398672043748
-1051,-2053,0,31.2230345301469,144.413804214075,87.5482536386832
-1051,-1053,0,40.6048949809572,115.203856028928,162.182101560826
-1051,-53,0,38.1918572969217,68.56419552347,200.391164375082
-1051,947,0,14.7172196403935,24.7213230785748,209.504613529726
-1051,1947,0,-7.94510288078398,8.20049306765451,214.71953509507
-1051,2947,0,-21.0165456490432,-23.1735763861891,227.885739443074
-1051,3947,0,-28.9645265210813,-75.3514842436357,234.526840140226
-1051,4947,0,-33.3296119643033,-123.836414853763,204.161421656898
-1051,5947,0,-41.5116424576481,-155.525093759481,153.892124351806
-1051,6947,0,-35.5849189508583,-154.703046038393,97.7492546421378
-1051,7947,0,-33.7714734270237,-134.538999384191,46.1078204278872
-1051,8947,0,-30.1187744821093,-107.170158740021,21.0164281190902
-1051,9947,0,-29.191215792385,-83.3442085605403,-0.113494994054228
-1051,10947,0,-22.3178151503586,-61.9262791713406,-5.24565075003144
-1051,11947,0,-19.6084697079784,-49.9331416806049,-9.34857262353013
-1051,12947,0,-15.8498254911421,-36.2701837907088,-7.13278762134716
-1051,13947,0,-14.4643615700406,-29.5688975640062,-10.4715660470151
-1051,14947,0,-15.0960216622873,-22.1490104135576,-10.9815548158245
-1051,15947,0,-9.81874268779349,-18.1249887248735,-11.9016650621293
-1051,16947,0,-11.921652623451,-13.5700174260165,-8.47842991843569
-1051,17947,0,-6.66794449502446,-13.2138013843362,-8.66166661013711
-1051,18947,0,-6.30351174050752,-6.7310358449998,-6.37058625544334
-1051,19947,0,-6.99096993165269,-8.87440752682229,-9.32199769401303
-51,-20053,0,-3.10967502843575,2.75203858494704,-3.16808927415905
-51,-19053,0,-6.68393479899883,4.95810118874425,-6.75123800284884
-51,-18053,0,-10.2511026394406,8.49013961334446,-9.30200199773977
-51,-17053,0,-8.23493511704692,8.38998432804398,-11.4900453177224
-51,-16053,0,-10.3446714129651,10.1678522958112,-11.6068858512335
-51,-15053,0,-10.3135589607718,9.55578723139936,-11.8218485819363
-51,-14053,0,-10.5807322599894,13.0016014716521,-16.4670514536429
-51,-13053,0,-9.37922485665193,20.8792151703515,-17.7409893080184
-51,-12053,0,-15.1295206028302,27.7208458976051,-16.5761196637666
-51,-11053,0,-16.2327437842514,31.2205544351572,-21.3923378253471
-51,-10053,0,-13.6182780867521,42.7500106953129,-21.5953056310021
-51,-9053,0,-15.9278879588236,51.7535043572114,-18.2009409178013
-51,-8053,0,-9.22794544842149,66.1495415842339,-15.5767100361361
-51,-7053,0,-1.65365388720124,78.1483711579664,-13.651649171677
-51,-6053,0,6.7497170150409,92.9766580319025,-2.91873049284056
-51,-5053,0,19.0331343263034,99.3452135507936,4.56139520244105
-51,-4053,0,23.1128825997009,109.872407809843,24.9351818621942
-51,-3053,0,21.5256248665976,125.335099199226,47.9798041682097
-51,-2053,0,7.12436625616988,142.106114441586,112.653847032197
-51,-1053,0,-11.936643732818,109.900558828898,189.74460246877
-51,-53,0,-27.3729935595462,60.2729762731696,224.39440900348
-51,947,0,-27.9643748432895,12.2641469557137,219.975325646045
-51,1947,0,-32.2324000063378,-6.08917088193263,207.472253810772
-51,2947,0,-38.0794548237982,-34.0190778107093,220.737055567803
-51,3947,0,-51.9765474607711,-86.1810471693466,219.106193019582
-51,4947,0,-55.9954050650483,-128.686914553415,190.362442479089
-51,5947,0,-59.8270373384508,-154.517942197001,139.453512040317
-51,6947,0,-54.8347097636832,-149.217926981276,79.8356646584984
-51,7947,0,-50.0835931876481,-130.669004952961,41.4894330263967
-51,8947,0,-40.2011105353154,-99.5844064630828,14.6481364344676
-51,9947,0,-32.1247293950525,-75.6218264000514,1.34020940783316
-51,10947,0,-30.8327248142538,-59.054259325087,-6.82677994512004
-51,11947,0,-22.3861734541634,-44.4020891698015,-11.8818309676773
-51,12947,0,-19.9960324494551,-36.3237004758002,-14.5588421010644
-51,13947,0,-18.4650610199102,-27.4725018514436,-14.0940920737073
-51,14947,0,-14.6397171360955,-19.4102247695687,-10.93283306139
-51,15947,0,-13.081627198368,-15.099437740182,-9.01218261277038
-51,16947,0,-9.35111461091365,-12.7906267325245,-5.41051176584787
-51,17947,0,-6.81520582158525,-12.2611037742671,-5.99978223376999
-51,18947,0,-10.0569422647929,-9.76272090416035,-6.24638176320278
-51,19947,0,-6.74598824847791,-9.54172021695538,-8.81550495446206
949,-20053,0,-5.20604479955889,4.4415768905607,-8.02247731854905
949,-19053,0,-4.82836222690301,4.47636785065958,-7.78783310248732
949,-18053,0,-8.00937684262814,6.97014382912788,-12.913089209183
949,-17053,0,-7.14462445174507,6.02892051085343,-10.6970547702344
949,-16053,0,-10.2510897925617,7.39120416018655,-14.7416479395214
949,-15053,0,-12.4892755161668,10.6565914044804,-11.8586169897515
949,-14053,0,-10.7674194237768,11.5721677061599,-15.0028086164051
949,-13053,0,-15.0170904537018,17.9124168833637,-16.5751331144125
949,-12053,0,-16.6767279128022,26.395243407631,-18.5379549724243
949,-11053,0,-17.5278010687428,34.0816858045786,-16.6148965816456
949,-10053,0,-16.7823273421616,42.888931430271,-22.4444904557487
949,-9053,0,-13.7352718401193,55.8032506118968,-18.5633997659954
949,-8053,0,-11.0912019133775,70.5525963959799,-10.6254881302258
949,-7053,0,-2.34404984971287,91.7543398282342,-2.84990685901901
949,-6053,0,14.0251217879713,103.667146095385,15.5801032917767
949,-5053,0,32.2705950277189,116.073259253101,31.6233238814851
949,-4053,0,42.9805766010803,115.371708045804,54.7847554983177
949,-3053,0,47.1759173362825,111.421764178062,74.1586322952032
949,-2053,0,20.5421437788235,110.47746602534,102.688517344499
949,-1053,0,-14.5890942888078,82.2709253060602,132.745562561321
949,-53,0,-36.5136990414788,55.064962157389,158.810531812495
949,947,0,-34.7162994628103,20.0556129739826,181.615563011729
949,1947,0,-31.5634703185704,-12.2136877460835,199.129508153521
949,2947,0,-50.7586623864854,-50.8051522424335,210.318918214904
949,3947,0,-69.5396460816296,-95.0698991462798,205.463630217572
949,4947,0,-79.8151656985054,-132.670417522863,170.11694510377
949,5947,0,-80.9409843002345,-152.497578625845,116.481158990638
949,6947,0,-76.2180636489201,-143.942584521735,64.7812663454592
949,7947,0,-63.9986706279697,-120.344057656559,27.0624089689371
949,8947,0,-51.4373943855445,-95.7732022195938,3.47898461272536
949,9947,0,-41.8781116514016,-71.6256886802462,-8.17157330955837
949,10947,0,-34.7048398291033,-49.8271043544646,-13.3906894607901
949,11947,0,-28.1612092328476,-40.3114812711033,-11.8720580088767
949,12947,0,-20.8237628172192,-31.7736447999692,-8.54214733355626
949,13947,0,-19.4364546429243,-27.4054532862204,-11.2790074244036
949,14947,0,-16.6501809382441,-17.6059022705215,-13.6348398727048
949,15947,0,-14.7328662772337,-12.9132510099496,-10.1873781359837
949,16947,0,-11.5142104073256,-13.3222189378779,-3.1893936639963
949,17947,0,-7.90856472179222,-10.9907329866926,-9.64247038896362
949,18947,0,-9.09453938994813,-8.89889680226221,-4.10551185437225
949,19947,0,-5.93610852534135,-8.71574609072759,-2.17620779132098
1949,-20053,0,-8.29492060939811,1.10084361048504,-12.7966272603066
1949,-19053,0,-7.7588313060282,3.29111082924715,-6.23672004657095
1949,-18053,0,-7.18874723278515,3.48005560586868,-9.80083186665248
1949,-17053,0,-10.6124034952187,5.84174907039127,-8.73421166741657
1949,-16053,0,-10.2245838129469,6.12471545118081,-12.0234000388644
1949,-15053,0,-15.0845390840016,12.046611427991,-13.988865585784
1949,-14053,0,-12.7226475838019,13.5696395993627,-14.2167447692214
1949,-13053,0,-18.4023846564984,17.4011355812243,-15.1216521927132
1949,-12053,0,-15.3507122802229,21.794607921196,-20.618587601883
1949,-11053,0,-21.9074412236721,30.8413561261896,-20.2563642813215
1949,-10053,0,-19.7806741759651,42.5534669841834,-22.1102228649318
1949,-9053,0,-21.615900299655,60.0088845354027,-18.8956208371447
1949,-8053,0,-15.3237813015026,79.0997978855961,-11.9373832546911
1949,-7053,0,-6.94032121271122,106.175667026302,5.27601883248446
1949,-6053,0,13.9519269393608,126.818364204043,31.8689154599046
1949,-5053,0,36.497592918709,135.76909771468,66.1880590106495
1949,-4053,0,60.3560126387239,129.867037584743,103.057921184119
1949,-3053,0,74.4820602899262,107.771880841592,128.868885121956
1949,-2053,0,69.8343051374009,84.6230561213209,146.103732723483
1949,-1053,0,55.0848134033918,61.5218872788822,158.096494083703
1949,-53,0,38.4396788782601,38.1634987363815,168.323406321029
1949,947,0,15.1882219929842,10.9594144065878,196.933087771241
1949,1947,0,-19.2698432253406,-33.7776771404665,213.955235217604
1949,2947,0,-54.4947001819978,-78.6273531255913,211.605956652953
1949,3947,0,-86.4846128620561,-115.80405987223,184.496669474889
1949,4947,0,-104.212109286099,-138.265830219682,144.319174779576
1949,5947,0,-99.6871242476789,-145.320393353144,88.8774473066547
1949,6947,0,-87.9840602448221,-129.56469901278,43.6919170497068
1949,7947,0,-72.4641313860921,-105.998330997784,12.8121354817733
1949,8947,0,-57.9220579434054,-81.2321452167614,-5.70736682554606
1949,9947,0,-48.4614949018236,-61.3034906334727,-10.7738563124835
1949,10947,0,-38.5109731469464,-45.0054258996874,-19.8887305432191
1949,11947,0,-32.46019308112,-31.4665713740252,-15.4663443909937
1949,12947,0,-22.7606174455261,-25.235548998666,-14.9854294515111
1949,13947,0,-20.0574144050447,-17.4037186377267,-14.8394518395156
1949,14947,0,-17.2652786376613,-15.4599744823284,-12.4822886273608
1949,15947,0,-16.0838615122835,-15.1661661522391,-10.016813646755
1949,16947,0,-13.2260062751881,-11.022586001658,-5.45523587246478
1949,17947,0,-10.5281781861965,-9.07120017756385,-8.48941214103289
1949,18947,0,-6.49517811407838,-5.95441549678528,-5.68993856736276
1949,19947,0,-7.37439641225702,-3.52181380723508,-7.76741832903554
2949,-20053,0,-8.26752163812962,1.01471973308275,-9.05970569614363
2949,-19053,0,-10.3277067942848,2.52406028532521,-10.4151089812349
2949,-18053,0,-10.8939136450282,2.91846188083697,-13.4054439372919
2949,-17053,0,-10.2281116842423,3.99258870000027,-11.5406966760277
2949,-16053,0,-9.86539348888393,4.31605470359976,-13.8274091059628
2949,-15053,0,-11.6777371194476,5.16921189060722,-13.2360866025358
2949,-14053,0,-13.1322103841896,9.38375487655133,-14.8963791991767
2949,-13053,0,-17.3760345252437,13.1223791477474,-20.1606835289291
2949,-12053,0,-21.49259783821,20.1871235267214,-23.9915518445092
2949,-11053,0,-25.6656096825685,26.5732372011027,-23.3789262492025
2949,-10053,0,-24.8152120651037,41.9056311601248,-21.9095134270059
2949,-9053,0,-26.0707271822744,58.5226513816756,-19.8604596196468
2949,-8053,0,-28.718025163693,85.5419398027537,-11.2802529519794
2949,-7053,0,-21.6681844923762,115.041104149814,15.0300180500491
2949,-6053,0,-4.77738786796406,148.105934217476,55.1430416559806
2949,-5053,0,25.8252095070015,166.307738150825,115.083064583513
2949,-4053,0,55.3516671614759,150.182012163115,181.880081804126
2949,-3053,0,71.4651720775565,119.690931025065,226.052342344985
2949,-2053,0,73.9020836489283,76.9456161480577,252.678280382615
2949,-1053,0,61.9750802978623,48.0125857243705,260.414411521312
2949,-53,0,43.6545909089086,16.4918201226436,264.567567308532
2949,947,0,14.0605325021038,-23.8960523964808,271.311768410785
2949,1947,0,-26.4257404130437,-73.9933921916663,256.104088981303
2949,2947,0,-70.091367588655,-120.259441852787,215.810684873591
2949,3947,0,-106.885004774319,-144.008579680657,157.461071375377
2949,4947,0,-127.042970627463,-144.251388654012,103.453258447548
2949,5947,0,-116.313472034827,-135.923438364271,55.0257900221786
2949,6947,0,-103.323543664362,-116.380276827874,16.5880057700425
2949,7947,0,-80.4190581290547,-89.053109193295,-6.94516255686156
2949,8947,0,-64.5648490626018,-66.2291968626039,-20.3699346962956
2949,9947,0,-50.3428690744376,-47.0629136843785,-17.8731329338068
2949,10947,0,-39.4749046543705,-37.9790059288618,-22.1397823049336
2949,11947,0,-31.1895930690918,-25.1545637703055,-22.2128037068889
2949,12947,0,-25.5370772954842,-21.6895851579483,-16.0779073466385
2949,13947,0,-17.818977940724,-16.6976250817147,-12.1458915855591
2949,14947,0,-19.9429370142199,-13.206437056019,-12.4578311520935
2949,15947,0,-15.8491503831284,-10.3288231123721,-11.4802990010983
2949,16947,0,-14.4068654576186,-10.2403006417546,-11.2389685721862
2949,17947,0,-9.82423799303632,-6.4481040419129,-6.24525298079639
2949,18947,0,-10.920839731318,-4.71009467213671,-6.39395277124447
2949,19947,0,-6.60450218114501,-4.76613664785154,-8.46438299925432
3949,-20053,0,-6.31507417942082,1.09045621934161,-4.76136456806509
3949,-19053,0,-7.26355399606024,4.14152548089965,-13.9657858950472
3949,-18053,0,-7.80313056486201,4.11038687549439,-4.50751147313184
3949,-17053,0,-11.5000130107192,2.96023265086236,-7.81002327254941
3949,-16053,0,-12.3983712449685,3.17871546417448,-11.6141454641986
3949,-15053,0,-14.1662920655451,7.44785995498545,-12.6318186698646
3949,-14053,0,-14.6562905525901,8.60452842998755,-13.9716483536436
3949,-13053,0,-19.4923326870504,10.1439727270024,-21.0216024006434
3949,-12053,0,-22.4712269983064,15.8032218505007,-21.7683589210764
3949,-11053,0,-23.4695896473683,26.5037345209304,-26.5380107999427
3949,-10053,0,-32.7591196762608,36.429218538593,-25.889310993089
3949,-9053,0,-36.6408879510042,57.2278232901621,-20.9809652180415
3949,-8053,0,-42.0690162294037,81.5128960562941,-14.0445695508031
3949,-7053,0,-48.1644668017534,123.439684320945,10.154925850438
3949,-6053,0,-46.7703779201139,166.664106098947,67.9609044671414
3949,-5053,0,-34.0716623368525,193.13021425325,163.229037039622
3949,-4053,0,-18.8250878886247,174.139856743378,252.866611736724
3949,-3053,0,-14.1581879883224,122.805548735349,322.261878317107
3949,-2053,0,-14.6239703870493,75.2936481614141,349.512284445807
3949,-1053,0,-28.952373852205,31.0256413583655,364.662921516354
3949,-53,0,-44.5979751063463,-9.44187800041352,359.290139904675
3949,947,0,-61.5462021050273,-56.6835073642584,348.6821737632
3949,1947,0,-91.9972545662957,-113.302988149737,303.180031455129
3949,2947,0,-122.091144419442,-162.809687522638,217.807044948772
3949,3947,0,-140.843881132865,-167.425682136558,130.618218583855
3949,4947,0,-139.77673436771,-142.749483092657,53.4313549462897
3949,5947,0,-125.631870168073,-115.728993976843,14.9645723471456
3949,6947,0,-106.066140535091,-89.5695839205712,-14.0452539598291
3949,7947,0,-76.5414565754023,-69.4523018996584,-22.0717325258051
3949,8947,0,-63.7697424092911,-52.181254834306,-26.2723009959571
3949,9947,0,-49.3529907915172,-35.4420814154372,-26.6603399413224
3949,10947,0,-39.0720987097762,-28.5531117764665,-26.5105158671748
3949,11947,0,-33.597682912519,-19.5527396642733,-21.6509532493067
3949,12947,0,-24.8204184877263,-13.553987782994,-17.2880126160652
3949,13947,0,-22.8305689889778,-11.3340684337529,-12.9719187261971
3949,14947,0,-17.2063303008244,-10.0867005016884,-13.2811999779472
3949,15947,0,-15.5067755196987,-5.54608053790786,-11.4122436445116
3949,16947,0,-11.1889478162096,-5.02063458246697,-12.5591377905944
3949,17947,0,-8.96326221179843,-4.00248963338062,-10.5704594962297
3949,18947,0,-10.644723417593,-4.30092772346212,-12.3859695696656
3949,19947,0,-8.33417520114359,-4.40852680227406,-8.73173684385319
4949,-20053,0,-6.3083510509359,-0.609379921730133,-9.92954855798514
4949,-19053,0,-9.56337886924113,0.60745088790193,-8.28688517769815
4949,-18053,0,-6.65361840365398,1.96198918936189,-9.34427604646737
4949,-17053,0,-8.26774174103406,0.535614968755667,-6.00724077335989
4949,-16053,0,-13.1952794176511,2.38315996649955,-16.4585254270498
4949,-15053,0,-13.3167565656507,3.02107731920779,-13.0495390824276
4949,-14053,0,-15.8983134542813,6.3385230905728,-15.4369960967955
4949,-13053,0,-17.7121960538831,9.66390805018475,-19.3672630203645
4949,-12053,0,-25.9513800538051,11.9158049860822,-25.3477207761036
4949,-11053,0,-26.3505836231848,18.5903036779421,-26.9923568259601
4949,-10053,0,-33.4823899343422,26.6716959448285,-31.500700375939
4949,-9053,0,-45.2865272412512,47.5083720594503,-28.6168328033298
4949,-8053,0,-57.9100008007614,73.2075523053523,-21.1718304235605
4949,-7053,0,-76.1706291790094,112.543071315027,-3.74289191623625
4949,-6053,0,-100.833323468672,157.906539599178,50.6990060705952
4949,-5053,0,-125.530055059703,190.390303073157,153.929113685116
4949,-4053,0,-147.36449768647,165.147985689321,261.737034120703
4949,-3053,0,-168.946989737189,114.527577906035,324.070634382827
4949,-2053,0,-185.193332843864,61.9689756073031,353.820001153691
4949,-1053,0,-195.660208112838,25.5340884662718,358.689370788784
4949,-53,0,-201.998562002496,-17.898370905092,352.285591058094
4949,947,0,-205.549244215972,-65.8861344508827,332.84770899895
4949,1947,0,-204.903390251894,-122.19586835203,281.258358345266
4949,2947,0,-192.055759109181,-170.323832825224,185.964064452106
4949,3947,0,-172.656245590974,-163.984383641615,73.2644062432183
4949,4947,0,-148.515687398653,-123.319282035177,11.042900634162
4949,5947,0,-122.641824399111,-92.8396082197544,-20.5331029640109
4949,6947,0,-98.433506920814,-70.9346735756483,-31.8042350681754
4949,7947,0,-75.1143964247998,-49.067271927987,-36.5517558123678
4949,8947,0,-57.8837114379338,-34.9705122867007,-35.8351367129667
4949,9947,0,-48.0305243612115,-26.141223571432,-29.5944248777889
4949,10947,0,-36.4393752945565,-19.9073078808501,-25.6309199521007
4949,11947,0,-30.3385977209927,-16.2416568818077,-22.9799596631293
4949,12947,0,-24.2935099890723,-11.1275106738133,-20.7276720623139
4949,13947,0,-20.7542845387269,-6.82234486319836,-17.5869598885476
4949,14947,0,-16.5918847427613,-5.29077684057012,-14.3777727461112
4949,15947,0,-13.4519188473573,-4.56816063848926,-10.4666807068479
4949,16947,0,-10.3872428110048,-4.45815268394761,-8.89850433001916
4949,17947,0,-8.75016639338323,-2.66321801560132,-9.75922886299076
4949,18947,0,-4.37793672118481,-2.6250455098402,-8.69694788998982
4949,19947,0,-9.74338808467233,-3.62253886966643,-3.82167706973584
5949,-20053,0,-7.77756752910087,1.32166029575902,-7.89653067413369
5949,-19053,0,-4.65340408081687,0.0225514311809892,-7.96970666816445
5949,-18053,0,-8.76072275021489,0.683968671782897,-11.7428304192577
5949,-17053,0,-6.32755502914852,1.57239623281746,-10.3462432072749
5949,-16053,0,-7.23697049878014,-0.798473683419101,-12.7801042202323
5949,-15053,0,-12.1480464853017,-0.13671361949866,-13.5959843029011
5949,-14053,0,-10.5671365819487,3.70929596830065,-16.1950849324204
5949,-13053,0,-19.4834153466956,3.91258767165263,-22.4196723560219
5949,-12053,0,-23.6574352551678,7.76943431160528,-21.9015370355171
5949,-11053,0,-26.4377276236612,13.9704190950526,-23.946356412124
5949,-10053,0,-37.0054743903056,22.5745146209521,-32.4381318575245
5949,-9053,0,-45.3542976015366,32.7246686631228,-38.8159501348039
5949,-8053,0,-68.561049474576,53.8290093155291,-40.3009199108682
5949,-7053,0,-93.853026128282,82.751652108906,-25.0017734949036
5949,-6053,0,-135.161217180083,121.250160575323,9.80409480427266
5949,-5053,0,-190.347675995191,143.495033952213,77.5992943284602
5949,-4053,0,-248.972195303255,126.706824599242,158.352431905656
5949,-3053,0,-290.354414177182,85.9850302115843,198.278315776223
5949,-2053,0,-312.510677733616,44.82976983461,216.235720538271
5949,-1053,0,-329.507369945173,13.8080067520227,220.976727093134
5949,-53,0,-326.302046070222,-18.6365685799909,216.575193556537
5949,947,0,-316.532778139232,-56.3056819488598,198.701749686106
5949,1947,0,-287.451834270647,-99.303801952753,162.745245168947
5949,2947,0,-240.598948256278,-136.13891961479,88.7471066677161
5949,3947,0,-190.711670285541,-123.125376727563,16.7884554143437
5949,4947,0,-144.658746511592,-91.2237822228384,-27.7107220726012
5949,5947,0,-110.124617447464,-67.9440481449996,-44.5983973034672
5949,6947,0,-85.9573379867304,-43.0855949071873,-44.4732865545183
5949,7947,0,-65.0343216668694,-30.3627313073357,-42.0725071899512
5949,8947,0,-51.8280080761484,-21.7659101993412,-39.6753655775416
5949,9947,0,-43.2444017867562,-13.5598489427476,-30.0538734048358
5949,10947,0,-33.685184819107,-11.5276547808348,-25.3821077551913
5949,11947,0,-23.2560154529243,-6.99489053202791,-25.7793569096881
5949,12947,0,-23.909031251256,-6.87732830667481,-21.1068603663451
5949,13947,0,-15.4326041969888,-2.72043098665378,-19.412753209328
5949,14947,0,-13.4159124378962,-3.93828917359514,-16.3072003243198
5949,15947,0,-13.6555302417926,-2.30354571399106,-9.76641740654469
5949,16947,0,-13.6089534715723,-3.58745102485479,-10.8535140522307
5949,17947,0,-8.24106519197091,-1.15501841910876,-6.33216091548355
5949,18947,0,-8.29120069971971,-0.596003031970888,-6.52850877927897
5949,19947,0,-5.06310442280281,-1.49613641766051,-6.21336709626217
6949,-20053,0,-5.51628788695102,-0.769010448834986,-6.1586956728001
6949,-19053,0,-6.27513693760052,-1.46618363829889,-12.4157307994734
6949,-18053,0,-6.18353889094088,-0.00528847884500398,-10.887954881942
6949,-17053,0,-8.8981245864497,-1.08029760623006,-9.84592277331929
6949,-16053,0,-9.89475688360682,0.417858792699459,-16.0689399736504
6949,-15053,0,-11.4854666612341,1.07097522015806,-18.1401577182632
6949,-14053,0,-14.1682225935914,-0.141780443644316,-14.9781434834406
6949,-13053,0,-16.3574713380105,-0.23495867499182,-18.6845221969768
6949,-12053,0,-17.9997155777932,2.93030105989887,-26.2905962148178
6949,-11053,0,-27.2705174200008,6.46575560159719,-27.6725329009984
6949,-10053,0,-33.9253221240885,9.08980191777648,-31.4934601363706
6949,-9053,0,-44.6637380317592,18.2314969674228,-41.3554105271396
6949,-8053,0,-64.8198801783938,29.9814647796979,-50.929044359029
6949,-7053,0,-92.7597968174847,45.546200998275,-43.159214057862
6949,-6053,0,-133.182885809435,68.1903723523139,-42.2684052359234
6949,-5053,0,-191.938782983429,80.1989006621468,-20.7948985532294
6949,-4053,0,-252.724293807436,70.7658443172169,8.29902024259408
6949,-3053,0,-296.786030111443,53.722218046047,25.151841249524
6949,-2053,0,-326.206869884572,26.9761999784801,23.2548001075406
6949,-1053,0,-333.463785040231,8.6699885895852,26.2451889824934
6949,-53,0,-332.437123923043,-8.06214709004162,24.5390852622586
6949,947,0,-316.264567636441,-33.4409315113308,22.0893778342258
6949,1947,0,-282.717395298881,-56.896856871439,8.96344698137628
6949,2947,0,-231.02967354,-72.8679907126548,-17.5907317517521
6949,3947,0,-173.107652233495,-71.7754624972206,-41.7718558459147
6949,4947,0,-123.231974527843,-55.4590404093491,-54.6030386449265
6949,5947,0,-93.7307409193889,-35.0314782381132,-56.9928421232188
6949,6947,0,-71.2139909643517,-23.8035708115877,-57.0082879532902
6949,7947,0,-56.7487920987748,-18.0370726531834,-46.6961758914407
6949,8947,0,-48.5618625068596,-9.50133602417107,-37.5265631424094
6949,9947,0,-33.7585904706305,-8.86330196648648,-31.0591891929792
6949,10947,0,-28.0429135576929,-2.42519027766516,-30.3582983791111
6949,11947,0,-23.0853524767446,-4.65500549125077,-20.8947887829612
6949,12947,0,-19.8651893165709,-3.05733525613259,-20.7549181512719
6949,13947,0,-15.3727235991761,-3.40614869569895,-18.3035066183135
6949,14947,0,-15.2294410023278,2.38025899740987,-15.0512539582807
6949,15947,0,-13.8384985569683,0.200732762027457,-10.1637846496829
6949,16947,0,-10.2818382060195,1.20766435738216,-10.8950103756817
6949,17947,0,-9.96534614257761,-0.914867413079683,-9.04334615984507
6949,18947,0,-8.14719114847549,-0.895313496884569,-7.64449554993093
6949,19947,0,-5.57263000591383,-1.78349113906764,-8.66781027018338
7949,-20053,0,-3.97387731542121,-1.83111765816942,-7.63116748058018
7949,-19053,0,-3.10038221253875,-1.55519048230618,-7.06728454796893
7949,-18053,0,-7.03559426808043,-1.74311259546823,-8.32447698385546
7949,-17053,0,-10.9298391398945,-3.19649008480176,-10.8415493732392
7949,-16053,0,-9.67514685120254,-0.430180618555695,-10.4518239517352
7949,-15053,0,-6.84430316485088,-4.93295500337396,-18.2111158810885
7949,-14053,0,-11.6312653992497,-0.864523935647754,-18.032983705025
7949,-13053,0,-11.6826720374023,-2.86696315673992,-20.5136362018624
7949,-12053,0,-19.5943990178643,-1.25974202287038,-26.7738226555571
7949,-11053,0,-22.6451258299759,0.287139447273791,-29.1493534785607
7949,-10053,0,-30.6951139647135,1.82082815411342,-36.5272639561006
7949,-9053,0,-38.2007778320897,4.56286558431089,-42.7422629668715
7949,-8053,0,-50.4520769574448,10.1458703432817,-51.2065338666065
7949,-7053,0,-70.6159719490364,16.9326440997551,-57.2190961771805
7949,-6053,0,-101.826408324888,25.1532935014627,-72.3374929984869
7949,-5053,0,-140.211001444705,28.2488939675299,-82.1588304295399
7949,-4053,0,-176.266697818926,28.934403901137,-86.1562483260286
7949,-3053,0,-207.391205403437,22.1883453790136,-91.2383464072876
7949,-2053,0,-230.050984431837,12.6277391493378,-102.800953923269
7949,-1053,0,-234.864749014127,5.43528969104735,-103.749414345436
7949,-53,0,-234.268730206177,-3.27462247755497,-100.20589298296
7949,947,0,-220.962981167667,-13.3636730311238,-97.9195297940484
7949,1947,0,-197.327440226816,-21.5069150495747,-91.8285997580753
7949,2947,0,-162.265416216148,-28.4296415784177,-86.9589450965994
7949,3947,0,-126.519686218017,-23.824546366415,-81.5024736364936
7949,4947,0,-96.1375589384213,-18.0876539141764,-78.1032556191783
7949,5947,0,-71.3687775498764,-10.5314240427196,-64.9253596053759
7949,6947,0,-52.1360796609138,-5.67822523294381,-57.1125942973396
7949,7947,0,-42.4836346578465,-5.11905678882374,-46.0033100977062
7949,8947,0,-35.4882101248724,-0.250852979468564,-34.6684301254132
7949,9947,0,-25.8259632867348,1.22644001219035,-31.2891901817537
7949,10947,0,-20.8030354202631,0.332513173032037,-27.5100342638244
7949,11947,0,-21.2413371893124,1.27003632352859,-23.4768946790732
7949,12947,0,-19.6657320520695,2.17335544140768,-20.2424301753306
7949,13947,0,-12.5973223542157,1.09514150239445,-17.755784703984
7949,14947,0,-8.79622349566512,4.00993605319466,-12.8510965534813
7949,15947,0,-9.33857528566728,-0.863678581834449,-9.37050499388734
7949,16947,0,-7.86860427184201,-1.12484890723306,-9.19716934060273
7949,17947,0,-7.46407288867389,0.487704956678564,-14.1293043676754
7949,18947,0,-6.64365308017736,0.819627725870891,-8.00942613304441
7949,19947,0,-9.01111568394254,2.49905190644619,-3.70025856786329
8949,-20053,0,-6.61282966243477,0.682643385393844,-7.36635764021148
8949,-19053,0,-5.27127924478893,-2.99440799166741,-7.92227457174812
8949,-18053,0,-4.93710214725284,-6.68135327773424,-7.68442420291952
8949,-17053,0,-5.76423508831484,-0.840021917482363,-10.4116157125226
8949,-16053,0,-6.49188301456589,-2.53647411392401,-12.8152527633767
8949,-15053,0,-10.4176200240918,-5.03473885647312,-10.8243253547053
8949,-14053,0,-9.9142598727157,-4.07953073256468,-19.6048826982034
8949,-13053,0,-14.8565981062272,-3.06416995831317,-14.122402082638
8949,-12053,0,-15.4575165616205,-3.0348648196361,-24.9425781227805
8949,-11053,0,-16.7763687556575,-4.65446908183539,-30.8251793864662
8949,-10053,0,-22.4277496526936,-5.81735051564969,-31.2194613210712
8949,-9053,0,-26.8975448372972,-4.59314977599162,-44.5358511135276
8949,-8053,0,-39.2960619228708,-4.85232130986464,-52.3231573729808
8949,-7053,0,-49.627805272092,-1.48776476910767,-60.3383644581429
8949,-6053,0,-65.3639033189301,-2.26557361846817,-77.594454759713
8949,-5053,0,-82.5415853099636,-0.197913853793134,-94.2572886557765
8949,-4053,0,-97.8671550206655,3.25580321361977,-114.541786271375
8949,-3053,0,-113.43063108739,1.57833026289377,-122.384181609083
8949,-2053,0,-121.624813689367,4.32981367042715,-135.673282605107
8949,-1053,0,-130.931938923019,-0.641554949789964,-136.291759080609
8949,-53,0,-124.644640837197,2.78658116096827,-133.302009095001
8949,947,0,-125.173900288127,1.18600930030634,-130.031345352761
8949,1947,0,-108.881097163436,4.32745761229559,-118.830020022657
8949,2947,0,-95.8571658281009,1.46525057036499,-105.592985355136
8949,3947,0,-79.377974523546,-0.305527669074979,-89.3686699937855
8949,4947,0,-62.6126073665747,3.09362454862729,-73.8557389001795
8949,5947,0,-46.6265840517283,3.39424900964725,-69.2307314154562
8949,6947,0,-41.4705430878363,5.97022589371554,-53.8388732306438
8949,7947,0,-32.9182486400876,3.70057040369339,-40.8879141403218
8949,8947,0,-25.514778589041,5.18305341659209,-38.2250590633497
8949,9947,0,-22.6201970220306,3.05776772111949,-34.6494686594076
8949,10947,0,-20.1156861571321,3.77884936671439,-26.1854823106048
8949,11947,0,-16.6763587586843,6.49464972727329,-22.9850409724093
8949,12947,0,-14.5901890209816,3.60809377139344,-20.9861569487618
8949,13947,0,-8.96518860745049,1.47619819463982,-13.8719023557612
8949,14947,0,-8.32194710154309,1.0273390847769,-13.47468370988
8949,15947,0,-8.96640263727419,3.08985549790461,-8.03689310235817
8949,16947,0,-3.66296201345861,2.16946035470904,-5.69774299130101
8949,17947,0,-7.03435015802434,1.04779499305616,-7.06019107965148
8949,18947,0,-8.08643610611276,4.02111101007328,-11.8058354499434
8949,19947,0,-6.84953040391506,0.10001847158572,-7.20304282493504
9949,-20053,0,-4.03006420123079,-3.40267801033101,-7.67747874237
9949,-19053,0,-6.69278304630646,-0.380374470630908,-5.68707518473187
9949,-18053,0,-2.74445590752204,-4.10976945016249,-12.1179224453267
9949,-17053,0,-3.52271697954673,-4.63949557242075,-11.3454746733518
9949,-16053,0,-7.52705325954187,-4.13368499771792,-11.8113830966981
9949,-15053,0,-6.92464893657935,-3.90734387763816,-15.7385937714415
9949,-14053,0,-6.82403550850941,-8.4361497218357,-17.5707460372564
9949,-13053,0,-8.08740879693492,-5.1509941230504,-18.7572190414931
9949,-12053,0,-9.53130518915295,-5.26606616872936,-25.8615572178715
9949,-11053,0,-13.7807764095355,-9.27631779983368,-30.4504685681066
9949,-10053,0,-14.9463031467934,-7.29316364707638,-34.7151088034027
9949,-9053,0,-19.7574719830354,-10.0576729301773,-38.9079504670674
9949,-8053,0,-24.2636077262114,-11.2662054910981,-49.9085701273349
9949,-7053,0,-33.5997734700896,-9.96749578256568,-62.7151210901753
9949,-6053,0,-38.8348205353099,-9.24164877583833,-75.0066449319737
9949,-5053,0,-41.9348935209977,-11.7813685570703,-91.8247845060588
9949,-4053,0,-50.1687331425019,-8.20943358140457,-101.505244285753
9949,-3053,0,-56.1787676010112,-4.87189338876924,-118.495417058699
9949,-2053,0,-57.1668800954466,-1.79082853800652,-120.715174552741
9949,-1053,0,-62.49073315295,1.48430452426852,-122.891868995479
9949,-53,0,-60.622007563221,1.84768635522951,-122.658383961742
9949,947,0,-58.3222522784703,8.10526567331779,-121.194415187181
9949,1947,0,-52.1003065568822,9.46799200086678,-110.650946629822
9949,2947,0,-49.8607095134756,9.97085029460984,-96.5925505318567
9949,3947,0,-45.4922186695228,13.6791219183434,-90.9447999700699
9949,4947,0,-37.1463959010499,12.5559127029495,-68.4714262872866
9949,5947,0,-31.0182083592855,11.0104775981172,-58.1952160206317
9949,6947,0,-27.7650109490462,9.23609115906796,-48.2170198398209
9949,7947,0,-20.3302101972699,10.5803176474355,-47.8322686824552
9949,8947,0,-20.205651441983,6.64445581447243,-33.7219268922423
9949,9947,0,-16.0626623064326,7.00053513820824,-28.8366824599973
9949,10947,0,-15.0295689292902,7.46377060326633,-21.4052429654396
9949,11947,0,-15.8730036318839,5.19253901193627,-25.3677533229497
9949,12947,0,-12.9953245402686,2.37731252896455,-20.9861026198391
9949,13947,0,-11.4816361376609,2.78989145459446,-16.1643440957885
9949,14947,0,-7.18270156638121,3.68190345822172,-15.3595098816178
9949,15947,0,-3.40459769423587,5.2202430670606,-10.6127835653375
9949,16947,0,-8.19701820417569,0.723955044327727,-7.42879175201813
9949,17947,0,-4.11648187133831,0.843877337856211,-10.0719447810902
9949,18947,0,-9.17946298854261,1.37028447905311,-3.49448145106506
9949,19947,0,-4.82577327433088,3.46957781095845,-9.5384808291591
10949,-20053,0,-5.11503831207507,-2.99012839995765,-7.1605983833345
10949,-19053,0,0.454433891321088,-3.60683154657441,-6.16115786311203
10949,-18053,0,-2.35567856385579,-2.93125485660495,-12.5713088842342
10949,-17053,0,-4.07352973402116,-4.9837861790934,-9.31308266045612
10949,-16053,0,-3.5246871544423,-5.38471969342304,-11.7549549779074
10949,-15053,0,-4.6825698655252,-6.6129951034211,-11.1023369394412
10949,-14053,0,-3.84602953702382,-6.94864651542386,-20.4500089049718
10949,-13053,0,-6.03125040305104,-8.50433149581315,-20.0446583189053
10949,-12053,0,-5.36892452461518,-7.58402529324836,-27.1875754461339
10949,-11053,0,-9.49088617721549,-10.8593945135406,-26.2093088549809
10949,-10053,0,-13.0883039151415,-10.6371899977231,-32.6792359474764
10949,-9053,0,-12.1920333366194,-14.8391317279987,-36.7301502171659
10949,-8053,0,-16.5050160207888,-13.9240910358744,-44.5958782509684
10949,-7053,0,-14.8403300502596,-13.6246238930375,-53.8054114078048
10949,-6053,0,-16.9018363734293,-15.2744640045259,-65.2087927225928
10949,-5053,0,-17.564842260375,-12.6377865416106,-79.5734679584791
10949,-4053,0,-24.7054656509426,-12.2699128684978,-87.1824709570969
10949,-3053,0,-21.7322199929265,-10.8167265005792,-92.936568661553
10949,-2053,0,-22.1558490836549,-5.54485061993288,-98.3699230852799
10949,-1053,0,-20.5872846703563,-0.628611925935685,-109.286313862755
10949,-53,0,-24.3552079998454,2.84385289221281,-105.79010939389
10949,947,0,-23.6378779347381,5.93337470379466,-105.136310988988
10949,1947,0,-22.1689133898897,14.3815975776047,-95.5912426205199
10949,2947,0,-22.0952942430186,10.8888900722685,-82.9044503759759
10949,3947,0,-22.6384166996419,15.689263259003,-71.9756979389575
10949,4947,0,-20.1985074916293,14.7147023268634,-58.6743356931132
10949,5947,0,-19.5201358925461,14.3787705949169,-51.1072371275393
10949,6947,0,-14.1074896891094,13.5897559482658,-43.1151289858101
10949,7947,0,-18.0436524249669,10.2619007802353,-39.5964148285466
10949,8947,0,-13.9759150038975,9.55311773569477,-37.3655282243833
10949,9947,0,-13.4864657141845,11.3775958225451,-26.7947831385529
10949,10947,0,-12.3856725992445,10.7608909406409,-23.8925063869556
10949,11947,0,-6.87441008677301,6.4463621774585,-21.3434241217234
10949,12947,0,-10.6103002015794,5.01914315775316,-17.5425008765785
10949,13947,0,-12.6859381948857,6.96286423978806,-17.2235606027578
10949,14947,0,-7.37503981453715,4.28489608395258,-12.4155504759828
10949,15947,0,-7.38383603894019,4.30967204939221,-11.2779892967672
10949,16947,0,-4.59986447886554,2.20776545528835,-9.28163210557423
10949,17947,0,-3.74505876900831,0.73391929696622,-7.00791445357371
10949,18947,0,-3.14169628812426,2.96710843505477,-7.97390152646309
10949,19947,0,-2.78432142442193,2.24321449263643,-8.9267562191901
11949,-20053,0,-1.15335640626611,-4.50769416242443,-8.77445319623943
11949,-19053,0,-4.67459174358844,-4.09880445085058,-8.25947695795952
11949,-18053,0,-0.968402427702912,-3.26934368019929,-6.20651435206203
11949,-17053,0,-3.05746751016569,-4.70803048949119,-7.01629059542798
11949,-16053,0,-3.20968627461698,-7.29424005521072,-9.34671490764606
11949,-15053,0,-4.27864468887952,-6.16958045069445,-16.4999861495801
11949,-14053,0,-6.38395547819739,-5.66113456131967,-13.8145469394671
11949,-13053,0,-2.68432933991519,-7.51244335552846,-16.4392254691246
11949,-12053,0,-4.72287703760467,-9.0713389036389,-20.270734197153
11949,-11053,0,-3.2053588975543,-10.8458824715487,-23.6816984831767
11949,-10053,0,-8.6240746964445,-11.1214431825089,-27.5232566166483
11949,-9053,0,-8.05220090398495,-12.2462884835923,-31.7462805787109
11949,-8053,0,-7.76493653910039,-17.1494352745888,-41.4541492828857
11949,-7053,0,-2.89018335656488,-15.4408361820354,-45.5988523929534
11949,-6053,0,-7.23300541370948,-15.911668987145,-56.9931351100532
11949,-5053,0,-8.24424920143809,-13.1627911115528,-66.2098197899083
11949,-4053,0,-0.172393486022704,-13.0448733996324,-65.4152368838113
11949,-3053,0,-2.32126632639067,-8.00856322594767,-70.7918057744771
11949,-2053,0,-3.59978326327217,-2.48759944052254,-84.7418809515109
11949,-1053,0,-0.373686021050923,2.09176684383849,-83.1252844018234
11949,-53,0,-3.45604764988778,7.25004545037228,-84.2013723766393
11949,947,0,-3.29169234221488,11.3105147288234,-79.3073704568129
11949,1947,0,-3.57030616076815,10.3762166699646,-72.2383129988772
11949,2947,0,-8.34024452038573,14.5398516637413,-64.2009855387029
11949,3947,0,-11.4670335991586,14.3861904891289,-59.9976085508857
11949,4947,0,-10.3464990257888,16.3242854185546,-54.1514338667514
11949,5947,0,-7.74949432220789,14.254767915014,-45.0121882652009
11949,6947,0,-7.89266149839525,15.2149806799666,-40.7016688176652
11949,7947,0,-8.87452467743886,13.2295653870933,-28.40732978938
11949,8947,0,-7.66395874258489,12.4193258071055,-25.9598379710157
11949,9947,0,-11.2544841429447,8.38901136690095,-24.4602025370227
11949,10947,0,-5.75356782654652,7.65861218478429,-22.4115768034411
11949,11947,0,-4.99351436839645,9.88482557077684,-19.9796403981845
11949,12947,0,-7.85243952838702,6.2462777952398,-18.3488823990764
11949,13947,0,-6.16795957389574,7.21690427770079,-12.557734146718
11949,14947,0,-8.42873000588065,2.79015112571669,-12.186333282256
11949,15947,0,-4.83293799702714,5.36118105216517,-12.5506210077938
11949,16947,0,-4.79206251226733,3.35452821286576,-9.23486176287383
11949,17947,0,-6.94167097915796,4.11980107086721,-4.23291460251614
11949,18947,0,-4.48020332120075,3.31872471915931,-10.9304123921905
11949,19947,0,-4.43257477325094,1.5122583461766,-4.78460932612682
12949,-20053,0,-2.16017029526094,-5.462574920398,-2.74885339285143
12949,-19053,0,-2.06874164113206,-5.23464987884531,-4.13199998879639
12949,-18053,0,-4.51231294560836,-4.01961318797047,-8.51787749859254
12949,-17053,0,-2.3023466167505,-5.12845039084242,-11.528054436514
12949,-16053,0,-2.01001436063714,-5.22827243626707,-11.5132529522424
12949,-15053,0,-3.77027101684789,-6.63196473078621,-12.6111041094288
12949,-14053,0,0.77011180191913,-7.70311130543922,-17.5310830926845
12949,-13053,0,-4.71921181721981,-8.98635065735462,-14.7984599598423
12949,-12053,0,-4.21371524015339,-10.8721397909553,-18.6307510906679
12949,-11053,0,-4.50648596952913,-11.1882035755026,-19.3506500890372
12949,-10053,0,-2.12059147851308,-12.9405047768167,-30.9592723713016
12949,-9053,0,-3.21033304479182,-12.3471140525881,-28.4873733562581
12949,-8053,0,-2.22392579635648,-12.8860968678391,-33.5385803708763
12949,-7053,0,0.674699930739186,-14.5741735236951,-37.2391258036599
12949,-6053,0,1.97837601883157,-16.5106601657749,-42.0758519303911
12949,-5053,0,2.68052734597479,-15.8063612501532,-49.440195563608
12949,-4053,0,4.0923213007299,-10.477011434394,-53.5399822913554
12949,-3053,0,6.14751058529812,-5.56703778298094,-61.2361673122628
12949,-2053,0,3.92933027756873,-2.76964219818772,-63.8067543100098
12949,-1053,0,5.17024317616785,-1.02880133910867,-68.3413405970682
12949,-53,0,8.51870340692036,2.35198804013762,-68.6669187812198
12949,947,0,0.595600157299901,9.22461622327852,-64.6714749157111
12949,1947,0,5.39214970600567,12.6886960090279,-65.0631568533332
12949,2947,0,3.05829950177909,13.6187977581518,-56.9851777197818
12949,3947,0,-0.642242388250866,14.7573166515935,-52.8804038600201
12949,4947,0,-2.33191967605693,12.9703365774867,-50.2839072354448
12949,5947,0,-2.04452973024344,14.5951097359237,-35.8585258364795
12949,6947,0,-0.946587134042007,14.7784363949214,-37.1693307032537
12949,7947,0,-0.116860303463133,11.4386954253035,-27.3991586948814
12949,8947,0,-2.54221795418986,12.1483399358178,-22.6031171129042
12949,9947,0,-7.04350363354274,9.65941826223686,-21.483453906514
12949,10947,0,-4.04490722933383,6.93038956184485,-18.3170583303158
12949,11947,0,-5.26414663976435,6.36049204652261,-20.1880043454908
12949,12947,0,-4.97908532614686,3.7567804155664,-7.59978108860583
12949,13947,0,-6.46914838784657,5.37609789217991,-9.60367392589794
12949,14947,0,-5.60474064085085,5.07050294945335,-6.13398925955258
12949,15947,0,-2.8634843176186,4.93366472029721,-7.57735785254398
12949,16947,0,-4.0995554461075,4.05085951234517,-9.2814795520613
12949,17947,0,-5.02684636127038,2.51213889538779,-5.38594063452971
12949,18947,0,-4.19092439103405,-0.0164335738757084,-8.75806294921146
12949,19947,0,-1.38140617226114,3.72975825413578,-5.36135794512671
13949,-20053,0,-0.673056884726079,-4.58217725353505,-8.96353856207625
13949,-19053,0,-3.93449844263345,-4.98879094798275,0.322147854953327
13949,-18053,0,-2.59430347125492,-3.90956340242924,-8.16112379584276
13949,-17053,0,-3.7619423928809,-4.56371830730399,-10.0778824168697
13949,-16053,0,1.75215574451175,-5.20449130860569,-9.24148045507513
13949,-15053,0,-1.49275636321983,-6.60891820204541,-9.22637990895737
13949,-14053,0,-1.60188930925735,-8.45422880377025,-12.1718650085298
13949,-13053,0,-0.64555448528292,-7.52957256802626,-16.0859931385153
13949,-12053,0,-1.73291307559304,-10.6114939675883,-11.1001069434217
13949,-11053,0,0.945826516743299,-10.4927539834837,-15.701887024212
13949,-10053,0,0.0863565617672544,-12.4044537730034,-22.506677317836
13949,-9053,0,-0.551085085345843,-10.0873061943639,-22.7682206271982
13949,-8053,0,-0.681447495174316,-14.5580275437566,-29.9504422383918
13949,-7053,0,4.04238461582451,-10.5815652620922,-33.2842056498701
13949,-6053,0,8.66345843178002,-9.3505055330788,-37.7548840777687
13949,-5053,0,6.47819962495729,-11.017645192028,-41.985604040625
13949,-4053,0,9.68607715716533,-8.35551062994221,-42.6848564343985
13949,-3053,0,11.6086306625137,-6.01881941572824,-48.2582247048663
13949,-2053,0,10.2778884608642,-2.74442148162807,-52.0477450721345
13949,-1053,0,8.01689344396432,-0.542599915330224,-53.9137443100715
13949,-53,0,8.47426907736997,4.24460508218927,-53.2936366643297
13949,947,0,11.2791882286098,6.02868743832022,-49.5624452368531
13949,1947,0,6.65056333987048,10.0201247373343,-50.2694052565497
13949,2947,0,6.12732267567757,10.764858987247,-47.0882293635761
13949,3947,0,4.95555145511604,11.9424406999811,-40.2767611370523
13949,4947,0,4.13771643722205,14.1836687464273,-35.0708062289125
13949,5947,0,-0.541708573315729,13.6799440006187,-30.798212559054
13949,6947,0,-0.335407879619667,12.5541299237882,-29.3115354063806
13949,7947,0,-0.939539680520429,11.2975135107311,-21.8507643796832
13949,8947,0,-1.34425238575539,10.8493064046104,-15.7701613308168
13949,9947,0,1.20476545776883,13.3281571367785,-18.4810432695647
13949,10947,0,-4.00370461935746,9.43435985358166,-16.9632068758416
13949,11947,0,-2.21568918926085,9.91311426490071,-16.3845053784413
13949,12947,0,-2.22779811096724,3.87416351261087,-11.5133524825181
13949,13947,0,-2.75818189673339,6.32640563356914,-13.4141724110131
13949,14947,0,-2.13456450324495,6.29176679570815,-12.8278278025044
13949,15947,0,-3.77164383037088,7.87282677323871,-9.62854124482452
13949,16947,0,-5.05123963320278,1.39652678873859,-10.4323081633379
13949,17947,0,-1.29277147549803,5.50172646711611,-1.64394147667679
13949,18947,0,-2.45240813490019,3.73296137459945,-6.32778044170849
13949,19947,0,-2.23400814715448,0.991637335587691,-5.51459860324278
14949,-20053,0,-2.05031136676395,-4.50352433678526,-4.42194427416802
14949,-19053,0,1.274981349388,-5.82728408301303,-6.51338468161609
14949,-18053,0,-0.832677253103339,-4.55438328486772,-10.248155237505
14949,-17053,0,-3.10995004239944,-7.35706655712584,-7.89889289192823
14949,-16053,0,-1.29934517724223,-9.79501829020866,-7.36574084296817
14949,-15053,0,0.159306340483041,-4.35545668440855,-10.5285153746196
14949,-14053,0,1.24391920096485,-8.59696211220225,-10.7099883081365
14949,-13053,0,-0.191666257853816,-8.20224926827952,-15.5078300941317
14949,-12053,0,1.39721915379187,-8.93845641863571,-16.6121902462599
14949,-11053,0,-0.175340328183425,-9.3477028134834,-19.1470700195554
14949,-10053,0,1.62177017587249,-8.70972866789203,-20.4336763923926
14949,-9053,0,5.84458770345889,-11.1293696691264,-17.1612164817952
14949,-8053,0,5.79600052523065,-8.92762157986571,-20.5778271960759
14949,-7053,0,7.56884367264454,-10.3727656575135,-28.8944504369531
14949,-6053,0,9.38824700510448,-11.0789718067497,-30.7923117805534
14949,-5053,0,7.78306173268118,-10.7835198966777,-33.0093785394511
14949,-4053,0,12.5296221991593,-7.96137287728514,-38.2571890392354
14949,-3053,0,10.9956305982133,-6.00166073289336,-41.5239977979053
14949,-2053,0,11.0184085693599,-1.77914738561169,-36.8383678366821
14949,-1053,0,11.3273080179347,0.149253433522056,-40.4991564704592
14949,-53,0,12.1358537819105,2.14858134197281,-38.164325893921
14949,947,0,11.0281648169058,3.98713882840067,-41.079214428368
14949,1947,0,10.1848951650007,6.11922660619949,-37.2602005808485
14949,2947,0,6.53996608213264,9.34961596648967,-38.0712822029156
14949,3947,0,6.22292228559053,10.083171770236,-35.5894442621168
14949,4947,0,6.01811660592479,11.1202804363878,-30.8287838179688
14949,5947,0,3.64656500254316,9.62632078654156,-29.4818025995789
14949,6947,0,1.94263719215853,11.4394957908189,-27.3676706330398
14949,7947,0,3.30768554894824,13.059933435054,-24.1627687520287
14949,8947,0,2.11159495241063,8.9039863266208,-22.3421197894796
14949,9947,0,0.255541002913093,9.30734077096436,-17.1384238842043
14949,10947,0,-2.52579753545746,11.2725044292538,-15.6011776505426
14949,11947,0,-0.233535806475537,7.19084091082728,-15.7838468366348
14949,12947,0,-4.33417751705925,7.42890497770684,-14.944531379969
14949,13947,0,-3.46470490082695,2.81196170523939,-14.4678816833003
14949,14947,0,-3.08193042082908,6.26198509748679,-8.21084092049327
14949,15947,0,0.414422847617597,1.29467527105641,-13.9045738962989
14949,16947,0,-2.68117453842584,7.182439414559,-7.19004558010552
14949,17947,0,-5.61374081423671,4.51648965833988,-14.3950558138585
14949,18947,0,-4.2735193419576,4.00387389876097,-8.25827496184088
14949,19947,0,0.132394887226173,4.08043837625565,-2.24512682562785
15949,-20053,0,-0.0511658680700141,-3.49764020077852,-5.08792405712054
15949,-19053,0,-2.78788310700066,-4.4095083843273,-10.6749872017432
15949,-18053,0,-0.494637911550164,-2.36622007847514,-5.41984394941243
15949,-17053,0,-0.338241214848954,-3.39800926703742,-7.5825446215081
15949,-16053,0,1.04780551773004,-5.70071707894137,-7.80582277873756
15949,-15053,0,-1.90883803821633,-3.30105345896274,-8.58417197501566
15949,-14053,0,0.85741356185756,-6.28783843649462,-9.39594783242017
15949,-13053,0,-0.237988881510939,-7.33884311021046,-9.65101227647926
15949,-12053,0,2.52713888790997,-8.41192378092546,-14.397372413757
15949,-11053,0,-0.121639036280732,-10.6857619050349,-14.317422868698
15949,-10053,0,2.62047259990654,-11.2472572138334,-17.1734468041412
15949,-9053,0,3.28668428878983,-10.0208189390671,-22.3207065284247
15949,-8053,0,5.72064747201679,-9.61786820651454,-25.2889309987027
15949,-7053,0,3.7460580938113,-9.63592066963444,-27.5382866508347
15949,-6053,0,10.6521041100935,-3.01130206179693,-24.6360165235195
15949,-5053,0,8.50126467114762,-10.9888729356638,-27.8947076219341
15949,-4053,0,11.8810491349599,-9.7595125618972,-29.7439696175905
15949,-3053,0,13.4068169132285,-3.67589679187269,-34.1275502097207
15949,-2053,0,13.1466673889029,-2.38404170486023,-33.0739559780254
15949,-1053,0,14.7226042559269,1.23228575583941,-28.5972661016383
15949,-53,0,13.5874231747021,0.56213508130426,-33.8279377925415
15949,947,0,11.3279398944541,4.42372491245239,-32.1822558573621
15949,1947,0,12.6509767633396,4.68753273198619,-28.2380816699901
15949,2947,0,9.06176334155041,5.47135303917749,-26.6273237026253
15949,3947,0,8.57080273794437,6.63000243335802,-27.7270072818469
15949,4947,0,7.18462448588295,7.04684042401791,-22.03895352314
15949,5947,0,5.00163201037028,9.07700645254507,-24.399210858098
15949,6947,0,3.12374381359894,7.54334106556144,-19.7403004632381
15949,7947,0,2.54453112858931,8.94189569513696,-21.1288616288292
15949,8947,0,4.22393240199906,7.31966528586905,-18.8852638145749
15949,9947,0,2.65948198880046,8.66377817686747,-18.6256481309081
15949,10947,0,0.422060499099801,6.44386192963979,-11.6330821948209
15949,11947,0,0.274067856622391,8.90579799740194,-12.741636461583
15949,12947,0,1.02722533001655,8.5086045764467,-12.6215312319121
15949,13947,0,-3.25374113555846,5.22936548934941,-11.5665862338841
15949,14947,0,-2.65974766901698,5.19265071626956,-7.21105845407158
15949,15947,0,-0.712849899362355,2.0246709437623,-5.59788777890643
15949,16947,0,-0.600792045794223,5.1122066980077,-6.50294601962619
15949,17947,0,-1.1448902469751,3.70637123236448,-5.14544017069763
15949,18947,0,-1.91816699064336,2.07389462415805,-5.87023078076887
15949,19947,0,-4.41943245659361,2.54977198315205,-5.93887445283112
16949,-20053,0,-0.698457995208174,-3.0698936688716,-4.1373241226592
16949,-19053,0,-1.73659720424434,-4.45184491152637,-8.85358080935169
16949,-18053,0,-1.44657569198826,-6.19915056240899,-6.75032866749462
16949,-17053,0,2.33795136868759,-4.38170759385283,-7.95832635936655
16949,-16053,0,-3.4156090050661,-4.81946639566104,-7.70266094117665
16949,-15053,0,2.89354851041782,-4.65993717477307,-8.85740201146652
16949,-14053,0,0.876559995866723,-7.69301167745882,-9.52160298876764
16949,-13053,0,2.11479660627448,-5.99558915753296,-12.4242055859476
16949,-12053,0,-0.869796170449185,-6.17106691409564,-11.8424059723481
16949,-11053,0,2.72692268943692,-9.91402438135889,-14.9974982914062
16949,-10053,0,1.54575326739217,-7.06471834605664,-18.2818991825005
16949,-9053,0,8.71905360823983,-8.86021519683074,-19.7173606138128
16949,-8053,0,7.73444035893528,-4.98753932019719,-15.9153146687549
16949,-7053,0,7.3356052056183,-10.2453631981031,-20.4529006915153
16949,-6053,0,8.33591284464599,-7.11036769454476,-20.8467181133872
16949,-5053,0,11.9887099948018,-7.4071257544225,-21.786223651459
16949,-4053,0,10.4593087190827,-4.02209459915309,-23.5934810736828
16949,-3053,0,9.60628882255159,-4.88833126150236,-26.1056007703157
16949,-2053,0,12.7869812549576,0.434682480349331,-27.2481771136952
16949,-1053,0,14.0411083355981,2.14411920864112,-28.4699713712096
16949,-53,0,8.12394470582918,0.498643718189141,-26.2173228172544
16949,947,0,10.5775003679544,4.97845416752052,-26.610176409885
16949,1947,0,12.4119182884629,9.15266426871077,-24.5571900646976
16949,2947,0,7.61167645574881,6.04636978493014,-23.9661824468331
16949,3947,0,5.85815593103449,7.39200625211377,-25.3519536478353
16949,4947,0,7.89672984120596,6.19634098088352,-23.2978752374874
16949,5947,0,9.10731747587913,7.28152121126845,-19.7543490823566
16949,6947,0,4.75744844160402,8.11639173395027,-19.807266738571
16949,7947,0,7.98849532949151,7.98220208297391,-20.8836684578915
16949,8947,0,3.66444071594291,8.01587108965176,-13.8901977346574
16949,9947,0,-1.12796170781664,5.24265597553996,-15.5494939503185
16949,10947,0,8.011025525258,9.44824413171147,-8.35774867590814
16949,11947,0,0.896054176526679,7.8848611207366,-7.77893218856239
16949,12947,0,-1.08612490965724,4.26253428651774,-7.74801899565126
16949,13947,0,-1.67097523700729,6.62279257688564,-10.4841282618407
16949,14947,0,0.527273563940723,5.57799371636282,-10.4850300254901
16949,15947,0,-0.169395609802986,6.49509080730333,-7.12001805124989
16949,16947,0,1.61344435546579,1.96348410492405,-8.11338337464755
16949,17947,0,-2.41737995402652,3.19569702412152,-7.99991523485425
16949,18947,0,-3.21538915773284,5.18062697762977,-6.5281492164072
16949,19947,0,-1.97783264313559,4.60448090114399,-9.46059934369363
17949,-20053,0,-2.42086597945806,-3.38282826584917,-7.47504830497905
17949,-19053,0,1.67415439726392,-3.37602108637379,-2.8806644821823
17949,-18053,0,2.54360906107169,-6.90641687817508,-8.84585857386258
17949,-17053,0,3.05225633713546,-4.75907386518725,-9.67238848101362
17949,-16053,0,-0.927122849692747,-7.31820040537235,-6.16357898060313
17949,-15053,0,2.559310651489,-6.25827347935569,-2.7800120599987
17949,-14053,0,0.804636977817616,-4.00135154462316,-10.1513594985399
17949,-13053,0,-0.0777729439363999,-9.10383943785094,-14.0145662315099
17949,-12053,0,5.49726449753032,-6.9982036387762,-9.87056843386141
17949,-11053,0,3.68960611253619,-3.94224708030488,-6.04939303654931
17949,-10053,0,2.2346500056055,-8.35306779349283,-10.5207202609771
17949,-9053,0,4.67514106647109,-5.56892894122773,-13.4640126947493
17949,-8053,0,5.5744909152607,-5.1612934331395,-16.4682393950041
17949,-7053,0,7.63781272200234,-6.77794528790799,-16.648069723038
17949,-6053,0,8.21695397966296,-6.78711973973137,-20.5251062695351
17949,-5053,0,12.3411452915277,-6.84238766513218,-18.5607583555726
17949,-4053,0,8.97633005766273,-4.85205807000986,-19.4576424376869
17949,-3053,0,10.3219510573254,-4.19060616256553,-16.2559014112568
17949,-2053,0,11.4001385862039,-3.48936908494694,-24.6329099032564
17949,-1053,0,11.69723103525,2.35642342741736,-26.2198181938318
17949,-53,0,10.8088721284469,-0.635184097456973,-21.9463496320457
17949,947,0,12.2359602907057,4.25046461009172,-20.1765609060846
17949,1947,0,13.236851582346,7.79052117636756,-19.0503899259315
17949,2947,0,13.8171692072687,3.60166624173046,-22.4899081280175
17949,3947,0,11.1128757462223,3.87689463844001,-20.9836732203319
17949,4947,0,9.53135044647198,7.45741297980329,-18.279092172964
17949,5947,0,6.62894170535008,8.68703424192918,-18.4370177965245
17949,6947,0,6.72207042038821,7.72066693760305,-12.8244775870446
17949,7947,0,3.68138609925681,6.90532484600722,-14.7248919763449
17949,8947,0,3.04000576925309,6.20978759874414,-9.19353915639967
17949,9947,0,1.30260985845714,9.02275039022321,-11.8546592651273
17949,10947,0,1.66483985468279,8.04937105599819,-9.42554775215613
17949,11947,0,0.356980256030711,6.06137902473706,-11.0692856981797
17949,12947,0,7.01554252931938,6.72665492272679,-8.42766654504797
17949,13947,0,-0.377037824317019,5.13125558704526,-9.55231641248034
17949,14947,0,-1.32559795245057,4.42605571283229,-7.18934748201351
17949,15947,0,-0.276500416587713,2.62164537506971,-8.78048308918052
17949,16947,0,-3.16567711036782,3.93026993947969,-6.26467299255696
17949,17947,0,-3.11585746897091,3.89972409238141,-7.23516027938526
17949,18947,0,-2.09131734101124,0.66353011695734,-6.77151703257288
17949,19947,0,-1.07427042576372,2.79028584262271,-2.82631634557774
18949,-20053,0,-0.364292451876754,-2.40605664658114,-7.75946226010678
18949,-19053,0,2.62095257683049,-2.87179496754108,-3.9979303778604
18949,-18053,0,2.93146629364542,-2.92680428659242,-0.4109220430441
18949,-17053,0,0.195425755441257,-3.54291788597473,-11.9222130201172
18949,-16053,0,0.136016941499797,-6.72773019012524,-5.4819929138758
18949,-15053,0,0.859950729465969,-4.91386340523396,-10.2815722073984
18949,-14053,0,2.6626937305178,-4.04637775705865,-12.5327118953777
18949,-13053,0,1.51114180758462,-5.68396249594349,-9.97212797398547
18949,-12053,0,-0.087857906958295,-6.55627542252732,-5.96521365082936
18949,-11053,0,6.00624849593886,-7.52842202861869,-12.9923149240198
18949,-10053,0,4.41581589912503,-3.08843499756872,-10.5711607054043
18949,-9053,0,4.58264695331011,-6.5306779244956,-12.6030715452401
18949,-8053,0,4.8107245315903,-4.13538306035428,-11.8883626404435
18949,-7053,0,11.3412061754968,-5.29275679051496,-16.8646040644624
18949,-6053,0,10.3073997080061,-4.92110517461434,-14.674748119757
18949,-5053,0,10.60372233503,-2.54337785269082,-15.2916255658814
18949,-4053,0,9.58954352977246,-2.9351598103977,-15.8777485948316
18949,-3053,0,10.4836584803629,-3.05671940922716,-12.6132786025727
18949,-2053,0,14.1364840816845,-1.3991487070468,-17.3801672002116
18949,-1053,0,14.1070672761688,1.70865435497776,-24.7065860902019
18949,-53,0,9.64549691128718,0.16562250844881,-19.0315712797552
18949,947,0,11.0743438764674,1.97185291789413,-18.7490408614082
18949,1947,0,8.16990034584158,-0.255378945485092,-19.1904231167451
18949,2947,0,8.2938029157884,7.90138130656604,-17.9339872135839
18949,3947,0,10.0919546190754,3.5663008026923,-17.6133430545163
18949,4947,0,6.97010322356867,6.00148951058647,-16.4423567924853
18949,5947,0,9.92785004240107,5.89432900763168,-10.4785831709763
18949,6947,0,3.53559949455475,5.33385838383594,-16.7068385427064
18949,7947,0,4.62302584331323,7.316571667391,-11.7146391713365
18949,8947,0,7.722316053759,4.72273306167171,-11.9448355513053
18949,9947,0,4.84906003141854,6.53450571997592,-10.4982209036316
18949,10947,0,0.686345923753289,6.86987061788545,-7.31465705692514
18949,11947,0,1.36805111074251,7.48590674372104,-10.4695139968277
18949,12947,0,1.99394454058007,3.9828645409113,-8.84111129145916
18949,13947,0,-0.590797672671934,8.52266538598169,-9.20838219702644
18949,14947,0,3.22281969261996,5.50811577541042,-7.75728842985044
18949,15947,0,2.652268298503,6.69596875765284,-2.35075899874227
18949,16947,0,-2.33732803843541,3.85030503214551,-2.98518194412725
18949,17947,0,-2.9033326400522,3.63775365733568,-11.4910815807282
18949,18947,0,-2.63350733438241,5.13132605656577,-8.35804763816439
18949,19947,0,1.31190118436566,4.41077214640039,-4.7580946852739
19949,-20053,0,-1.99838733103604,-3.5307977839042,-9.63873967239517
19949,-19053,0,0.270401863959497,-5.51006940441011,-3.72006565296494
19949,-18053,0,0.562644458890181,-4.3549435531946,-6.18519271427349
19949,-17053,0,1.58398599547047,-4.5010713648927,-5.42590770961196
19949,-16053,0,-2.07936313925276,-5.09787125655347,-11.6677959085463
19949,-15053,0,0.437131776617546,-5.55831144266244,-8.08456172942624
19949,-14053,0,4.26981396844803,-0.858219346131941,-6.22826960502247
19949,-13053,0,5.46433831048449,-6.73602573023224,-8.1006758606491
19949,-12053,0,5.00794761252059,-4.81568753731372,-4.01168831382522
19949,-11053,0,2.63040138191933,-7.37885849920152,-6.65326460376629
19949,-10053,0,3.71885858653658,-6.19725645940769,-10.7996936452271
19949,-9053,0,6.30970402924954,-6.93795009571862,-13.3438815744385
19949,-8053,0,3.47854553613955,-6.0332031862961,-8.6556579749025
19949,-7053,0,9.5541242653015,-4.11353724827158,-8.53390137107033
19949,-6053,0,8.37429887297494,-3.7075617138463,-11.7121620188992
19949,-5053,0,6.88170920321524,-4.3169315728927,-16.343451518911
19949,-4053,0,12.4977774932017,-3.42730320637528,-15.0380763567781
19949,-3053,0,13.0492884574881,-2.36726254778889,-11.7731034189815
19949,-2053,0,8.23696363008539,1.02826429816071,-16.7215254710205
19949,-1053,0,10.0368460448973,1.44066688979369,-13.0469508092883
19949,-53,0,8.48616912445252,0.88906609132157,-18.2502942988603
19949,947,0,9.10591252140378,2.4648832498487,-13.4260459552059
19949,1947,0,7.78197019682019,3.7063366599496,-17.9332461943462
19949,2947,0,8.801700525751,0.737014873788213,-12.0527122764546
19949,3947,0,9.68164802649864,3.85661221053399,-13.8948566243064
19949,4947,0,7.11782807915626,7.09770413588524,-13.6084900386547
19949,5947,0,3.37450820733164,5.53009143174853,-13.6055573311048
19949,6947,0,6.00433804044848,5.87076357648576,-9.92509787260504
19949,7947,0,3.98358163387155,5.6943225362274,-13.1420024580603
19949,8947,0,5.3674378002029,5.05023513301287,-9.81623280515838
19949,9947,0,2.88282515223659,5.64039590807608,-10.819688323643
19949,10947,0,1.57043160895663,5.49742862280217,-5.879299962543
19949,11947,0,0.415370943420806,6.46110712970619,-12.7477338857196
19949,12947,0,3.3830343502319,7.28894382115223,-11.7373070418886
19949,13947,0,0.732540284652358,2.12123970644281,-7.61419560932586
19949,14947,0,1.09991523954638,4.10486712743943,-7.17807432523313
19949,15947,0,-0.222679987421989,3.54922789373022,-7.25413146688579
19949,16947,0,-0.775992461708472,4.13186274085486,-5.41659419767281
19949,17947,0,-0.235223856706299,2.33587443438679,-2.91131168724168
19949,18947,0,-0.937038844369387,3.57007858163115,-2.83441264816446
19949,19947,0,-1.39366032269144,4.40761254968905,-3.72385559176814
