x,y,z,Bx,By,Bz
18949.000000,-15053.000000,0.000000,0.859951,-4.913863,-10.281572
-9051.000000,10947.000000,0.000000,18.653544,-39.457953,3.364055
-16051.000000,18947.000000,0.000000,2.443349,-7.759033,-1.221278
-19051.000000,-12053.000000,0.000000,8.369208,10.039000,0.581441
1949.000000,14947.000000,0.000000,-17.265279,-15.459974,-12.482289
-9051.000000,9947.000000,0.000000,23.692662,-42.954600,3.510775
19949.000000,8947.000000,0.000000,5.367438,5.050235,-9.816233
10949.000000,16947.000000,0.000000,-4.599864,2.207765,-9.281632
18949.000000,6947.000000,0.000000,3.535599,5.333858,-16.706839
-8051.000000,5947.000000,0.000000,67.376671,-73.756538,38.070009
11949.000000,-14053.000000,0.000000,-6.383955,-5.661135,-13.814547
949.000000,5947.000000,0.000000,-80.940984,-152.497579,116.481159
-10051.000000,7947.000000,0.000000,34.700648,-47.378119,7.847796
-8051.000000,-19053.000000,0.000000,-5.552231,9.809711,-8.213191
-9051.000000,-7053.000000,0.000000,63.307339,108.602781,39.508232
-15051.000000,-13053.000000,0.000000,5.673355,15.251036,-1.387299
-19051.000000,8947.000000,0.000000,12.988044,-7.657966,-9.977611
-12051.000000,-16053.000000,0.000000,1.736112,15.332244,-4.885809
-7051.000000,13947.000000,0.000000,1.613424,-28.962692,-5.255563
-10051.000000,8947.000000,0.000000,28.306666,-40.999384,-0.295737
-4051.000000,947.000000,0.000000,-71.843429,-2.003477,180.322839
15949.000000,-2053.000000,0.000000,13.146667,-2.384042,-33.073956
-6051.000000,-5053.000000,0.000000,-57.447988,198.092459,311.548210
-1051.000000,2947.000000,0.000000,-21.016546,-23.173576,227.885739
7949.000000,-3053.000000,0.000000,-207.391205,22.188345,-91.238346
14949.000000,11947.000000,0.000000,-0.233536,7.190841,-15.783847
10949.000000,-19053.000000,0.000000,0.454434,-3.606832,-6.161158
-9051.000000,-18053.000000,0.000000,-1.593466,10.694205,-5.905221
19949.000000,-11053.000000,0.000000,2.630401,-7.378858,-6.653265
949.000000,-20053.000000,0.000000,-5.206045,4.441577,-8.022477
-3051.000000,-17053.000000,0.000000,-8.231213,14.036912,-5.611384
-2051.000000,-2053.000000,0.000000,-2.893853,118.368312,29.762413
-15051.000000,18947.000000,0.000000,3.486708,-6.799654,-3.964637
-2051.000000,18947.000000,0.000000,-6.775832,-9.587567,-8.094386
14949.000000,-14053.000000,0.000000,1.243919,-8.596962,-10.709988
-13051.000000,-9053.000000,0.000000,26.757244,31.022698,0.757342
17949.000000,-8053.000000,0.000000,5.574491,-5.161293,-16.468239
5949.000000,15947.000000,0.000000,-13.655530,-2.303546,-9.766417
16949.000000,-19053.000000,0.000000,-1.736597,-4.451845,-8.853581
-15051.000000,13947.000000,0.000000,7.172228,-12.581026,-2.358631
8949.000000,947.000000,0.000000,-125.173900,1.186009,-130.031345
7949.000000,3947.000000,0.000000,-126.519686,-23.824546,-81.502474
-20051.000000,2947.000000,0.000000,16.313094,-2.855524,-2.520402
-13051.000000,-7053.000000,0.000000,39.016790,33.816528,7.438776
-12051.000000,-9053.000000,0.000000,24.477675,37.741707,2.131987
-12051.000000,18947.000000,0.000000,1.915069,-9.093727,-3.430634
-11051.000000,-8053.000000,0.000000,42.389225,54.928608,6.781342
7949.000000,-19053.000000,0.000000,-3.100382,-1.555190,-7.067285
-18051.000000,-3053.000000,0.000000,25.489341,5.372130,-2.474940
9949.000000,14947.000000,0.000000,-7.182702,3.681903,-15.359510
-9051.000000,-9053.000000,0.000000,22.097527,71.213721,8.097490
-19051.000000,3947.000000,0.000000,19.194719,-7.978518,-2.153842
15949.000000,12947.000000,0.000000,1.027225,8.508605,-12.621531
-4051.000000,-2053.000000,0.000000,-208.222283,79.415992,122.745190
19949.000000,-2053.000000,0.000000,8.236964,1.028264,-16.721525
3949.000000,-3053.000000,0.000000,-14.158188,122.805549,322.261878
17949.000000,-19053.000000,0.000000,1.674154,-3.376021,-2.880664
-10051.000000,-10053.000000,0.000000,14.476419,48.193669,0.089154
-10051.000000,1947.000000,0.000000,115.221508,-53.969746,44.185830
10949.000000,11947.000000,0.000000,-6.874410,6.446362,-21.343424
18949.000000,-12053.000000,0.000000,-0.087858,-6.556275,-5.965214
7949.000000,19947.000000,0.000000,-9.011116,2.499052,-3.700259
7949.000000,1947.000000,0.000000,-197.327440,-21.506915,-91.828600
-20051.000000,8947.000000,0.000000,12.290396,-5.265590,-0.858324
11949.000000,1947.000000,0.000000,-3.570306,10.376217,-72.238313
4949.000000,7947.000000,0.000000,-75.114396,-49.067272,-36.551756
-11051.000000,-15053.000000,0.000000,-0.032812,18.222357,-5.748398
-6051.000000,3947.000000,0.000000,88.888787,-94.916926,121.423388
16949.000000,19947.000000,0.000000,-1.977833,4.604481,-9.460599
-20051.000000,9947.000000,0.000000,11.039230,-7.029784,0.476095
-7051.000000,-1053.000000,0.000000,148.281409,-22.622818,390.834203
-7051.000000,-18053.000000,0.000000,-3.685217,13.129552,-6.569327
18949.000000,11947.000000,0.000000,1.368051,7.485907,-10.469514
-6051.000000,6947.000000,0.000000,57.984506,-101.673128,50.576001
17949.000000,19947.000000,0.000000,-1.074270,2.790286,-2.826316
2949.000000,-20053.000000,0.000000,-8.267522,1.014720,-9.059706
-10051.000000,-19053.000000,0.000000,-4.847223,8.210240,-4.662562
-8051.000000,-6053.000000,0.000000,101.299700,162.895267,120.619512
1949.000000,947.000000,0.000000,15.188222,10.959414,196.933088
-10051.000000,-16053.000000,0.000000,4.060090,14.664664,-4.189469
1949.000000,13947.000000,0.000000,-20.057414,-17.403719,-14.839452
-16051.000000,3947.000000,0.000000,29.777531,-11.179533,2.554832
11949.000000,12947.000000,0.000000,-7.852440,6.246278,-18.348882
-17051.000000,18947.000000,0.000000,2.857398,-6.679321,2.277671
-14051.000000,4947.000000,0.000000,37.384656,-19.283973,1.592019
-3051.000000,6947.000000,0.000000,12.148623,-147.932892,103.029840
4949.000000,12947.000000,0.000000,-24.293510,-11.127511,-20.727672
-13051.000000,-18053.000000,0.000000,5.015494,9.361436,-0.818998
-6051.000000,18947.000000,0.000000,-1.373781,-10.962565,-2.214831
8949.000000,-3053.000000,0.000000,-113.430631,1.578330,-122.384182
-51.000000,18947.000000,0.000000,-10.056942,-9.762721,-6.246382
-20051.000000,11947.000000,0.000000,7.519994,-4.105650,-3.251469
-1051.000000,-19053.000000,0.000000,-3.969885,6.053601,-7.891683
5949.000000,1947.000000,0.000000,-287.451834,-99.303802,162.745245
-13051.000000,-10053.000000,0.000000,18.955004,28.867182,1.520315
-7051.000000,16947.000000,0.000000,2.556756,-16.254610,-0.802901
-51.000000,-20053.000000,0.000000,-3.109675,2.752039,-3.168089
2949.000000,-13053.000000,0.000000,-17.376035,13.122379,-20.160684
5949.000000,-18053.000000,0.000000,-8.760723,0.683969,-11.742830
5949.000000,2947.000000,0.000000,-240.598948,-136.138920,88.747107
16949.000000,-5053.000000,0.000000,11.988710,-7.407126,-21.786224
-15051.000000,-5053.000000,0.000000,38.608414,18.500556,2.194328
-4051.000000,5947.000000,0.000000,50.339972,-133.549001,137.505858
-4051.000000,2947.000000,0.000000,39.600090,-45.543317,200.388007
16949.000000,-17053.000000,0.000000,2.337951,-4.381708,-7.958326
-5051.000000,-4053.000000,0.000000,-194.972378,130.558697,260.591049
-13051.000000,16947.000000,0.000000,2.852467,-11.324461,-3.691110
-51.000000,2947.000000,0.000000,-38.079455,-34.019078,220.737056
-16051.000000,-11053.000000,0.000000,14.775674,13.652206,-2.366543
-18051.000000,12947.000000,0.000000,7.895263,-7.552531,-3.112782
-19051.000000,-2053.000000,0.000000,18.540325,1.447061,0.069763
-1051.000000,-17053.000000,0.000000,-10.200180,10.030605,-10.765440
-19051.000000,7947.000000,0.000000,9.160987,-7.672037,-5.490181
5949.000000,4947.000000,0.000000,-144.658747,-91.223782,-27.710722
-3051.000000,-13053.000000,0.000000,-11.604782,25.273796,-6.978214
11949.000000,-19053.000000,0.000000,-4.674592,-4.098804,-8.259477
5949.000000,16947.000000,0.000000,-13.608953,-3.587451,-10.853514
-16051.000000,-16053.000000,0.000000,5.693584,11.510339,-6.163847
12949.000000,-18053.000000,0.000000,-4.512313,-4.019613,-8.517877
9949.000000,-6053.000000,0.000000,-38.834821,-9.241649,-75.006645
4949.000000,15947.000000,0.000000,-13.451919,-4.568161,-10.466681
-17051.000000,-8053.000000,0.000000,17.078304,13.747118,-4.209660
-6051.000000,15947.000000,0.000000,-2.778775,-24.801269,-3.823844
16949.000000,9947.000000,0.000000,-1.127962,5.242656,-15.549494
10949.000000,12947.000000,0.000000,-10.610300,5.019143,-17.542501
-12051.000000,-6053.000000,0.000000,60.353636,44.492364,9.906898
-10051.000000,-8053.000000,0.000000,39.494675,69.468873,13.116813
-19051.000000,16947.000000,0.000000,5.135690,-3.876010,-1.708649
-1051.000000,9947.000000,0.000000,-29.191216,-83.344209,-0.113495
8949.000000,-16053.000000,0.000000,-6.491883,-2.536474,-12.815253
-10051.000000,-17053.000000,0.000000,-0.882260,13.130770,-5.400325
-5051.000000,-14053.000000,0.000000,-9.364254,24.274510,-10.118608
-3051.000000,12947.000000,0.000000,-9.208616,-37.155111,-7.228250
3949.000000,-7053.000000,0.000000,-48.164467,123.439684,10.154926
1949.000000,-18053.000000,0.000000,-7.188747,3.480056,-9.800832
-1051.000000,-12053.000000,0.000000,-11.265537,24.295412,-16.548513
11949.000000,-16053.000000,0.000000,-3.209686,-7.294240,-9.346715
-10051.000000,-1053.000000,0.000000,157.407429,-6.214111,79.001009
-2051.000000,5947.000000,0.000000,-16.912606,-150.696943,158.009851
16949.000000,7947.000000,0.000000,7.988495,7.982202,-20.883668
-17051.000000,-19053.000000,0.000000,0.414717,6.493344,-2.809368
11949.000000,13947.000000,0.000000,-6.167960,7.216904,-12.557734
8949.000000,4947.000000,0.000000,-62.612607,3.093625,-73.855739
-14051.000000,-7053.000000,0.000000,32.654487,24.976526,-0.311037
-8051.000000,947.000000,0.000000,168.307751,-101.787127,172.644070
-8051.000000,-18053.000000,0.000000,-1.366756,10.010483,-3.046817
14949.000000,1947.000000,0.000000,10.184895,6.119227,-37.260201
-9051.000000,14947.000000,0.000000,2.082888,-21.221306,-4.372900
-12051.000000,2947.000000,0.000000,67.774025,-28.927217,8.133723
18949.000000,7947.000000,0.000000,4.623026,7.316572,-11.714639
8949.000000,6947.000000,0.000000,-41.470543,5.970226,-53.838873
6949.000000,9947.000000,0.000000,-33.758590,-8.863302,-31.059189
-14051.000000,8947.000000,0.000000,19.758804,-20.198524,0.854663
-8051.000000,1947.000000,0.000000,133.935856,-106.642414,120.079170
4949.000000,-2053.000000,0.000000,-185.193333,61.968976,353.820001
949.000000,4947.000000,0.000000,-79.815166,-132.670418,170.116945
6949.000000,-17053.000000,0.000000,-8.898125,-1.080298,-9.845923
9949.000000,-14053.000000,0.000000,-6.824036,-8.436150,-17.570746
-11051.000000,18947.000000,0.000000,2.076361,-8.387470,-5.061689
19949.000000,-53.000000,0.000000,8.486169,0.889066,-18.250294
14949.000000,-8053.000000,0.000000,5.796001,-8.927622,-20.577827
-19051.000000,11947.000000,0.000000,7.686043,-9.077489,-1.058061
-18051.000000,6947.000000,0.000000,16.866819,-7.261584,1.051768
9949.000000,-4053.000000,0.000000,-50.168733,-8.209434,-101.505244
17949.000000,-13053.000000,0.000000,-0.077773,-9.103839,-14.014566
-7051.000000,-5053.000000,0.000000,90.056195,186.844628,292.211440
-1051.000000,-1053.000000,0.000000,40.604895,115.203856,162.182102
5949.000000,-13053.000000,0.000000,-19.483415,3.912588,-22.419672
4949.000000,-8053.000000,0.000000,-57.910001,73.207552,-21.171830
4949.000000,-15053.000000,0.000000,-13.316757,3.021077,-13.049539
3949.000000,17947.000000,0.000000,-8.963262,-4.002490,-10.570459
-19051.000000,-10053.000000,0.000000,11.977677,8.823121,-2.092069
8949.000000,-53.000000,0.000000,-124.644641,2.786581,-133.302009
-19051.000000,14947.000000,0.000000,5.629515,-8.070339,-3.825903
-14051.000000,-19053.000000,0.000000,0.542930,5.644515,-2.025820
12949.000000,1947.000000,0.000000,5.392150,12.688696,-65.063157
-16051.000000,947.000000,0.000000,37.368592,-4.036203,1.738287
-14051.000000,3947.000000,0.000000,44.018268,-18.168881,-1.572155
16949.000000,1947.000000,0.000000,12.411918,9.152664,-24.557190
-8051.000000,17947.000000,0.000000,-3.998722,-14.281135,-3.740985
-17051.000000,-20053.000000,0.000000,3.614099,4.103187,1.365482
-14051.000000,-15053.000000,0.000000,2.922516,12.825921,-2.067633
1949.000000,-7053.000000,0.000000,-6.940321,106.175667,5.276019
10949.000000,15947.000000,0.000000,-7.383836,4.309672,-11.277989
-3051.000000,-10053.000000,0.000000,-19.992905,44.896568,-21.169146
-6051.000000,-10053.000000,0.000000,-10.484191,62.851557,-7.880747
-15051.000000,-15053.000000,0.000000,6.550682,8.525766,-8.076252
10949.000000,4947.000000,0.000000,-20.198507,14.714702,-58.674336
6949.000000,16947.000000,0.000000,-10.281838,1.207664,-10.895010
10949.000000,-20053.000000,0.000000,-5.115038,-2.990128,-7.160598
-12051.000000,-4053.000000,0.000000,83.820243,31.622043,20.978547
-6051.000000,-12053.000000,0.000000,-9.180221,36.452424,-9.422676
12949.000000,18947.000000,0.000000,-4.190924,-0.016434,-8.758063
7949.000000,-7053.000000,0.000000,-70.615972,16.932644,-57.219096
-5051.000000,-9053.000000,0.000000,-28.493853,78.871375,-6.812054
-4051.000000,-16053.000000,0.000000,-8.031728,12.809438,-4.177014
-19051.000000,5947.000000,0.000000,16.170644,-8.184679,-0.279938
-11051.000000,8947.000000,0.000000,28.951371,-35.652184,-0.001470
-13051.000000,8947.000000,0.000000,23.743244,-24.281521,-1.995138
-17051.000000,-2053.000000,0.000000,30.906835,4.834644,-2.972465
-12051.000000,4947.000000,0.000000,50.458620,-33.378279,10.522925
-1051.000000,6947.000000,0.000000,-35.584919,-154.703046,97.749255
13949.000000,18947.000000,0.000000,-2.452408,3.732961,-6.327780
14949.000000,16947.000000,0.000000,-2.681175,7.182439,-7.190046
15949.000000,13947.000000,0.000000,-3.253741,5.229365,-11.566586
17949.000000,16947.000000,0.000000,-3.165677,3.930270,-6.264673
-14051.000000,-5053.000000,0.000000,47.156391,25.099350,-1.472664
-4051.000000,-8053.000000,0.000000,-49.933932,84.838051,-18.943731
-10051.000000,-15053.000000,0.000000,1.190677,18.091808,-7.375780
5949.000000,3947.000000,0.000000,-190.711670,-123.125377,16.788455
18949.000000,5947.000000,0.000000,9.927850,5.894329,-10.478583
949.000000,19947.000000,0.000000,-5.936109,-8.715746,-2.176208
12949.000000,-8053.000000,0.000000,-2.223926,-12.886097,-33.538580
-16051.000000,-53.000000,0.000000,36.265660,-2.090372,-0.735814
6949.000000,12947.000000,0.000000,-19.865189,-3.057335,-20.754918
-12051.000000,3947.000000,0.000000,58.129247,-29.982135,12.135194
-51.000000,4947.000000,0.000000,-55.995405,-128.686915,190.362442
-12051.000000,1947.000000,0.000000,76.727122,-26.627331,17.279224
-9051.000000,18947.000000,0.000000,0.691221,-10.954348,-2.316018
14949.000000,-11053.000000,0.000000,-0.175340,-9.347703,-19.147070
3949.000000,-4053.000000,0.000000,-18.825088,174.139857,252.866612
11949.000000,-18053.000000,0.000000,-0.968402,-3.269344,-6.206514
-2051.000000,-13053.000000,0.000000,-12.021109,21.810668,-12.016789
-15051.000000,11947.000000,0.000000,14.352828,-11.671952,-3.180575
11949.000000,2947.000000,0.000000,-8.340245,14.539852,-64.200986
18949.000000,-17053.000000,0.000000,0.195426,-3.542918,-11.922213
6949.000000,-7053.000000,0.000000,-92.759797,45.546201,-43.159214
-10051.000000,-4053.000000,0.000000,135.980923,56.795441,61.067755
18949.000000,-10053.000000,0.000000,4.415816,-3.088435,-10.571161
10949.000000,-10053.000000,0.000000,-13.088304,-10.637190,-32.679236
-4051.000000,-6053.000000,0.000000,-126.557805,134.098669,21.842073
-1051.000000,-13053.000000,0.000000,-14.894522,23.177877,-18.205368
-9051.000000,6947.000000,0.000000,48.778070,-57.275621,15.963709
5949.000000,13947.000000,0.000000,-15.432604,-2.720431,-19.412753
13949.000000,-8053.000000,0.000000,-0.681447,-14.558028,-29.950442
16949.000000,-20053.000000,0.000000,-0.698458,-3.069894,-4.137324
15949.000000,-10053.000000,0.000000,2.620473,-11.247257,-17.173447
1949.000000,16947.000000,0.000000,-13.226006,-11.022586,-5.455236
949.000000,18947.000000,0.000000,-9.094539,-8.898897,-4.105512
-51.000000,-1053.000000,0.000000,-11.936644,109.900559,189.744602
3949.000000,-19053.000000,0.000000,-7.263554,4.141525,-13.965786
18949.000000,2947.000000,0.000000,8.293803,7.901381,-17.933987
-15051.000000,14947.000000,0.000000,5.657519,-10.598908,-4.116457
-51.000000,-8053.000000,0.000000,-9.227945,66.149542,-15.576710
15949.000000,-16053.000000,0.000000,1.047806,-5.700717,-7.805823
-13051.000000,-4053.000000,0.000000,62.427191,24.393419,10.843521
7949.000000,18947.000000,0.000000,-6.643653,0.819628,-8.009426
19949.000000,15947.000000,0.000000,-0.222680,3.549228,-7.254131
949.000000,-53.000000,0.000000,-36.513699,55.064962,158.810532
19949.000000,13947.000000,0.000000,0.732540,2.121240,-7.614196
-10051.000000,-14053.000000,0.000000,0.842144,19.435592,-3.229121
-16051.000000,-14053.000000,0.000000,6.266719,11.943968,-3.442834
6949.000000,17947.000000,0.000000,-9.965346,-0.914867,-9.043346
5949.000000,-6053.000000,0.000000,-135.161217,121.250161,9.804095
-2051.000000,-15053.000000,0.000000,-6.961971,15.057112,-10.907408
-19051.000000,-17053.000000,0.000000,5.751702,6.308088,-2.833373
2949.000000,-1053.000000,0.000000,61.975080,48.012586,260.414412
-3051.000000,-2053.000000,0.000000,-94.609256,100.391681,19.223687
-8051.000000,16947.000000,0.000000,1.894581,-15.048802,-2.789510
-6051.000000,16947.000000,0.000000,-1.016336,-19.600778,-4.766501
-10051.000000,19947.000000,0.000000,2.347523,-8.183771,-3.847960
16949.000000,6947.000000,0.000000,4.757448,8.116392,-19.807267
16949.000000,-16053.000000,0.000000,-3.415609,-4.819466,-7.702661
-10051.000000,2947.000000,0.000000,92.326585,-53.497041,36.035772
-7051.000000,6947.000000,0.000000,55.830766,-82.174611,34.121223
-16051.000000,-9053.000000,0.000000,15.220400,14.893273,-0.636749
1949.000000,-15053.000000,0.000000,-15.084539,12.046611,-13.988866
1949.000000,-6053.000000,0.000000,13.951927,126.818364,31.868915
-12051.000000,17947.000000,0.000000,4.541199,-13.089195,-1.762405
-4051.000000,-12053.000000,0.000000,-14.189028,35.247340,-11.635438
4949.000000,-11053.000000,0.000000,-26.350584,18.590304,-26.992357
8949.000000,18947.000000,0.000000,-8.086436,4.021111,-11.805835
-16051.000000,13947.000000,0.000000,7.730989,-15.461461,-4.320016
-20051.000000,-5053.000000,0.000000,17.427428,6.871732,-0.449549
-8051.000000,-17053.000000,0.000000,0.759063,10.584735,-7.460566
7949.000000,-1053.000000,0.000000,-234.864749,5.435290,-103.749414
15949.000000,7947.000000,0.000000,2.544531,8.941896,-21.128862
-11051.000000,15947.000000,0.000000,3.655902,-13.119056,-0.404481
-5051.000000,7947.000000,0.000000,35.444939,-107.983930,44.938151
8949.000000,-9053.000000,0.000000,-26.897545,-4.593150,-44.535851
11949.000000,-17053.000000,0.000000,-3.057468,-4.708030,-7.016291
-8051.000000,9947.000000,0.000000,21.720324,-50.353750,5.685995
-16051.000000,14947.000000,0.000000,5.100966,-12.005644,-2.345306
17949.000000,-16053.000000,0.000000,-0.927123,-7.318200,-6.163579
-11051.000000,-7053.000000,0.000000,55.679023,58.890651,12.734203
11949.000000,7947.000000,0.000000,-8.874525,13.229565,-28.407330
-2051.000000,-4053.000000,0.000000,-33.457616,101.836779,-25.027937
13949.000000,14947.000000,0.000000,-2.134565,6.291767,-12.827828
3949.000000,-6053.000000,0.000000,-46.770378,166.664106,67.960904
4949.000000,17947.000000,0.000000,-8.750166,-2.663218,-9.759229
6949.000000,-19053.000000,0.000000,-6.275137,-1.466184,-12.415731
-19051.000000,-5053.000000,0.000000,17.062700,7.456625,-0.336898
2949.000000,1947.000000,0.000000,-26.425740,-73.993392,256.104089
-19051.000000,-18053.000000,0.000000,0.370924,4.115897,-1.626713
-18051.000000,-2053.000000,0.000000,25.184135,2.241034,1.272354
-14051.000000,7947.000000,0.000000,25.756518,-19.707457,0.906825
7949.000000,6947.000000,0.000000,-52.136080,-5.678225,-57.112594
-18051.000000,-1053.000000,0.000000,26.487773,-1.731694,-1.042358
-4051.000000,15947.000000,0.000000,-5.899673,-18.016701,-7.541732
-18051.000000,4947.000000,0.000000,23.769505,-7.980458,-0.907650
-7051.000000,-15053.000000,0.000000,-5.009757,19.164516,-7.287812
-8051.000000,-15053.000000,0.000000,-2.322672,19.896659,-2.438128
-6051.000000,-19053.000000,0.000000,-5.242669,6.820210,-1.005410
-5051.000000,1947.000000,0.000000,14.663902,-84.461516,196.439234
4949.000000,-4053.000000,0.000000,-147.364498,165.147986,261.737034
4949.000000,947.000000,0.000000,-205.549244,-65.886134,332.847709
12949.000000,947.000000,0.000000,0.595600,9.224616,-64.671475
949.000000,-14053.000000,0.000000,-10.767419,11.572168,-15.002809
3949.000000,947.000000,0.000000,-61.546202,-56.683507,348.682174
-17051.000000,-15053.000000,0.000000,5.170066,8.494628,-1.958244
-11051.000000,-18053.000000,0.000000,0.790423,10.542389,-3.447129
19949.000000,14947.000000,0.000000,1.099915,4.104867,-7.178074
18949.000000,947.000000,0.000000,11.074344,1.971853,-18.749041
-51.000000,3947.000000,0.000000,-51.976547,-86.181047,219.106193
9949.000000,9947.000000,0.000000,-16.062662,7.000535,-28.836682
17949.000000,12947.000000,0.000000,7.015543,6.726655,-8.427667
-7051.000000,3947.000000,0.000000,93.932390,-95.743842,85.106844
-12051.000000,-17053.000000,0.000000,-0.406763,15.019868,0.629231
-7051.000000,-19053.000000,0.000000,-0.512416,6.299907,-5.413713
4949.000000,6947.000000,0.000000,-98.433507,-70.934674,-31.804235
-2051.000000,-6053.000000,0.000000,-26.037937,81.572956,-34.752110
18949.000000,-9053.000000,0.000000,4.582647,-6.530678,-12.603072
-5051.000000,-17053.000000,0.000000,-4.595545,11.725025,-9.524716
-1051.000000,8947.000000,0.000000,-30.118774,-107.170159,21.016428
17949.000000,-17053.000000,0.000000,3.052256,-4.759074,-9.672388
-9051.000000,11947.000000,0.000000,12.957921,-29.167345,-3.399097
12949.000000,15947.000000,0.000000,-2.863484,4.933665,-7.577358
-2051.000000,13947.000000,0.000000,-12.407740,-30.412611,-11.567135
2949.000000,-53.000000,0.000000,43.654591,16.491820,264.567567
15949.000000,-53.000000,0.000000,13.587423,0.562135,-33.827938
16949.000000,-2053.000000,0.000000,12.786981,0.434682,-27.248177
-15051.000000,947.000000,0.000000,46.565861,-6.875854,7.673378
-15051.000000,5947.000000,0.000000,31.107871,-14.815770,1.893213
-5051.000000,14947.000000,0.000000,-0.528888,-24.534392,-6.189486
13949.000000,16947.000000,0.000000,-5.051240,1.396527,-10.432308
12949.000000,6947.000000,0.000000,-0.946587,14.778436,-37.169331
-17051.000000,19947.000000,0.000000,1.715131,-6.132960,-3.812620
-10051.000000,-3053.000000,0.000000,150.536378,37.426072,72.292680
-3051.000000,2947.000000,0.000000,18.188996,-21.305928,223.707818
-14051.000000,-53.000000,0.000000,58.921544,-4.741199,6.906173
-17051.000000,4947.000000,0.000000,23.946756,-9.647331,-2.121351
-10051.000000,-5053.000000,0.000000,115.270192,75.479436,54.925224
9949.000000,1947.000000,0.000000,-52.100307,9.467992,-110.650947
-6051.000000,4947.000000,0.000000,89.220636,-95.348151,102.609209
11949.000000,-8053.000000,0.000000,-7.764937,-17.149435,-41.454149
-13051.000000,-1053.000000,0.000000,74.046653,2.589425,13.284711
-16051.000000,7947.000000,0.000000,19.597692,-14.214027,0.907242
-13051.000000,1947.000000,0.000000,63.907582,-21.025130,5.677296
-6051.000000,7947.000000,0.000000,38.930017,-90.340124,34.314819
-19051.000000,1947.000000,0.000000,21.920552,-3.568263,-1.471224
1949.000000,-1053.000000,0.000000,55.084813,61.521887,158.096494
19949.000000,11947.000000,0.000000,0.415371,6.461107,-12.747734
5949.000000,-12053.000000,0.000000,-23.657435,7.769434,-21.901537
2949.000000,4947.000000,0.000000,-127.042971,-144.251389,103.453258
14949.000000,12947.000000,0.000000,-4.334178,7.428905,-14.944531
-11051.000000,4947.000000,0.000000,51.302124,-41.758263,12.828244
2949.000000,-15053.000000,0.000000,-11.677737,5.169212,-13.236087
-11051.000000,-6053.000000,0.000000,74.268685,58.018126,21.398538
7949.000000,10947.000000,0.000000,-20.803035,0.332513,-27.510034
-15051.000000,-7053.000000,0.000000,28.359092,20.236547,-0.424486
-6051.000000,-1053.000000,0.000000,-28.417885,-9.383808,428.606102
-14051.000000,19947.000000,0.000000,0.346375,-8.874611,-5.219396
-9051.000000,7947.000000,0.000000,36.481483,-52.292355,11.616532
11949.000000,17947.000000,0.000000,-6.941671,4.119801,-4.232915
-7051.000000,-9053.000000,0.000000,-2.829941,88.577595,5.115084
-12051.000000,12947.000000,0.000000,12.603837,-24.127538,-4.227497
-3051.000000,-11053.000000,0.000000,-13.600885,35.527194,-18.328981
13949.000000,4947.000000,0.000000,4.137716,14.183669,-35.070806
6949.000000,3947.000000,0.000000,-173.107652,-71.775462,-41.771856
12949.000000,4947.000000,0.000000,-2.331920,12.970337,-50.283907
14949.000000,-10053.000000,0.000000,1.621770,-8.709729,-20.433676
11949.000000,3947.000000,0.000000,-11.467034,14.386190,-59.997609
14949.000000,7947.000000,0.000000,3.307686,13.059933,-24.162769
4949.000000,-5053.000000,0.000000,-125.530055,190.390303,153.929114
-6051.000000,-11053.000000,0.000000,-9.127915,48.816781,-4.668315
-5051.000000,18947.000000,0.000000,-0.443990,-13.623820,-5.087057
8949.000000,-7053.000000,0.000000,-49.627805,-1.487765,-60.338364
-6051.000000,19947.000000,0.000000,-2.390779,-11.339533,-4.154684
7949.000000,-53.000000,0.000000,-234.268730,-3.274622,-100.205893
-1051.000000,-7053.000000,0.000000,-11.253870,72.662750,-21.455438
-7051.000000,1947.000000,0.000000,110.277412,-134.139194,166.253568
9949.000000,19947.000000,0.000000,-4.825773,3.469578,-9.538481
4949.000000,3947.000000,0.000000,-172.656246,-163.984384,73.264406
1949.000000,-53.000000,0.000000,38.439679,38.163499,168.323406
18949.000000,-2053.000000,0.000000,14.136484,-1.399149,-17.380167
-6051.000000,-18053.000000,0.000000,-1.837078,11.236691,-3.972796
17949.000000,-10053.000000,0.000000,2.234650,-8.353068,-10.520720
6949.000000,10947.000000,0.000000,-28.042914,-2.425190,-30.358298
11949.000000,5947.000000,0.000000,-7.749494,14.254768,-45.012188
-14051.000000,10947.000000,0.000000,13.949929,-19.807341,-3.227013
11949.000000,15947.000000,0.000000,-4.832938,5.361181,-12.550621
16949.000000,8947.000000,0.000000,3.664441,8.015871,-13.890198
7949.000000,5947.000000,0.000000,-71.368778,-10.531424,-64.925360
949.000000,-7053.000000,0.000000,-2.344050,91.754340,-2.849907
-15051.000000,10947.000000,0.000000,12.375491,-15.763710,-2.137926
-3051.000000,18947.000000,0.000000,-4.792619,-15.076883,-4.619194
19949.000000,5947.000000,0.000000,3.374508,5.530091,-13.605557
18949.000000,-53.000000,0.000000,9.645497,0.165623,-19.031571
5949.000000,-2053.000000,0.000000,-312.510678,44.829770,216.235721
7949.000000,-5053.000000,0.000000,-140.211001,28.248894,-82.158830
9949.000000,-5053.000000,0.000000,-41.934894,-11.781369,-91.824785
-15051.000000,-17053.000000,0.000000,3.021104,12.957153,-6.205699
9949.000000,-16053.000000,0.000000,-7.527053,-4.133685,-11.811383
11949.000000,-20053.000000,0.000000,-1.153356,-4.507694,-8.774453
-8051.000000,14947.000000,0.000000,4.336730,-22.543637,-4.320782
-19051.000000,-3053.000000,0.000000,20.511570,3.633878,-1.474919
2949.000000,9947.000000,0.000000,-50.342869,-47.062914,-17.873133
11949.000000,947.000000,0.000000,-3.291692,11.310515,-79.307370
-7051.000000,7947.000000,0.000000,40.401665,-76.997727,22.673489
1949.000000,-16053.000000,0.000000,-10.224584,6.124715,-12.023400
13949.000000,-12053.000000,0.000000,-1.732913,-10.611494,-11.100107
-12051.000000,14947.000000,0.000000,5.043612,-14.081420,-2.070187
-51.000000,16947.000000,0.000000,-9.351115,-12.790627,-5.410512
-12051.000000,5947.000000,0.000000,39.322751,-31.148993,7.231107
949.000000,10947.000000,0.000000,-34.704840,-49.827104,-13.390689
15949.000000,15947.000000,0.000000,-0.712850,2.024671,-5.597888
16949.000000,-13053.000000,0.000000,2.114797,-5.995589,-12.424206
8949.000000,-13053.000000,0.000000,-14.856598,-3.064170,-14.122402
16949.000000,-6053.000000,0.000000,8.335913,-7.110368,-20.846718
-13051.000000,-15053.000000,0.000000,2.579790,13.301303,-2.808539
-2051.000000,-17053.000000,0.000000,-8.919774,7.996491,-9.463912
10949.000000,-3053.000000,0.000000,-21.732220,-10.816727,-92.936569
-6051.000000,-6053.000000,0.000000,-45.838807,225.471506,182.075136
3949.000000,13947.000000,0.000000,-22.830569,-11.334068,-12.971919
13949.000000,947.000000,0.000000,11.279188,6.028687,-49.562445
-7051.000000,947.000000,0.000000,130.018460,-137.066352,262.695661
-15051.000000,7947.000000,0.000000,24.554131,-17.138814,0.570885
-6051.000000,1947.000000,0.000000,58.533738,-131.141841,194.604940
18949.000000,-8053.000000,0.000000,4.810725,-4.135383,-11.888363
-16051.000000,11947.000000,0.000000,10.598344,-12.056886,-3.680761
9949.000000,11947.000000,0.000000,-15.873004,5.192539,-25.367753
13949.000000,-53.000000,0.000000,8.474269,4.244605,-53.293637
13949.000000,-10053.000000,0.000000,0.086357,-12.404454,-22.506677
-19051.000000,19947.000000,0.000000,4.349761,-5.331864,-4.077529
17949.000000,-6053.000000,0.000000,8.216954,-6.787120,-20.525106
8949.000000,15947.000000,0.000000,-8.966403,3.089855,-8.036893
10949.000000,-1053.000000,0.000000,-20.587285,-0.628612,-109.286314
949.000000,-17053.000000,0.000000,-7.144624,6.028921,-10.697055
-11051.000000,-9053.000000,0.000000,26.332661,50.586887,1.021832
-18051.000000,8947.000000,0.000000,12.934563,-9.633628,-2.881512
13949.000000,7947.000000,0.000000,-0.939540,11.297514,-21.850764
18949.000000,19947.000000,0.000000,1.311901,4.410772,-4.758095
13949.000000,-2053.000000,0.000000,10.277888,-2.744421,-52.047745
-7051.000000,-10053.000000,0.000000,-6.171043,66.222456,-1.803513
14949.000000,9947.000000,0.000000,0.255541,9.307341,-17.138424
1949.000000,-19053.000000,0.000000,-7.758831,3.291111,-6.236720
-1051.000000,7947.000000,0.000000,-33.771473,-134.538999,46.107820
8949.000000,-6053.000000,0.000000,-65.363903,-2.265574,-77.594455
-13051.000000,2947.000000,0.000000,55.684001,-22.021409,9.718565
2949.000000,-19053.000000,0.000000,-10.327707,2.524060,-10.415109
6949.000000,-15053.000000,0.000000,-11.485467,1.070975,-18.140158
10949.000000,9947.000000,0.000000,-13.486466,11.377596,-26.794783
6949.000000,-11053.000000,0.000000,-27.270517,6.465756,-27.672533
-9051.000000,-20053.000000,0.000000,-2.342161,10.334832,-3.888803
10949.000000,-6053.000000,0.000000,-16.901836,-15.274464,-65.208793
-6051.000000,-4053.000000,0.000000,-63.783836,139.143349,382.772358
16949.000000,-7053.000000,0.000000,7.335605,-10.245363,-20.452901
-9051.000000,13947.000000,0.000000,4.337241,-23.074450,0.372745
13949.000000,12947.000000,0.000000,-2.227798,3.874164,-11.513352
19949.000000,6947.000000,0.000000,6.004338,5.870764,-9.925098
13949.000000,17947.000000,0.000000,-1.292771,5.501726,-1.643941
-2051.000000,-3053.000000,0.000000,-24.613230,111.752539,-3.919485
-7051.000000,-2053.000000,0.000000,137.632566,32.019074,398.317751
10949.000000,-5053.000000,0.000000,-17.564842,-12.637787,-79.573468
18949.000000,-7053.000000,0.000000,11.341206,-5.292757,-16.864604
-5051.000000,-15053.000000,0.000000,-8.111296,18.850737,-7.660757
1949.000000,9947.000000,0.000000,-48.461495,-61.303491,-10.773856
3949.000000,4947.000000,0.000000,-139.776734,-142.749483,53.431355
-1051.000000,11947.000000,0.000000,-19.608470,-49.933142,-9.348573
-51.000000,-2053.000000,0.000000,7.124366,142.106114,112.653847
-51.000000,1947.000000,0.000000,-32.232400,-6.089171,207.472254
8949.000000,19947.000000,0.000000,-6.849530,0.100018,-7.203043
-13051.000000,19947.000000,0.000000,1.976493,-9.266459,-4.062688
-14051.000000,-12053.000000,0.000000,12.709234,20.922418,-3.315163
-2051.000000,-1053.000000,0.000000,19.121530,101.463178,72.174806
4949.000000,11947.000000,0.000000,-30.338598,-16.241657,-22.979960
-9051.000000,-53.000000,0.000000,180.383797,-44.530862,122.784310
-13051.000000,14947.000000,0.000000,6.637761,-16.467552,-1.963415
13949.000000,-19053.000000,0.000000,-3.934498,-4.988791,0.322148
8949.000000,17947.000000,0.000000,-7.034350,1.047795,-7.060191
12949.000000,-12053.000000,0.000000,-4.213715,-10.872140,-18.630751
10949.000000,947.000000,0.000000,-23.637878,5.933375,-105.136311
16949.000000,-11053.000000,0.000000,2.726923,-9.914024,-14.997498
-5051.000000,-1053.000000,0.000000,-167.958729,23.286133,315.700868
-16051.000000,-7053.000000,0.000000,29.039482,13.846021,0.311342
12949.000000,-53.000000,0.000000,8.518703,2.351988,-68.666919
18949.000000,-18053.000000,0.000000,2.931466,-2.926804,-0.410922
15949.000000,947.000000,0.000000,11.327940,4.423725,-32.182256
-18051.000000,-16053.000000,0.000000,5.239073,8.004846,-2.351609
5949.000000,14947.000000,0.000000,-13.415912,-3.938289,-16.307200
7949.000000,12947.000000,0.000000,-19.665732,2.173355,-20.242430
18949.000000,13947.000000,0.000000,-0.590798,8.522665,-9.208382
8449.000000,-11553.000000,-500.000000,-21.069755,-1.336838,-23.250578
-8051.000000,18947.000000,-500.000000,-2.790726,-12.055968,-0.966918
12949.000000,-14053.000000,-500.000000,-4.247269,-5.533881,-13.989846
7949.000000,1447.000000,-500.000000,-177.634229,-16.764892,-58.350512
19949.000000,947.000000,-500.000000,6.349592,1.077497,-11.156015
7449.000000,4947.000000,-500.000000,-101.325180,-30.350690,-48.931774
11949.000000,8947.000000,-500.000000,-10.011462,8.740946,-25.855015
17949.000000,1447.000000,-500.000000,6.747463,1.794379,-23.431615
-11051.000000,-9053.000000,-500.000000,26.744287,45.268114,5.813630
5949.000000,-3053.000000,-500.000000,-220.797960,73.849689,152.330099
1949.000000,-17053.000000,-500.000000,-10.978967,4.093997,-11.243287
-14051.000000,15947.000000,-500.000000,6.354465,-12.554341,-1.556373
8449.000000,13947.000000,-500.000000,-14.116001,0.803476,-15.205622
-6051.000000,11947.000000,-500.000000,7.091098,-44.942557,-3.821495
19449.000000,1447.000000,-500.000000,7.193423,0.436941,-16.249575
9949.000000,-18053.000000,-500.000000,-5.358857,-3.112899,-7.565278
-18551.000000,15947.000000,-500.000000,6.289141,-6.913355,-1.339010
17949.000000,447.000000,-500.000000,9.032964,2.140717,-21.020645
-7051.000000,-9553.000000,-500.000000,-2.424586,69.258579,2.219507
-7551.000000,4947.000000,-500.000000,72.965870,-76.384598,61.572384
-12051.000000,1447.000000,-500.000000,74.049582,-21.824617,24.434725
-7051.000000,7947.000000,-500.000000,37.704589,-71.091077,26.694703
-9051.000000,-9553.000000,-500.000000,12.961755,59.489052,6.114288
19949.000000,17447.000000,-500.000000,-1.290597,3.111085,0.531131
-15051.000000,13947.000000,-500.000000,5.700014,-11.361896,-2.640748
3449.000000,-2553.000000,-500.000000,1.566062,87.358047,239.222389
-3051.000000,6447.000000,-500.000000,14.249523,-127.981733,117.283562
4449.000000,-16053.000000,-500.000000,-8.702780,3.307330,-11.630454
-4051.000000,-17053.000000,-500.000000,-7.408178,12.011053,-5.518539
4449.000000,-2553.000000,-500.000000,-92.280548,78.577699,272.956708
17449.000000,3447.000000,-500.000000,8.027681,4.822346,-18.051190
13949.000000,3947.000000,-500.000000,-0.143470,8.954798,-38.583459
11949.000000,7447.000000,-500.000000,-9.936966,9.952361,-32.241415
-2551.000000,-6553.000000,-500.000000,-40.700807,76.878172,-12.238903
-551.000000,-6053.000000,-500.000000,0.762074,79.797208,-2.274857
949.000000,17947.000000,-500.000000,-10.396340,-10.969971,-5.084263
9949.000000,4947.000000,-500.000000,-42.049580,5.364522,-63.365058
-15551.000000,-18053.000000,-500.000000,1.462515,7.233527,-3.607265
6449.000000,1447.000000,-500.000000,-245.647017,-52.362933,84.355093
-3551.000000,-14053.000000,-500.000000,-8.508554,20.746221,-6.074583
6949.000000,18447.000000,-500.000000,-6.742184,-0.796371,-13.645070
-14551.000000,447.000000,-500.000000,51.493655,-4.631307,10.579581
6449.000000,-12053.000000,-500.000000,-23.957957,6.070162,-23.985537
19949.000000,15447.000000,-500.000000,0.740284,0.996699,-5.195822
-19051.000000,15447.000000,-500.000000,4.884089,-8.013770,0.637461
3449.000000,-53.000000,-500.000000,-23.369148,1.378817,265.660808
7949.000000,-19053.000000,-500.000000,-7.266136,-1.765232,-5.392438
-13051.000000,11447.000000,-500.000000,12.305518,-21.506845,0.453057
13949.000000,-4053.000000,-500.000000,4.786281,-9.267781,-40.944031
3449.000000,-7053.000000,-500.000000,-35.940214,104.210583,19.081841
-4551.000000,-1053.000000,-500.000000,-120.466671,31.888233,203.657343
-16551.000000,-3053.000000,-500.000000,33.928379,11.566444,4.447525
-20051.000000,-11553.000000,-500.000000,8.046866,4.879584,3.354951
-8051.000000,-4053.000000,-500.000000,132.046775,92.582908,192.253929
9449.000000,-4053.000000,-500.000000,-73.360463,-1.002777,-84.612900
-5051.000000,2947.000000,-500.000000,47.496137,-72.192874,160.629071
2449.000000,1947.000000,-500.000000,-32.589435,-47.492942,207.312846
-5051.000000,6947.000000,-500.000000,41.063541,-103.463107,74.039394
16949.000000,14947.000000,-500.000000,-0.915345,4.586084,-6.233891
14449.000000,4447.000000,-500.000000,3.240446,7.620192,-30.477658
-2551.000000,-3553.000000,-500.000000,-61.970807,93.838441,13.851436
-15551.000000,-1553.000000,-500.000000,42.528343,4.732647,5.635973
2949.000000,-12053.000000,-500.000000,-21.634380,21.215418,-14.768574
-19051.000000,18447.000000,-500.000000,3.870261,-6.103872,-2.514923
-4551.000000,-19053.000000,-500.000000,-5.033275,8.797190,-6.432184
6449.000000,-19553.000000,-500.000000,-7.136614,-1.034839,-5.399469
-8551.000000,7947.000000,-500.000000,38.003815,-53.887393,14.493835
5949.000000,4447.000000,-500.000000,-143.920611,-89.600624,4.099206
-5551.000000,-9053.000000,-500.000000,-18.490415,78.351600,1.095025
-19051.000000,4947.000000,-500.000000,16.824617,-4.926101,0.606290
4449.000000,14947.000000,-500.000000,-16.200908,-10.893493,-8.445774
449.000000,447.000000,-500.000000,-23.094928,31.821901,179.705725
-14051.000000,-3553.000000,-500.000000,51.987636,15.917103,9.735160
5449.000000,1447.000000,-500.000000,-208.925779,-72.174627,195.451838
-15051.000000,8947.000000,-500.000000,17.349271,-16.133513,-1.446549
-15551.000000,12447.000000,-500.000000,11.334258,-11.891787,-0.811933
4449.000000,9947.000000,-500.000000,-45.529082,-32.494542,-21.839040
-20051.000000,-3553.000000,-500.000000,17.206579,5.066038,-2.537897
19449.000000,11447.000000,-500.000000,1.042370,3.619540,-12.204947
-2051.000000,15947.000000,-500.000000,-8.754344,-19.469007,-6.841787
-14051.000000,-1553.000000,-500.000000,55.162366,5.113812,11.527208
-9551.000000,-17053.000000,-500.000000,4.056639,13.195355,-3.544565
-13551.000000,4947.000000,-500.000000,38.729706,-23.581972,6.627241
-13051.000000,-3053.000000,-500.000000,66.061850,18.565415,14.934192
13449.000000,-2553.000000,-500.000000,1.319909,-3.845925,-49.902562
-18551.000000,17447.000000,-500.000000,2.381259,-7.185247,-2.644453
-11551.000000,-53.000000,-500.000000,94.648603,-12.339270,38.590454
-19051.000000,9447.000000,-500.000000,11.261014,-10.905712,2.625968
9949.000000,-17053.000000,-500.000000,-4.769114,-2.466725,-7.840130
3449.000000,7947.000000,-500.000000,-74.994825,-73.663398,-4.524713
19449.000000,6447.000000,-500.000000,5.270891,6.509400,-11.698799
12449.000000,-8053.000000,-500.000000,-4.939096,-13.575443,-34.894669
5449.000000,-6053.000000,-500.000000,-101.048263,113.373086,35.309837
7449.000000,8947.000000,-500.000000,-39.996440,-8.168225,-32.795997
-12551.000000,2947.000000,-500.000000,59.319007,-25.719015,15.386176
16449.000000,-553.000000,-500.000000,9.440281,-1.078676,-28.734494
449.000000,3447.000000,-500.000000,-45.452205,-64.315693,191.842701
-12551.000000,-553.000000,-500.000000,79.011131,-5.650522,19.957452
-12551.000000,4947.000000,-500.000000,44.072403,-28.289068,9.590338
-3051.000000,-19053.000000,-500.000000,-4.722932,7.592860,-6.614848
-11551.000000,4447.000000,-500.000000,56.392199,-36.890305,15.993873
-14051.000000,16947.000000,-500.000000,1.826486,-9.589602,-4.020936
14449.000000,17447.000000,-500.000000,-1.263887,1.246369,-7.423081
-1051.000000,16947.000000,-500.000000,-9.993744,-16.004102,-7.703431
-10551.000000,13447.000000,-500.000000,8.341545,-24.146627,-0.781794
2449.000000,-17053.000000,-500.000000,-10.726355,6.984871,-9.331007
2949.000000,16447.000000,-500.000000,-12.847361,-9.108667,-8.710027
-4551.000000,13947.000000,-500.000000,-5.574213,-32.881928,-4.646609
6949.000000,10447.000000,-500.000000,-30.738022,-10.838020,-27.234694
5949.000000,12447.000000,-500.000000,-22.463976,-11.181410,-20.890035
-10051.000000,12447.000000,-500.000000,8.914211,-27.884598,2.515652
-11051.000000,17447.000000,-500.000000,1.592267,-13.877544,-1.609649
9449.000000,-6053.000000,-500.000000,-49.696175,-2.028681,-67.250634
8449.000000,10447.000000,-500.000000,-25.879251,-2.379656,-26.170454
12949.000000,11947.000000,-500.000000,-6.822427,8.663392,-14.831212
-6051.000000,5447.000000,-500.000000,66.352357,-90.184978,85.658949
12449.000000,5947.000000,-500.000000,-7.506080,11.790052,-41.236332
-4551.000000,1447.000000,-500.000000,-19.432775,-42.086169,188.693090
7949.000000,-13553.000000,-500.000000,-15.145803,-1.548056,-18.953548
-8051.000000,8947.000000,-500.000000,31.672742,-56.463483,11.165570
3949.000000,16447.000000,-500.000000,-13.577651,-7.742305,-9.363744
-17051.000000,6947.000000,-500.000000,19.422392,-10.128422,2.821674
-13051.000000,17947.000000,-500.000000,3.561325,-12.495185,-1.136339
15449.000000,5947.000000,-500.000000,2.249873,8.850871,-23.725216
11449.000000,-1553.000000,-500.000000,-21.675287,-1.357371,-77.531684
-1051.000000,13447.000000,-500.000000,-14.620090,-33.417776,-8.388750
4449.000000,-10053.000000,-500.000000,-29.602154,32.158258,-22.746428
12949.000000,9447.000000,-500.000000,-5.132355,9.514790,-22.325978
5449.000000,-1553.000000,-500.000000,-210.296963,31.239014,232.705870
-4551.000000,-4553.000000,-500.000000,-141.531146,118.512005,142.061905
1449.000000,-2053.000000,-500.000000,26.834834,82.478072,121.954325
-17051.000000,-19553.000000,-500.000000,4.210564,5.415132,-1.351124
-9551.000000,11947.000000,-500.000000,13.514610,-30.891012,-0.685905
-7051.000000,-11053.000000,-500.000000,-3.400918,47.983673,-2.125277
13949.000000,947.000000,-500.000000,4.950908,5.382558,-48.220159
-8051.000000,-16053.000000,-500.000000,-2.656808,16.103878,-5.128152
-13551.000000,-15553.000000,-500.000000,1.947115,13.860353,-1.102848
-5051.000000,-3053.000000,-500.000000,-132.117193,83.489800,235.511818
-15551.000000,-16553.000000,-500.000000,2.702894,10.462110,-4.040377
-20051.000000,-10553.000000,-500.000000,7.950654,5.196649,-4.485141
-1051.000000,-5553.000000,-500.000000,-10.692878,83.812128,-6.019867
5949.000000,-9053.000000,-500.000000,-46.600748,30.722537,-29.265371
-17551.000000,4947.000000,-500.000000,22.008139,-8.267107,0.343562
17949.000000,11947.000000,-500.000000,-0.016250,5.265381,-4.912476
8449.000000,-13553.000000,-500.000000,-12.383434,-5.206834,-15.720408
-13051.000000,-16053.000000,-500.000000,1.664900,10.997972,-4.901323
-19551.000000,4447.000000,-500.000000,14.225259,-4.349184,-1.584579
-12051.000000,-11053.000000,-500.000000,15.004898,27.110473,1.722323
-51.000000,16947.000000,-500.000000,-13.347754,-14.141476,-8.426605
15449.000000,6447.000000,-500.000000,2.162533,9.953888,-22.817300
-8051.000000,-3053.000000,-500.000000,150.156473,57.225281,213.246512
-3551.000000,12447.000000,-500.000000,-5.571376,-44.887622,2.337294
-12551.000000,14947.000000,-500.000000,6.143058,-17.531149,0.809607
15949.000000,-2053.000000,-500.000000,6.046394,-3.107995,-30.356880
-5051.000000,-2553.000000,-500.000000,-132.192805,68.552942,242.357671
-6051.000000,-16053.000000,-500.000000,-3.757104,13.926253,-5.921578
19449.000000,-1553.000000,-500.000000,5.769255,-2.952036,-17.080823
949.000000,18447.000000,-500.000000,-8.652542,-10.635360,-4.712000
6449.000000,-16053.000000,-500.000000,-8.035231,1.571292,-11.614809
-17551.000000,14447.000000,-500.000000,5.790661,-9.697749,0.046018
-14551.000000,2447.000000,-500.000000,42.290766,-12.404887,7.152151
-20051.000000,-16053.000000,-500.000000,2.667476,8.787038,-3.787270
-15551.000000,-10553.000000,-500.000000,12.909860,15.994515,0.209278
-2551.000000,-10053.000000,-500.000000,-18.178989,43.663260,-15.692787
13949.000000,14947.000000,-500.000000,-3.725041,4.860466,-11.413051
5949.000000,-13053.000000,-500.000000,-18.321608,5.711034,-17.879229
5449.000000,-7553.000000,-500.000000,-68.997482,68.900819,-10.097542
3949.000000,-1553.000000,-500.000000,-47.269146,48.458628,279.684123
5949.000000,-5053.000000,-500.000000,-150.015297,108.696442,67.298927
449.000000,15947.000000,-500.000000,-11.715510,-16.823549,-9.299391
-3551.000000,-5053.000000,-500.000000,-105.545350,103.250098,30.729925
15449.000000,-10553.000000,-500.000000,0.721330,-9.766831,-17.405467
-13051.000000,13447.000000,-500.000000,8.660852,-16.612007,-2.754796
11449.000000,14447.000000,-500.000000,-4.921479,3.183832,-14.925428
4949.000000,-10053.000000,-500.000000,-32.941074,28.600651,-22.201556
5949.000000,19447.000000,-500.000000,-7.404510,-4.607171,-7.627066
5449.000000,9447.000000,-500.000000,-47.711909,-26.922888,-28.416279
10449.000000,3947.000000,-500.000000,-37.756523,9.286460,-67.085851
-16551.000000,-553.000000,-500.000000,34.364475,-1.186090,5.513115
-1551.000000,-5553.000000,-500.000000,-20.477240,82.889549,-4.703713
-13051.000000,9447.000000,-500.000000,20.767762,-25.253776,2.021950
-7051.000000,-19553.000000,-500.000000,-0.699214,10.004328,-5.370754
-2551.000000,-5553.000000,-500.000000,-52.627060,87.203086,-10.300479
-15551.000000,18447.000000,-500.000000,4.192700,-8.100013,-2.003068
-15551.000000,-19553.000000,-500.000000,-2.310280,8.213855,-3.119638
7949.000000,-8053.000000,-500.000000,-49.696067,13.962161,-41.449102
-12051.000000,6447.000000,-500.000000,36.778801,-32.314930,7.858187
10449.000000,947.000000,-500.000000,-46.326708,2.689286,-88.847359
7949.000000,2447.000000,-500.000000,-154.942766,-26.538968,-55.816430
2449.000000,-53.000000,-500.000000,12.615121,20.446320,203.076873
-17551.000000,-8053.000000,-500.000000,15.458235,11.576220,0.375888
-13551.000000,10947.000000,-500.000000,15.827385,-18.767991,-0.167746
4949.000000,17447.000000,-500.000000,-11.195696,-4.993793,-6.592158
11949.000000,-20053.000000,-500.000000,-3.580037,-3.397085,-6.813327
12949.000000,-13553.000000,-500.000000,-1.857763,-7.532248,-10.800534
-7051.000000,9947.000000,-500.000000,16.487281,-55.104211,11.605872
-12551.000000,19947.000000,-500.000000,2.493590,-9.469354,-1.418589
-18051.000000,17947.000000,-500.000000,0.921814,-3.756479,-5.474383
-18051.000000,-2053.000000,-500.000000,26.717539,3.174813,1.301843
19449.000000,-17053.000000,-500.000000,-0.426393,-5.184268,-5.525701
1449.000000,1447.000000,-500.000000,-23.398744,-8.900401,182.727904
-10551.000000,11947.000000,-500.000000,15.466615,-27.507756,1.113776
-9051.000000,17947.000000,-500.000000,2.581091,-13.217129,-1.541616
11449.000000,4447.000000,-500.000000,-20.306656,11.267082,-52.827005
2449.000000,-13553.000000,-500.000000,-16.605486,14.759558,-14.166472
-15051.000000,-4553.000000,-500.000000,41.022519,12.541335,5.049322
-5551.000000,947.000000,-500.000000,-0.892377,-74.252893,240.504218
-9051.000000,-2553.000000,-500.000000,156.230002,31.390661,134.851611
-12051.000000,-11553.000000,-500.000000,12.563862,27.381776,-0.154460
17449.000000,16947.000000,-500.000000,-0.198853,3.645872,-7.011253
-13051.000000,4447.000000,-500.000000,43.299914,-24.578026,10.864019
-7051.000000,-8553.000000,-500.000000,-0.776337,94.735228,20.911820
-10551.000000,7947.000000,-500.000000,31.689227,-40.290992,8.026636
-3551.000000,-553.000000,-500.000000,-81.967793,47.401112,122.887676
-13551.000000,-16553.000000,-500.000000,4.843685,11.472092,-0.242790
-16051.000000,13947.000000,-500.000000,6.207898,-13.239655,-1.663290
-17551.000000,5947.000000,-500.000000,23.375599,-6.620868,-3.111909
8949.000000,-14553.000000,-500.000000,-10.527813,-3.654719,-15.666423
15949.000000,-10553.000000,-500.000000,0.547806,-8.988546,-13.183507
7949.000000,12947.000000,-500.000000,-16.086932,-1.639832,-18.683251
12949.000000,-4553.000000,-500.000000,-0.925622,-13.045264,-52.800565
3949.000000,19947.000000,-500.000000,-7.417819,-5.768514,-4.458777
-12051.000000,16447.000000,-500.000000,3.247694,-14.716168,-0.206343
16449.000000,10447.000000,-500.000000,1.015463,5.639138,-11.178552
-7551.000000,-2053.000000,-500.000000,134.694996,26.110376,270.052449
1449.000000,12447.000000,-500.000000,-21.201630,-35.837925,-7.616948
17449.000000,-17053.000000,-500.000000,0.235723,-5.580048,-7.213261
-19551.000000,-11053.000000,-500.000000,11.248347,7.498543,0.102902
9949.000000,17947.000000,-500.000000,-6.271564,-0.074170,-6.455820
8949.000000,-8553.000000,-500.000000,-32.734941,-0.891257,-37.949360
4949.000000,-17553.000000,-500.000000,-5.680586,1.048751,-7.647350
2949.000000,7947.000000,-500.000000,-73.255719,-84.821368,3.180776
-3551.000000,1447.000000,-500.000000,-19.199474,0.300829,169.515200
11449.000000,-10553.000000,-500.000000,-10.615660,-11.505285,-24.965417
7449.000000,6947.000000,-500.000000,-62.518276,-19.662238,-45.182010
19449.000000,10447.000000,-500.000000,0.843954,3.318152,-3.469018
-13551.000000,-8553.000000,-500.000000,26.079064,29.336698,0.611782
-9551.000000,-553.000000,-500.000000,146.189188,-20.713471,101.309357
-3051.000000,-11553.000000,-500.000000,-12.595072,31.857007,-12.917996
-2551.000000,10947.000000,-500.000000,-10.678184,-63.581510,2.412137
15949.000000,8947.000000,-500.000000,0.886804,7.722778,-17.794078
-6551.000000,-3053.000000,-500.000000,25.615492,73.767562,320.187391
-17551.000000,3947.000000,-500.000000,22.124551,-8.657763,-3.074294
-4551.000000,16947.000000,-500.000000,-3.406362,-17.742153,-6.073305
8949.000000,15447.000000,-500.000000,-10.993194,4.224768,-13.251899
12449.000000,16947.000000,-500.000000,-2.731981,5.530278,-8.811525
-6551.000000,-1053.000000,-500.000000,48.458077,-12.261515,324.450018
-13551.000000,-3053.000000,-500.000000,61.876948,12.882330,14.338509
-10551.000000,-12053.000000,-500.000000,6.748472,27.967544,2.668395
-11551.000000,6447.000000,-500.000000,39.263652,-33.656146,10.734068
19949.000000,-10553.000000,-500.000000,4.753043,-3.358601,-11.093823
4449.000000,-6053.000000,-500.000000,-68.404686,132.763929,61.048975
13449.000000,12447.000000,-500.000000,-5.920605,6.928177,-14.949080
-14051.000000,4447.000000,-500.000000,37.238528,-18.017898,4.978051
-3551.000000,17447.000000,-500.000000,-7.795366,-14.290991,-2.422417
6949.000000,6447.000000,-500.000000,-75.426425,-30.652142,-43.735197
-14551.000000,-2053.000000,-500.000000,49.689419,5.912202,8.182220
-11051.000000,-7053.000000,-500.000000,52.528984,54.008578,16.865992
18949.000000,3447.000000,-500.000000,6.374689,1.562015,-15.739393
10449.000000,15447.000000,-500.000000,-8.807532,2.930678,-12.359502
-1051.000000,-15553.000000,-500.000000,-11.020946,9.861364,-8.252940
16449.000000,-7053.000000,-500.000000,6.965768,-9.768098,-18.599413
18949.000000,18947.000000,-500.000000,-2.599042,3.167020,-6.978077
-11051.000000,-1553.000000,-500.000000,110.397739,7.468175,47.041828
-14051.000000,2447.000000,-500.000000,47.984886,-15.684138,12.290763
17949.000000,-17553.000000,-500.000000,-0.854119,-8.554141,-7.044948
19449.000000,-5553.000000,-500.000000,7.752330,-7.787365,-12.144987
4449.000000,-12053.000000,-500.000000,-20.463572,15.652475,-14.736186
-8051.000000,6447.000000,-500.000000,54.743437,-66.544178,35.068561
3949.000000,-14053.000000,-500.000000,-13.124166,6.317701,-13.482017
949.000000,-16553.000000,-500.000000,-9.060796,6.741513,-9.703984
-14051.000000,7447.000000,-500.000000,24.678316,-20.408461,3.475314
-4551.000000,10447.000000,-500.000000,4.764023,-66.240469,10.332349
3949.000000,-19053.000000,-500.000000,-8.469638,-2.004755,-10.559881
1449.000000,-6553.000000,-500.000000,-1.906249,95.058641,13.632289
-1551.000000,2947.000000,-500.000000,-12.035208,-28.249727,201.987102
11949.000000,4447.000000,-500.000000,-13.148837,12.155839,-55.470098
-3051.000000,447.000000,-500.000000,-32.241498,40.824508,129.158381
-18051.000000,-5553.000000,-500.000000,18.490110,9.439985,0.038520
7449.000000,-20053.000000,-500.000000,-4.934302,-2.442457,-6.833352
12949.000000,15447.000000,-500.000000,-3.536618,3.117905,-9.952107
-5051.000000,18947.000000,-500.000000,-1.349854,-12.837153,-2.539917
-3551.000000,5447.000000,-500.000000,31.626064,-112.673936,146.227449
949.000000,-16053.000000,-500.000000,-9.808981,7.675203,-11.169255
18449.000000,-1053.000000,-500.000000,8.809322,0.607284,-18.957235
8949.000000,18947.000000,-500.000000,-7.840369,-1.302811,-7.453496
-5551.000000,-553.000000,-500.000000,-51.025929,-12.196251,298.745524
14949.000000,-17053.000000,-500.000000,0.091495,-5.522927,-8.088315
3449.000000,-18553.000000,-500.000000,-6.243800,3.298172,-4.279598
-12051.000000,-6053.000000,-500.000000,56.878156,39.827788,18.200516
-2051.000000,-12553.000000,-500.000000,-12.987532,22.934856,-16.324105
18449.000000,-53.000000,-500.000000,8.305928,0.353832,-21.521005
-2051.000000,-12053.000000,-500.000000,-14.642259,28.335987,-9.441049
9949.000000,-3553.000000,-500.000000,-57.542205,-2.818651,-90.499678
-10551.000000,-5553.000000,-500.000000,77.008430,61.145601,39.706595
7949.000000,-11053.000000,-500.000000,-22.194693,2.753286,-28.777608
-11051.000000,7447.000000,-500.000000,34.797063,-38.298847,10.056003
-13051.000000,947.000000,-500.000000,64.150956,-11.959593,16.576187
-20051.000000,-8553.000000,-500.000000,11.633847,7.096402,-1.000220
-3551.000000,-12553.000000,-500.000000,-11.096059,26.464909,-10.742139
-1551.000000,16947.000000,-500.000000,-6.549945,-16.808398,-5.541541
3449.000000,-15053.000000,-500.000000,-12.949566,6.804742,-11.523562
-9551.000000,-10553.000000,-500.000000,8.875709,43.948335,-1.683711
-16551.000000,7947.000000,-500.000000,21.149318,-13.413874,0.434115
-13551.000000,8947.000000,-500.000000,20.766868,-21.849188,-0.278364
-17051.000000,-7553.000000,-500.000000,17.932101,14.303573,0.300008
-14051.000000,13947.000000,-500.000000,8.198128,-15.503345,-0.255096
-2051.000000,-19053.000000,-500.000000,-6.719809,7.362939,-7.741125
-11551.000000,5947.000000,-500.000000,44.328577,-36.475580,9.571405
6449.000000,19947.000000,-500.000000,-6.342049,-2.788264,-6.740118
13449.000000,7447.000000,-500.000000,-1.413721,11.305061,-28.142110
-17551.000000,7947.000000,-500.000000,17.286556,-8.678677,4.136871
6949.000000,9947.000000,-500.000000,-36.654768,-10.965752,-28.885687
4449.000000,447.000000,-500.000000,-117.114576,-29.189748,281.683721
19949.000000,15947.000000,-500.000000,-1.649973,2.105401,-8.671709
-11051.000000,-7553.000000,-500.000000,42.381507,52.109037,9.950428
-16051.000000,-6553.000000,-500.000000,25.183397,15.509957,-1.001345
949.000000,19447.000000,-500.000000,-9.650792,-10.088180,-6.403808
14949.000000,15447.000000,-500.000000,-4.681789,1.569945,-10.000192
-2051.000000,-6053.000000,-500.000000,-31.133916,80.184596,-15.472150
-2051.000000,6947.000000,-500.000000,-13.072071,-130.526574,92.102358
-10051.000000,-553.000000,-500.000000,133.634282,-16.552408,74.092986
5449.000000,9947.000000,-500.000000,-44.554674,-23.284936,-23.552638
-1551.000000,10947.000000,-500.000000,-15.867701,-61.989734,-2.136372
16949.000000,-6553.000000,-500.000000,4.849659,-6.295675,-23.904340
-10551.000000,18447.000000,-500.000000,3.227959,-11.026357,-0.187475
-51.000000,-18053.000000,-500.000000,-4.020913,6.836999,-7.498352
8449.000000,15947.000000,-500.000000,-12.056883,-2.377766,-10.486115
-6551.000000,-8553.000000,-500.000000,-10.832644,96.815809,19.136221
9949.000000,8947.000000,-500.000000,-19.796862,7.292018,-34.578504
-13551.000000,14947.000000,-500.000000,6.699572,-11.348297,-2.724754
9949.000000,-8553.000000,-500.000000,-23.032052,-6.726615,-39.804771
-4551.000000,15447.000000,-500.000000,-4.476109,-23.765192,-7.327970
949.000000,16947.000000,-500.000000,-10.798018,-12.338363,-7.298435
11949.000000,15447.000000,-500.000000,-4.651521,4.224810,-8.290939
4449.000000,1447.000000,-500.000000,-127.169408,-73.568582,255.851808
4449.000000,-12553.000000,-500.000000,-19.650331,13.739822,-18.566440
-6551.000000,-6553.000000,-500.000000,-1.952855,161.341124,111.219813
19449.000000,18447.000000,-500.000000,-0.020423,0.325835,-7.878024
13949.000000,11947.000000,-500.000000,-3.181487,4.793982,-14.079903
12449.000000,15947.000000,-500.000000,-5.482333,1.462645,-7.084234
19449.000000,14947.000000,-500.000000,-0.278280,5.239406,-8.173186
7949.000000,10447.000000,-500.000000,-26.929973,-3.718737,-30.415783
-13551.000000,16947.000000,-500.000000,4.189862,-10.885584,-3.551329
2449.000000,-6553.000000,-500.000000,-10.711010,105.011641,26.680811
-1051.000000,-10053.000000,-500.000000,-17.521886,39.637512,-13.706831
16949.000000,-12053.000000,-500.000000,2.384482,-7.007288,-9.291645
-11551.000000,-12053.000000,-500.000000,8.159260,26.271223,-0.729807
-18551.000000,3947.000000,-500.000000,17.258522,-6.466314,-1.924592
-15551.000000,9947.000000,-500.000000,12.057085,-15.043749,-0.694530
2949.000000,4447.000000,-500.000000,-101.649182,-120.411417,117.168307
-10551.000000,3447.000000,-500.000000,72.540847,-43.736119,32.800386
-19551.000000,-14053.000000,-500.000000,4.867874,5.624507,-0.960279
2449.000000,18947.000000,-500.000000,-9.364900,-8.607045,-3.080867
8449.000000,-19053.000000,-500.000000,-6.788684,-1.650091,-9.519042
-15051.000000,-11553.000000,-500.000000,9.192015,17.942346,1.567377
-18551.000000,-17553.000000,-500.000000,5.135891,7.290680,-2.810961
949.000000,-19053.000000,-500.000000,-7.385468,2.590420,-4.574338
6449.000000,-16553.000000,-500.000000,-8.427665,-0.842815,-10.047994
16449.000000,-8553.000000,-500.000000,1.514870,-7.302937,-17.915298
8449.000000,-15553.000000,-500.000000,-10.979142,-2.670289,-10.596801
-5551.000000,8447.000000,-500.000000,26.023733,-84.225162,33.288363
19449.000000,3947.000000,-500.000000,6.993804,2.640942,-15.326544
-4551.000000,8947.000000,-500.000000,14.571861,-87.155278,28.816372
-6551.000000,-553.000000,-500.000000,55.742305,-35.626483,318.427912
-11551.000000,-10553.000000,-500.000000,14.907444,34.819674,-0.317549
-18551.000000,17947.000000,-500.000000,3.737548,-5.781374,-2.766814
-10051.000000,19447.000000,-500.000000,1.173873,-11.887842,-5.672587
4949.000000,10447.000000,-500.000000,-40.421472,-22.829702,-22.826379
19949.000000,1447.000000,-500.000000,7.790880,3.140445,-17.613440
-18551.000000,-10053.000000,-500.000000,11.056780,10.515679,-3.028110
3949.000000,-9553.000000,-500.000000,-31.942655,43.859325,-18.604865
10449.000000,3447.000000,-500.000000,-40.883508,8.210755,-75.616022
14949.000000,447.000000,-500.000000,6.992414,2.384209,-37.607501
-7551.000000,9447.000000,-500.000000,23.227864,-55.864621,12.283620
-19051.000000,-8553.000000,-500.000000,15.729534,9.137631,0.009924
-14551.000000,1447.000000,-500.000000,48.085827,-8.202616,5.754028
14449.000000,7447.000000,-500.000000,-0.534483,8.674245,-21.161607
16449.000000,7447.000000,-500.000000,1.052184,6.825945,-13.057021
18949.000000,1947.000000,-500.000000,7.103794,4.431077,-17.174050
-1551.000000,-19053.000000,-500.000000,-5.640646,7.465395,-10.243447
1449.000000,7447.000000,-500.000000,-67.042223,-111.734341,39.678061
-6051.000000,2447.000000,-500.000000,60.111530,-93.215710,158.166037
5449.000000,-3553.000000,-500.000000,-176.930323,100.897105,190.424870
5949.000000,-9553.000000,-500.000000,-40.213488,26.646409,-26.373058
-12551.000000,3947.000000,-500.000000,51.526413,-25.909995,15.109802
14949.000000,8947.000000,-500.000000,-1.730967,7.702206,-16.807118
-12551.000000,-4053.000000,-500.000000,70.909309,25.666918,17.222464
10449.000000,1947.000000,-500.000000,-44.864539,7.322861,-84.362037
-4051.000000,-2053.000000,-500.000000,-137.317967,66.424898,135.620029
-6051.000000,4447.000000,-500.000000,74.199449,-88.482862,105.444076
14949.000000,-20053.000000,-500.000000,-0.901936,-4.440223,-2.720069
13949.000000,-1553.000000,-500.000000,8.390818,-3.747888,-49.672991
-16051.000000,5947.000000,-500.000000,27.932897,-15.204513,-2.448002
-11551.000000,10447.000000,-500.000000,19.478414,-25.735077,-0.339701
-18551.000000,-11553.000000,-500.000000,11.127880,10.666416,-1.242843
9949.000000,-14553.000000,-500.000000,-8.420193,-5.175388,-12.428893
-5551.000000,-53.000000,-500.000000,-37.077639,-40.131362,287.988429
-13051.000000,-4553.000000,-500.000000,56.977913,27.109043,12.865631
2949.000000,8947.000000,-500.000000,-58.968224,-64.330669,-7.654468
-10051.000000,1447.000000,-500.000000,106.985662,-44.313690,58.832498
-18051.000000,-9553.000000,-500.000000,12.970784,11.662436,-0.783691
-15051.000000,12947.000000,-500.000000,9.653950,-13.803316,1.283274
-19051.000000,7447.000000,-500.000000,15.786991,-6.786223,0.210514
-5051.000000,14447.000000,-500.000000,-2.612881,-27.541288,-2.941663
949.000000,19947.000000,-500.000000,-4.619768,-8.436672,-6.698697
9449.000000,-19053.000000,-500.000000,-7.442258,-0.191456,-5.651155
10949.000000,-10053.000000,-500.000000,-15.257560,-8.672290,-27.323370
-14051.000000,-5053.000000,-500.000000,45.504079,22.277379,8.036250
-6551.000000,8447.000000,-500.000000,28.518670,-72.567056,27.889940
-5051.000000,7447.000000,-500.000000,37.305541,-99.900410,56.507214
8949.000000,5947.000000,-500.000000,-49.466675,-5.155922,-56.900473
8449.000000,13447.000000,-500.000000,-14.764153,0.506631,-17.893658
16949.000000,-13553.000000,-500.000000,0.432290,-5.351782,-9.362576
7449.000000,16947.000000,-500.000000,-10.618686,-3.404148,-7.573420
10449.000000,-14553.000000,-500.000000,-6.534749,-5.768579,-14.925350
12949.000000,5447.000000,-500.000000,-3.667170,12.060265,-37.773683
-11551.000000,9947.000000,-500.000000,22.292427,-27.452987,2.006814
18449.000000,-3053.000000,-500.000000,6.777309,-6.228157,-17.789510
6949.000000,-14553.000000,-500.000000,-11.078353,1.227771,-16.340770
7449.000000,-16553.000000,-500.000000,-9.344220,-0.789637,-9.527475
949.000000,-18553.000000,-500.000000,-5.137735,3.726521,-6.258245
-13051.000000,-13553.000000,-500.000000,7.074840,19.135134,-3.223664
16449.000000,-1053.000000,-500.000000,7.726726,0.018095,-29.900845
-14551.000000,-11553.000000,-500.000000,11.893590,16.984169,-0.219128
11449.000000,10447.000000,-500.000000,-11.842963,7.906461,-22.976224
8949.000000,-12053.000000,-500.000000,-16.641974,-1.197886,-20.365522
-5051.000000,-8553.000000,-500.000000,-30.501120,85.656724,2.109747
15949.000000,-12053.000000,-500.000000,0.258538,-7.964295,-10.502042
-18051.000000,9947.000000,-500.000000,10.400696,-5.357658,0.379924
11449.000000,-10053.000000,-500.000000,-8.694375,-11.763820,-24.385650
5949.000000,-3553.000000,-500.000000,-206.142555,85.382467,142.190615
949.000000,-2553.000000,-500.000000,23.233667,100.698996,98.244992
-10051.000000,9947.000000,-500.000000,19.859846,-36.032180,0.613769
-3551.000000,1947.000000,-500.000000,-1.032543,-10.794617,173.808170
-15551.000000,2447.000000,-500.000000,35.617165,-11.252631,3.758125
-12551.000000,-2553.000000,-500.000000,77.754582,14.539966,22.843371
18449.000000,-10053.000000,-500.000000,4.322163,-8.955302,-12.301534
10949.000000,2447.000000,-500.000000,-32.555907,9.057289,-74.928425
-5051.000000,6447.000000,-500.000000,45.874467,-103.950134,84.289618
17449.000000,5947.000000,-500.000000,5.223525,5.263314,-16.775900
-4551.000000,10947.000000,-500.000000,2.617527,-59.707948,6.410379
18949.000000,-1053.000000,-500.000000,8.547394,-0.112198,-19.039847
-19551.000000,-10053.000000,-500.000000,9.616792,9.662703,-4.311259
-19051.000000,9947.000000,-500.000000,10.230109,-7.646631,0.364706
1449.000000,-2553.000000,-500.000000,32.644486,88.723164,111.310058
9949.000000,-5053.000000,-500.000000,-46.174921,-6.172275,-71.130086
-13551.000000,-9053.000000,-500.000000,20.545861,25.978489,2.490317
-2051.000000,1947.000000,-500.000000,-1.871508,6.329334,179.855020
-9551.000000,-6553.000000,-500.000000,68.538361,85.151680,49.204769
9449.000000,-13053.000000,-500.000000,-11.726108,-5.852769,-16.906601
-9051.000000,14947.000000,-500.000000,7.146815,-19.853358,-3.817905
4449.000000,18947.000000,-500.000000,-6.308179,-2.210384,-4.215879
11949.000000,19947.000000,-500.000000,-4.533634,1.935283,-5.705283
-2551.000000,-8053.000000,-500.000000,-27.301403,61.322143,-15.476713
2949.000000,-16053.000000,-500.000000,-10.456594,4.129030,-14.876098
-9551.000000,16947.000000,-500.000000,3.385368,-15.969020,-4.088174
6949.000000,-6553.000000,-500.000000,-97.443007,52.006893,-30.547669
3449.000000,12447.000000,-500.000000,-25.141176,-21.271104,-15.863426
17949.000000,-13553.000000,-500.000000,0.169548,-7.155385,-6.777874
-10051.000000,-6053.000000,-500.000000,77.285557,72.488464,41.753677
-11051.000000,-3553.000000,-500.000000,101.480420,31.749816,48.119000
-12051.000000,-9053.000000,-500.000000,24.865130,40.189366,1.636212
-551.000000,3447.000000,-500.000000,-32.051107,-53.510203,198.520289
-7551.000000,8947.000000,-500.000000,29.070981,-59.103716,15.063240
17949.000000,-53.000000,-500.000000,7.562821,0.630542,-21.569658
5949.000000,-20053.000000,-500.000000,-5.812881,-2.360424,-9.097761
-12051.000000,-6553.000000,-500.000000,47.978594,40.433750,11.524162
5449.000000,-553.000000,-500.000000,-216.984468,0.698165,233.115931
8449.000000,18947.000000,-500.000000,-7.043375,-0.697459,-9.626203
-9051.000000,8947.000000,-500.000000,28.208790,-46.378164,13.113884
6949.000000,13947.000000,-500.000000,-16.152593,-2.727912,-16.239790
-17051.000000,-6553.000000,-500.000000,22.842614,11.632568,-1.255893
10449.000000,12947.000000,-500.000000,-11.388378,3.120303,-20.264038
-1051.000000,14947.000000,-500.000000,-11.556696,-26.046268,-6.416453
-4051.000000,2947.000000,-500.000000,33.868586,-47.521329,175.189272
1449.000000,5447.000000,-500.000000,-78.232293,-122.029581,115.371378
19949.000000,-3053.000000,-500.000000,7.111963,-1.846079,-17.008398
8949.000000,4447.000000,-500.000000,-73.471788,-4.858789,-68.890519
13449.000000,447.000000,-500.000000,-0.140727,5.013050,-48.655458
-1051.000000,11947.000000,-500.000000,-16.474815,-46.008953,-3.830864
13449.000000,14947.000000,-500.000000,-4.113207,5.968533,-10.506915
-2051.000000,-11553.000000,-500.000000,-16.432595,29.880135,-16.328047
-13051.000000,-9053.000000,-500.000000,24.068912,28.785272,2.913802
1949.000000,-11553.000000,-500.000000,-19.480034,25.150979,-19.002547
-4051.000000,7447.000000,-500.000000,19.299424,-110.928168,66.192384
949.000000,1947.000000,-500.000000,-30.877685,-18.747705,185.071458
-18051.000000,-9053.000000,-500.000000,15.086683,13.347509,-1.918625
-9051.000000,19947.000000,-500.000000,0.047437,-14.300504,-5.680841
449.000000,-19553.000000,-500.000000,-5.980589,5.197450,-8.783311
4449.000000,-15053.000000,-500.000000,-12.564656,5.540100,-10.577437
8949.000000,5447.000000,-500.000000,-58.552220,-6.513927,-59.624044
12949.000000,-20053.000000,-500.000000,-4.210291,-4.076598,-4.661657
-2551.000000,-14053.000000,-500.000000,-10.129077,16.967726,-8.709464
13949.000000,14447.000000,-500.000000,-4.938260,3.505586,-8.812365
11449.000000,-11053.000000,-500.000000,-10.031667,-9.523774,-23.889783
17949.000000,-19053.000000,-500.000000,-2.615855,-4.104364,-4.142682
11449.000000,10947.000000,-500.000000,-10.628005,7.320005,-22.153115
15449.000000,16947.000000,-500.000000,-2.988767,4.601364,-6.102728
-11551.000000,14447.000000,-500.000000,8.068355,-16.237104,1.070470
8449.000000,-20053.000000,-500.000000,-4.328297,-1.208845,-8.382752
-18051.000000,-7553.000000,-500.000000,18.720126,8.778580,-1.763255
6949.000000,-14053.000000,-500.000000,-12.421505,-0.843332,-15.314995
14449.000000,15447.000000,-500.000000,-4.873275,3.172677,-8.734257
12449.000000,9947.000000,-500.000000,-6.152225,6.848367,-23.472605
15949.000000,7947.000000,-500.000000,1.651418,6.993682,-18.082709
-1551.000000,-10053.000000,-500.000000,-16.103338,42.573140,-18.964421
-2051.000000,-4053.000000,-500.000000,-34.337676,91.787382,5.124885
3949.000000,-6053.000000,-500.000000,-46.162856,133.345631,61.318530
-51.000000,-11553.000000,-500.000000,-13.918666,27.242227,-10.653774
11949.000000,-15053.000000,-500.000000,-2.534019,-5.818740,-12.696922
-10051.000000,-8553.000000,-500.000000,27.831981,57.855929,12.468173
-11051.000000,14447.000000,-500.000000,7.407176,-19.518227,-3.296182
-10551.000000,-10553.000000,-500.000000,13.935461,37.338577,-2.001938
9449.000000,16447.000000,-500.000000,-8.578679,2.769375,-8.787904
-14551.000000,4447.000000,-500.000000,34.995299,-15.529930,3.373340
-7051.000000,-15053.000000,-500.000000,-5.830007,17.316291,-4.786968
6949.000000,2947.000000,-500.000000,-185.441887,-64.123701,-0.562941
6949.000000,12447.000000,-500.000000,-22.045085,-2.342546,-17.740957
-12051.000000,18947.000000,-500.000000,3.215416,-11.420082,-3.794003
14449.000000,11447.000000,-500.000000,-2.076918,6.379625,-17.285316
15449.000000,-20053.000000,-500.000000,-0.633718,-3.675072,-5.251888
10449.000000,-553.000000,-500.000000,-50.010438,3.780162,-92.164689
10949.000000,-3053.000000,-500.000000,-29.622159,-8.045113,-81.004053
12449.000000,-5053.000000,-500.000000,-7.881097,-11.777473,-50.617986
-4551.000000,9947.000000,-500.000000,4.842374,-72.866617,12.666106
17449.000000,-9053.000000,-500.000000,3.627683,-9.189387,-12.585168
5449.000000,13447.000000,-500.000000,-20.572062,-8.034450,-11.399059
2449.000000,-11553.000000,-500.000000,-21.066675,27.939056,-15.408562
-1051.000000,-11053.000000,-500.000000,-15.672495,32.552505,-13.831683
5449.000000,-2553.000000,-500.000000,-197.000306,68.705720,216.797775
949.000000,15447.000000,-500.000000,-12.769502,-14.878115,-9.051963
11949.000000,-14053.000000,-500.000000,-8.169227,-8.254215,-12.492712
16449.000000,8947.000000,-500.000000,2.455418,6.789977,-13.098415
-51.000000,4447.000000,-500.000000,-49.092176,-93.850091,179.148868
18449.000000,17447.000000,-500.000000,-0.622636,3.338066,-5.514953
7949.000000,-3053.000000,-500.000000,-175.192936,20.883575,-53.919273
-9551.000000,13447.000000,-500.000000,8.438982,-23.063884,-2.725182
-5051.000000,-7053.000000,-500.000000,-56.307060,130.905321,42.142971
-15551.000000,-3053.000000,-500.000000,40.255203,10.540673,3.028676
-16051.000000,-6053.000000,-500.000000,28.354200,14.780450,-0.783589
9449.000000,-17053.000000,-500.000000,-7.565357,-2.869791,-9.434113
-15551.000000,-5553.000000,-500.000000,32.282919,15.015524,3.771449
-2551.000000,6447.000000,-500.000000,1.227291,-126.519503,116.358283
3949.000000,10447.000000,-500.000000,-42.071547,-33.024799,-19.637454
-13551.000000,-15053.000000,-500.000000,4.585824,14.442866,-3.861913
-2051.000000,17447.000000,-500.000000,-8.570963,-15.220378,-5.905950
15949.000000,10447.000000,-500.000000,-2.162042,6.504766,-9.139584
7949.000000,-7053.000000,-500.000000,-68.780329,20.992044,-51.582471
-10551.000000,-14553.000000,-500.000000,1.965286,20.095441,-4.473479
-51.000000,947.000000,-500.000000,-20.828208,12.012652,188.395696
-16051.000000,11947.000000,-500.000000,10.770565,-11.206860,-3.732756
17449.000000,-11053.000000,-500.000000,4.003880,-8.308424,-13.308895
-19551.000000,-1053.000000,-500.000000,19.409825,-0.111042,-4.204660
16449.000000,9447.000000,-500.000000,0.141455,4.827388,-14.773830
-18551.000000,-8053.000000,-500.000000,14.797078,10.191974,0.657954
-8551.000000,-4553.000000,-500.000000,130.098148,94.719011,142.065661
-11551.000000,-6053.000000,-500.000000,61.175992,46.207615,20.510649
18949.000000,15947.000000,-500.000000,0.386984,3.188137,-5.857748
-5051.000000,1447.000000,-500.000000,-5.053356,-64.313842,200.918041
-14051.000000,-15053.000000,-500.000000,4.706804,11.434254,-3.063582
-1551.000000,-6053.000000,-500.000000,-19.493627,76.180399,-10.559386
-7551.000000,-9053.000000,-500.000000,5.981279,79.959938,9.854658
12949.000000,-12053.000000,-500.000000,-4.003655,-10.564793,-16.169079
-7051.000000,-18053.000000,-500.000000,-0.711572,9.196650,-8.785026
19949.000000,-13553.000000,-500.000000,2.012982,-4.196726,-8.115305
-551.000000,-16553.000000,-500.000000,-12.183016,7.992263,-8.278701
-17051.000000,3447.000000,-500.000000,26.292654,-11.056957,1.885952
8949.000000,19947.000000,-500.000000,-5.229933,-0.441515,-9.888150
2949.000000,3447.000000,-500.000000,-86.510707,-108.887698,164.696603
11449.000000,-4553.000000,-500.000000,-16.557658,-10.313033,-65.371221
-20051.000000,12447.000000,-500.000000,7.692281,-6.451734,0.297882
-10051.000000,-19053.000000,-500.000000,-0.294384,8.925286,-3.574211
-18051.000000,-5053.000000,-500.000000,21.330079,10.142268,-2.237557
-7051.000000,-17553.000000,-500.000000,-3.714586,12.428265,-7.313254
1449.000000,7947.000000,-500.000000,-59.260150,-100.988974,25.749083
9949.000000,-1553.000000,-500.000000,-65.589092,1.224054,-97.706624
18949.000000,10947.000000,-500.000000,1.131864,4.104419,-8.164047
-16551.000000,-10553.000000,-500.000000,12.918135,15.182592,1.739737
10449.000000,1447.000000,-500.000000,-44.903898,4.280640,-89.499939
10449.000000,-4053.000000,-500.000000,-37.605582,-5.774147,-77.210397
-17551.000000,13447.000000,-500.000000,7.295874,-10.446207,1.568401
-6551.000000,-18053.000000,-500.000000,-2.059013,10.787026,-6.142510
-16551.000000,8947.000000,-500.000000,16.679575,-11.883645,0.204647
1449.000000,15947.000000,-500.000000,-14.769121,-16.185899,-9.425953
-551.000000,-7553.000000,-500.000000,-14.042716,66.383078,-9.523646
8949.000000,17447.000000,-500.000000,-6.766586,-0.940402,-11.266940
12449.000000,-19553.000000,-500.000000,-2.296869,-4.285892,-3.362752
-1051.000000,6947.000000,-500.000000,-33.227945,-131.469636,87.592565
5449.000000,-7053.000000,-500.000000,-75.712515,81.847030,-3.512749
9949.000000,-10053.000000,-500.000000,-14.587979,-4.343464,-30.807829
2949.000000,17447.000000,-500.000000,-8.777814,-9.204416,-7.543832
-5551.000000,15447.000000,-500.000000,-0.242239,-25.116744,-5.665111
12449.000000,-18053.000000,-500.000000,-2.735903,-4.174397,-5.734001
-6551.000000,9447.000000,-500.000000,22.245905,-64.394636,18.216290
8949.000000,13447.000000,-500.000000,-11.651490,-0.697103,-17.327225
-16051.000000,10947.000000,-500.000000,17.277999,-12.792243,-1.097387
-7051.000000,14447.000000,-500.000000,1.311294,-26.534480,-1.757158
13449.000000,-16553.000000,-500.000000,-3.039620,-4.596091,-6.206196
3949.000000,-11553.000000,-500.000000,-23.770660,21.404894,-18.244051
-8551.000000,11447.000000,-500.000000,13.791880,-36.748152,-0.732412
-51.000000,3947.000000,-500.000000,-45.967621,-75.285528,188.678459
-17051.000000,-4053.000000,-500.000000,29.073974,10.043537,0.284064
-2051.000000,17947.000000,-500.000000,-9.809082,-15.718710,-2.393756
11449.000000,-15053.000000,-500.000000,-6.172902,-6.605692,-12.567663
-3051.000000,-53.000000,-500.000000,-46.646963,52.346824,117.041567
-5551.000000,-15553.000000,-500.000000,-8.179570,15.997904,-6.664055
-7051.000000,-17053.000000,-500.000000,-3.761378,12.951603,-4.042513
5949.000000,10447.000000,-500.000000,-38.219349,-12.835148,-30.946661
-9551.000000,-53.000000,-500.000000,137.789514,-29.350991,98.782869
15949.000000,4947.000000,-500.000000,4.072906,7.712575,-22.332719
-13551.000000,-19053.000000,-500.000000,-1.520944,7.648895,-5.498077
-3051.000000,-12553.000000,-500.000000,-13.448630,26.589510,-10.433744
-5051.000000,-15553.000000,-500.000000,-7.043317,15.918226,-5.930059
7449.000000,947.000000,-500.000000,-224.526906,-20.746752,-20.941409
17449.000000,2447.000000,-500.000000,5.816046,3.358245,-26.927224
-17551.000000,-14053.000000,-500.000000,4.027740,8.642082,-2.521662
9949.000000,947.000000,-500.000000,-65.978926,2.614646,-95.363528
6949.000000,-11053.000000,-500.000000,-25.356196,8.005905,-25.989253
-51.000000,-19553.000000,-500.000000,-7.192088,2.563410,-5.756598
-12051.000000,-4053.000000,-500.000000,74.354804,28.758402,22.456422
-8051.000000,-9553.000000,-500.000000,7.090224,66.563130,7.115872
-11551.000000,1447.000000,-500.000000,84.018724,-27.253693,29.337562
-4551.000000,9447.000000,-500.000000,13.719125,-80.529352,21.244002
6449.000000,4447.000000,-500.000000,-138.706048,-73.835551,-17.061490
-15051.000000,-19553.000000,-500.000000,1.772808,4.406643,-0.930284
-10551.000000,19447.000000,-500.000000,1.663954,-10.985553,-3.921754
-4551.000000,-14053.000000,-500.000000,-9.016864,23.426661,-7.581710
-7051.000000,8947.000000,-500.000000,26.042910,-64.724260,18.266557
-12551.000000,-5553.000000,-500.000000,52.503577,33.894707,11.217944
17949.000000,-15053.000000,-500.000000,0.352186,-5.619277,-8.823486
11949.000000,947.000000,-500.000000,-13.168990,6.820336,-69.820281
-16551.000000,19947.000000,-500.000000,0.963569,-4.443988,-1.985271
-14051.000000,-9053.000000,-500.000000,22.345424,23.852573,-1.447602
-12051.000000,-3053.000000,-500.000000,81.323627,20.433677,27.421623
16949.000000,947.000000,-500.000000,9.088395,4.401688,-25.797669
6949.000000,-10553.000000,-500.000000,-30.210173,11.245405,-25.228503
-19051.000000,-12553.000000,-500.000000,6.164607,9.676853,-4.872680
9949.000000,-7553.000000,-500.000000,-28.719876,-8.194334,-51.245556
-19551.000000,5447.000000,-500.000000,16.466528,-7.763490,-0.610250
-3551.000000,-9053.000000,-500.000000,-25.888114,59.126159,-11.995879
9449.000000,3947.000000,-500.000000,-62.033379,1.605548,-71.358358
14949.000000,14447.000000,-500.000000,-0.789180,3.523422,-8.926593
-7051.000000,16947.000000,-500.000000,-0.079761,-17.634405,-4.741426
-51.000000,-10053.000000,-500.000000,-14.477876,41.809563,-17.453368
12949.000000,10447.000000,-500.000000,-8.289862,7.608502,-18.813171
16949.000000,447.000000,-500.000000,7.964411,1.696143,-24.853912
-3051.000000,14947.000000,-500.000000,-10.367178,-27.611013,-3.233416
16449.000000,5947.000000,-500.000000,4.227786,6.800262,-19.914351
10449.000000,19447.000000,-500.000000,-5.640745,2.424471,-6.255980
18949.000000,-15053.000000,-500.000000,2.209537,-6.227720,-7.949967
-15051.000000,14447.000000,-500.000000,9.511152,-13.868084,-0.580751
7449.000000,-53.000000,-500.000000,-231.415158,-9.034340,-17.903119
-1551.000000,5947.000000,-500.000000,-20.837378,-126.154394,139.160082
7949.000000,8947.000000,-500.000000,-35.273001,-6.908179,-32.536357
7949.000000,-15053.000000,-500.000000,-11.386316,-4.799326,-13.378152
10449.000000,11447.000000,-500.000000,-12.082144,2.977148,-21.333684
16449.000000,-17553.000000,-500.000000,-2.022728,-6.659941,-3.688983
-17551.000000,-18553.000000,-500.000000,2.562992,8.585624,-0.233043
-15051.000000,2947.000000,-500.000000,38.290906,-12.559215,1.619855
-2051.000000,-15053.000000,-500.000000,-8.830651,12.481109,-8.254160
-12051.000000,-19553.000000,-500.000000,-1.194954,7.371465,-3.565578
-19551.000000,17947.000000,-500.000000,5.056899,-7.834267,-0.976809
-3051.000000,15447.000000,-500.000000,-8.812248,-23.226123,-5.484096
-18051.000000,11947.000000,-500.000000,12.863056,-11.264295,-7.200117
14949.000000,-12053.000000,-500.000000,-1.311682,-7.964692,-13.313999
-12551.000000,-18053.000000,-500.000000,1.556483,11.179627,-3.509480
16949.000000,15447.000000,-500.000000,0.324956,3.595006,-8.492611
7949.000000,5447.000000,-500.000000,-76.909323,-19.738548,-52.552578
-10051.000000,947.000000,-500.000000,114.777390,-40.224122,63.729725
-6051.000000,6447.000000,-500.000000,53.168863,-92.517279,67.365513
7449.000000,13447.000000,-500.000000,-14.855097,-2.035743,-15.367050
-17051.000000,-8053.000000,-500.000000,17.648364,13.902632,-2.553994
-20051.000000,-1553.000000,-500.000000,18.796398,3.673178,0.819174
18449.000000,4947.000000,-500.000000,7.532256,5.826128,-18.799635
17949.000000,-2553.000000,-500.000000,7.443122,-4.174792,-22.698407
14949.000000,17947.000000,-500.000000,-3.004714,3.660030,-2.875700
-15051.000000,-18053.000000,-500.000000,1.507784,12.088027,-2.476943
-1551.000000,-12553.000000,-500.000000,-13.644569,28.164639,-15.697154
10949.000000,-20053.000000,-500.000000,-4.468176,-1.057672,-4.563301
2949.000000,-2553.000000,-500.000000,27.428236,86.141170,205.123387
-12551.000000,13447.000000,-500.000000,6.755699,-18.774858,0.513773
-2051.000000,-553.000000,-500.000000,0.258458,74.292603,107.317619
-11051.000000,-15553.000000,-500.000000,1.786447,14.713654,-2.623417
-3551.000000,12947.000000,-500.000000,-6.294295,-39.703488,0.663931
-3051.000000,1447.000000,-500.000000,-14.023512,16.270178,162.151502
-19551.000000,-13053.000000,-500.000000,6.740959,6.928008,-0.746583
-6551.000000,8947.000000,-500.000000,23.606088,-68.381969,21.252193
-20051.000000,2947.000000,-500.000000,16.118162,-6.287246,1.127003
-14551.000000,-5053.000000,-500.000000,40.244750,17.414326,6.768955
8449.000000,-18553.000000,-500.000000,-4.378995,-1.463401,-7.470910
-9051.000000,-19553.000000,-500.000000,0.531856,5.721331,-7.920607
-13551.000000,-18553.000000,-500.000000,-0.009937,8.664820,-1.980527
7949.000000,-13053.000000,-500.000000,-14.910096,-2.402488,-18.532431
10449.000000,8947.000000,-500.000000,-16.191917,3.187204,-30.996146
7449.000000,15947.000000,-500.000000,-7.868422,-1.849988,-10.123279
13949.000000,-5053.000000,-500.000000,4.792681,-9.115597,-38.992086
12449.000000,-10553.000000,-500.000000,-7.302151,-9.751237,-23.210597
-7551.000000,14447.000000,-500.000000,3.555055,-25.439035,-3.575636
14949.000000,-19053.000000,-500.000000,-0.950512,-4.297477,-8.135976
-9551.000000,-6053.000000,-500.000000,79.921285,84.979859,56.171145
-12051.000000,4947.000000,-500.000000,49.361380,-31.461605,13.309054
-18551.000000,-16053.000000,-500.000000,1.723088,7.635913,-3.950904
-4551.000000,17447.000000,-500.000000,-4.518356,-16.775229,-5.166400
-18051.000000,-15053.000000,-500.000000,3.971100,8.554771,-2.614332
18949.000000,16947.000000,-500.000000,-1.099276,3.313796,-5.194809
-9051.000000,-14053.000000,-500.000000,-1.201383,22.397004,-5.937206
6449.000000,447.000000,-500.000000,-261.620457,-26.012051,101.388366
-10551.000000,-11053.000000,-500.000000,10.898179,35.941166,-2.453195
17449.000000,2947.000000,-500.000000,6.990106,3.252119,-21.672178
-51.000000,1947.000000,-500.000000,-28.029590,-8.123785,191.341940
-8551.000000,9447.000000,-500.000000,24.258991,-46.980353,7.563621
-3551.000000,18947.000000,-500.000000,-4.423012,-12.168063,-4.614786
8449.000000,11947.000000,-500.000000,-17.076860,0.689287,-20.720000
7949.000000,-11553.000000,-500.000000,-19.119522,0.873482,-26.102077
17949.000000,-11553.000000,-500.000000,1.513325,-6.862128,-8.000108
-2051.000000,-5553.000000,-500.000000,-35.223661,83.486303,-11.566713
-11551.000000,447.000000,-500.000000,86.308188,-18.952481,36.521971
-551.000000,3947.000000,-500.000000,-35.444568,-73.726536,191.618702
4449.000000,-14053.000000,-500.000000,-15.405149,7.167011,-16.155376
16449.000000,-9553.000000,-500.000000,-0.430713,-9.049075,-14.495374
-11551.000000,4947.000000,-500.000000,51.635378,-35.973262,18.717680
13949.000000,4947.000000,-500.000000,0.923701,10.097902,-35.270801
-4051.000000,-10053.000000,-500.000000,-19.509556,50.828960,-7.993603
949.000000,-15053.000000,-500.000000,-12.808751,12.460379,-12.094440
-1051.000000,-8553.000000,-500.000000,-13.285460,55.378385,-14.424732
5449.000000,4447.000000,-500.000000,-145.414961,-103.938940,26.334189
8949.000000,-16553.000000,-500.000000,-8.916599,-6.852985,-10.176468
-20051.000000,19947.000000,-500.000000,0.964243,-4.086559,-4.769770
18949.000000,-7553.000000,-500.000000,7.940975,-6.945067,-10.236494
-17551.000000,9947.000000,-500.000000,11.258739,-8.562319,1.841157
-3051.000000,-2053.000000,-500.000000,-78.137200,84.710368,63.184419
17449.000000,-6053.000000,-500.000000,3.970800,-4.702321,-21.660115
-11051.000000,18947.000000,-500.000000,3.840715,-13.337846,-1.387861
-10051.000000,-5053.000000,-500.000000,99.260210,64.673597,55.065048
1949.000000,-5553.000000,-500.000000,11.518373,112.862969,51.420644
-12051.000000,-3553.000000,-500.000000,82.455784,24.270534,25.409002
-9551.000000,-18553.000000,-500.000000,-3.450500,7.291936,-6.260212
10949.000000,3947.000000,-500.000000,-28.421259,12.080540,-65.466249
-4051.000000,18447.000000,-500.000000,-3.656446,-14.703160,-1.101551
5949.000000,-553.000000,-500.000000,-251.823233,-2.344071,173.107803
8949.000000,-7553.000000,-500.000000,-42.513637,-1.593383,-50.692347
-551.000000,7447.000000,-500.000000,-42.062058,-125.470368,64.694008
-6551.000000,12447.000000,-500.000000,3.572845,-40.240055,-1.683715
13949.000000,5447.000000,-500.000000,-1.434078,8.925749,-32.760139
12949.000000,-17553.000000,-500.000000,-5.448759,-6.882517,-3.727705
-17051.000000,-11553.000000,-500.000000,10.870663,13.150909,-0.151995
18449.000000,12947.000000,-500.000000,0.446927,4.484679,-7.729491
14449.000000,-1053.000000,-500.000000,7.565465,-0.124950,-39.586087
-18551.000000,18947.000000,-500.000000,2.738013,-5.258518,-1.603491
5949.000000,5947.000000,-500.000000,-104.050874,-59.676935,-27.007817
-1051.000000,10447.000000,-500.000000,-22.109259,-71.262850,6.090817
-9051.000000,-3053.000000,-500.000000,151.623891,46.921263,132.186375
-17051.000000,-15053.000000,-500.000000,7.547142,6.157000,-1.717383
16949.000000,7447.000000,-500.000000,3.522731,6.514978,-16.939922
16949.000000,-20053.000000,-500.000000,-0.490584,-4.667998,-5.143029
10949.000000,-16053.000000,-500.000000,-4.364533,-4.935761,-7.597681
-14551.000000,16947.000000,-500.000000,3.731377,-9.333206,-3.075825
-1551.000000,447.000000,-500.000000,9.323724,46.666360,159.353393
19449.000000,-3053.000000,-500.000000,6.129848,-1.792265,-14.375949
-16051.000000,-2553.000000,-500.000000,36.073912,7.308333,4.324162
-12051.000000,9447.000000,-500.000000,21.187755,-28.098633,0.667356
6449.000000,16947.000000,-500.000000,-9.811754,-0.978871,-10.326118
17949.000000,15947.000000,-500.000000,0.000532,3.387678,-7.512988
-13551.000000,-18053.000000,-500.000000,0.863406,12.399145,-2.390648
-7551.000000,-19053.000000,-500.000000,-4.569816,9.320083,-5.201424
-7051.000000,-4053.000000,-500.000000,74.290300,110.256147,271.395926
4949.000000,-18053.000000,-500.000000,-8.405931,-0.426758,-8.039646
-15551.000000,-12553.000000,-500.000000,10.339849,16.084106,-0.910618
14949.000000,-17553.000000,-500.000000,-1.926710,-4.182978,-7.308151
4449.000000,-18053.000000,-500.000000,-8.435006,1.995050,-6.226255
-1551.000000,-18053.000000,-500.000000,-8.694872,9.386128,-9.357103
5449.000000,11447.000000,-500.000000,-29.634097,-15.033296,-23.379059
-2551.000000,-4053.000000,-500.000000,-61.841973,93.238572,8.002902
-15051.000000,-11053.000000,-500.000000,15.026000,18.680743,-1.917804
-1051.000000,3947.000000,-500.000000,-27.423091,-69.959285,200.913455
15449.000000,-2053.000000,-500.000000,10.746700,-4.599306,-36.652759
-16551.000000,-1553.000000,-500.000000,34.126785,2.825128,2.975155
-10551.000000,-6553.000000,-500.000000,63.554769,62.665139,25.965736
-13551.000000,-20053.000000,-500.000000,1.183312,6.815703,-5.462676
13449.000000,13447.000000,-500.000000,-4.619354,4.361635,-10.122034
12949.000000,947.000000,-500.000000,-0.155891,6.114347,-55.614302
5449.000000,10947.000000,-500.000000,-35.060696,-16.387764,-23.017593
9449.000000,5447.000000,-500.000000,-47.662257,-2.452878,-58.745888
-11051.000000,18447.000000,-500.000000,1.865525,-14.046153,-4.586364
-14051.000000,4947.000000,-500.000000,40.157919,-21.582113,3.973245
-51.000000,19947.000000,-500.000000,-6.305654,-7.531623,-3.624564
4949.000000,10947.000000,-500.000000,-34.963993,-22.793363,-21.948295
449.000000,17947.000000,-500.000000,-8.474539,-12.480125,-9.391303
5949.000000,-14053.000000,-500.000000,-17.377132,4.792415,-13.413463
7949.000000,5947.000000,-500.000000,-71.146348,-18.879682,-54.174838
-2051.000000,-18553.000000,-500.000000,-7.875065,8.126627,-5.570074
-17051.000000,2947.000000,-500.000000,29.617233,-7.736754,2.641321
7949.000000,-14053.000000,-500.000000,-13.299386,-0.364666,-13.180034
-8051.000000,-53.000000,-500.000000,152.064621,-50.625523,199.218200
15949.000000,-8053.000000,-500.000000,3.664601,-8.947677,-22.122657
15449.000000,15447.000000,-500.000000,-1.907915,4.505951,-7.832195
11949.000000,-5553.000000,-500.000000,-11.057003,-13.003071,-51.268858
-10051.000000,-14553.000000,-500.000000,3.584153,18.815996,-3.640467
-10051.000000,15447.000000,-500.000000,4.279114,-18.450204,-3.567610
-17051.000000,13947.000000,-500.000000,6.390901,-10.088438,-0.684920
-7051.000000,1447.000000,-500.000000,95.170674,-100.632767,183.366297
16449.000000,-13553.000000,-500.000000,1.517558,-5.583105,-10.480485
-11551.000000,-16053.000000,-500.000000,2.288957,15.105095,-4.665970
2449.000000,3447.000000,-500.000000,-77.782202,-97.103044,169.509261
-3551.000000,-3553.000000,-500.000000,-126.250138,93.131703,60.383328
18449.000000,-11053.000000,-500.000000,3.425431,-8.855136,-10.180718
-17551.000000,18947.000000,-500.000000,2.036487,-5.861683,1.962975
3449.000000,14947.000000,-500.000000,-17.613591,-14.352597,-10.858118
15449.000000,4947.000000,-500.000000,3.803454,7.443252,-25.729438
-6551.000000,-9553.000000,-500.000000,-4.507803,72.084440,4.865026
5949.000000,-18553.000000,-500.000000,-7.107762,0.683333,-12.065737
-2551.000000,-11053.000000,-500.000000,-15.314411,32.985909,-16.221483
8449.000000,6447.000000,-500.000000,-55.523707,-7.812820,-46.473974
12949.000000,2447.000000,-500.000000,-2.993703,7.780859,-54.295314
5449.000000,1947.000000,-500.000000,-202.184628,-89.176942,175.202353
16449.000000,13447.000000,-500.000000,-4.119264,5.418487,-8.362809
-6051.000000,17947.000000,-500.000000,-3.219939,-16.270142,-4.665683
2949.000000,-13553.000000,-500.000000,-14.669933,14.367638,-14.350066
-15051.000000,7947.000000,-500.000000,20.855841,-19.520764,3.296393
-51.000000,9447.000000,-500.000000,-36.146898,-82.592876,7.660134
-20051.000000,3947.000000,-500.000000,15.217140,-4.034654,-1.260178
-51.000000,18447.000000,-500.000000,-10.298938,-10.162630,-4.748284
-3551.000000,9947.000000,-500.000000,-2.043670,-77.601865,13.392354
-7551.000000,11447.000000,-500.000000,12.519038,-44.150968,4.628515
-4551.000000,-10053.000000,-500.000000,-20.235777,50.913873,-12.657445
-15551.000000,-13553.000000,-500.000000,7.460138,14.644298,-2.258436
-16551.000000,-2053.000000,-500.000000,33.052964,5.001302,2.654651
16449.000000,16947.000000,-500.000000,-4.616336,2.475505,-8.003930
18949.000000,447.000000,-500.000000,9.676256,0.487254,-19.636587
-12551.000000,-14553.000000,-500.000000,2.211939,16.459727,-2.682014
10449.000000,447.000000,-500.000000,-48.887997,4.790989,-90.408029
17449.000000,10447.000000,-500.000000,0.072021,6.399129,-11.944202
-11551.000000,-7553.000000,-500.000000,39.116640,45.810860,11.238067
8949.000000,-16053.000000,-500.000000,-7.930458,-3.643613,-11.784527
13949.000000,6947.000000,-500.000000,-1.049903,11.325987,-29.706116
-18051.000000,14447.000000,-500.000000,6.736967,-6.378367,-1.310392
-551.000000,14447.000000,-500.000000,-11.926321,-30.008672,-8.898337
-19051.000000,13947.000000,-500.000000,6.514058,-7.986984,-2.484677
-2051.000000,447.000000,-500.000000,5.399359,47.384076,142.155934
5949.000000,7447.000000,-500.000000,-67.934071,-38.341774,-34.650968
-3051.000000,-20053.000000,-500.000000,-5.460539,6.736794,-4.669777
-20051.000000,6947.000000,-500.000000,12.608977,-6.409903,-2.282252
5949.000000,5447.000000,-500.000000,-115.084710,-69.209410,-20.890686
-1551.000000,3447.000000,-500.000000,-12.814732,-47.036925,203.436981
-13551.000000,-1553.000000,-500.000000,61.851148,4.803056,14.367865
-6051.000000,6947.000000,-500.000000,50.246581,-91.827205,52.026098
17949.000000,-5553.000000,-500.000000,5.844461,-6.959578,-20.616290
17449.000000,14947.000000,-500.000000,-1.480633,3.133946,-7.247070
19449.000000,-15053.000000,-500.000000,0.630780,-4.622343,-6.894323
-2551.000000,16447.000000,-500.000000,-7.373704,-20.183440,-6.329263
9949.000000,3447.000000,-500.000000,-51.306822,4.895858,-72.796133
4949.000000,-9553.000000,-500.000000,-39.118339,33.966204,-18.290901
15449.000000,7947.000000,-500.000000,-1.194670,7.666740,-16.460737
5449.000000,-10553.000000,-500.000000,-32.018474,18.073050,-25.174505
-11051.000000,14947.000000,-500.000000,5.074952,-15.696912,-1.670037
449.000000,-18553.000000,-500.000000,-7.483089,5.921879,-7.467625
-551.000000,2947.000000,-500.000000,-28.205240,-35.290576,197.509139
-20051.000000,10447.000000,-500.000000,10.146730,-7.941640,-0.963723
8949.000000,-6053.000000,-500.000000,-67.385041,7.281006,-63.524197
-51.000000,8447.000000,-500.000000,-40.983403,-104.082247,27.199977
-3051.000000,-17053.000000,-500.000000,-7.985660,11.012412,-9.107615
8949.000000,-9053.000000,-500.000000,-31.401236,-2.329610,-40.629952
-18051.000000,18947.000000,-500.000000,3.527962,-6.090277,-2.607538
-18051.000000,-16053.000000,-500.000000,3.227506,8.402684,-0.799246
-20051.000000,-2053.000000,-500.000000,20.070860,1.261781,-1.203300
-3051.000000,19447.000000,-500.000000,-5.960749,-11.596262,-5.265953
11449.000000,-14553.000000,-500.000000,-4.625716,-5.461267,-13.029223
-8051.000000,13947.000000,-500.000000,3.824601,-26.443942,-3.584259
-13551.000000,-7553.000000,-500.000000,31.277989,28.306241,3.541384
4949.000000,6447.000000,-500.000000,-102.337699,-73.662319,-13.044503
-3551.000000,-11053.000000,-500.000000,-14.257889,39.149178,-12.901038
12449.000000,10947.000000,-500.000000,-8.290608,7.611330,-18.069890
-18551.000000,-19053.000000,-500.000000,1.865449,4.580054,-2.310380
11449.000000,-2053.000000,-500.000000,-16.894165,-5.357014,-81.172230
-11051.000000,-9553.000000,-500.000000,24.238171,40.788591,0.395378
4449.000000,5947.000000,-500.000000,-111.003757,-95.006297,10.595863
18449.000000,-2553.000000,-500.000000,8.501506,-1.784179,-20.120089
-8551.000000,5947.000000,-500.000000,57.411477,-63.568182,31.574479
-7051.000000,-12053.000000,-500.000000,-4.435367,35.093133,-5.490253
-15051.000000,-13553.000000,-500.000000,7.367114,13.090649,-1.830794
8949.000000,7447.000000,-500.000000,-37.143131,-1.396108,-41.218767
-2051.000000,-1053.000000,-500.000000,-3.521488,82.630871,93.619263
11449.000000,13447.000000,-500.000000,-8.564093,5.351989,-11.855005
14949.000000,13447.000000,-500.000000,0.021370,6.027152,-9.585549
13949.000000,-9053.000000,-500.000000,-1.625473,-8.767283,-26.385558
-10051.000000,4947.000000,-500.000000,63.127465,-50.878401,25.120730
-2551.000000,-7553.000000,-500.000000,-32.279529,69.025106,-16.737189
-10551.000000,-8553.000000,-500.000000,32.477964,52.877035,7.972200
-13051.000000,-4053.000000,-500.000000,60.232097,21.401529,12.599277
5949.000000,16947.000000,-500.000000,-8.429539,-3.160270,-7.844363
-13051.000000,12447.000000,-500.000000,10.239182,-18.345870,-1.633888
-16051.000000,8947.000000,-500.000000,15.539804,-12.932943,-3.216798
19949.000000,2447.000000,-500.000000,6.082307,2.363643,-15.736004
-7051.000000,2947.000000,-500.000000,84.223460,-91.911266,111.774605
-9051.000000,-5553.000000,-500.000000,98.104521,97.936013,81.704464
-11051.000000,1447.000000,-500.000000,89.222931,-33.061976,34.215766
-17051.000000,5947.000000,-500.000000,20.600733,-10.986946,-3.394040
14449.000000,9947.000000,-500.000000,0.468785,7.380699,-18.088232
16949.000000,-7553.000000,-500.000000,2.111288,-8.686538,-21.646488
-16051.000000,3947.000000,-500.000000,28.649657,-10.819034,2.239639
-20051.000000,19447.000000,-500.000000,2.187887,-5.491655,1.060532
18949.000000,-11553.000000,-500.000000,0.325509,-8.853621,-12.087144
-18051.000000,7447.000000,-500.000000,18.512755,-10.190025,-0.307079
-16051.000000,-53.000000,-500.000000,39.399486,0.827550,1.831391
-11551.000000,-17053.000000,-500.000000,3.350743,12.022775,-1.920815
6949.000000,8947.000000,-500.000000,-43.888034,-16.024693,-31.220700
-12051.000000,18447.000000,-500.000000,-0.100182,-11.459549,-3.717566
-20051.000000,4947.000000,-500.000000,16.428322,-5.028089,-1.470923
9949.000000,19447.000000,-500.000000,-3.921278,-0.479024,-4.015431
13949.000000,16447.000000,-500.000000,-3.939519,2.943201,-7.011784
16449.000000,-12553.000000,-500.000000,-0.692784,-7.568114,-7.878372
14449.000000,8947.000000,-500.000000,-3.391961,6.618368,-18.791605
-18051.000000,8447.000000,-500.000000,14.508341,-9.187749,0.566092
-9551.000000,1447.000000,-500.000000,115.627551,-52.102985,72.754150
-15551.000000,-13053.000000,-500.000000,5.680602,14.830987,-4.186249
-6551.000000,18947.000000,-500.000000,-2.780905,-14.690648,-0.195649
18449.000000,-16553.000000,-500.000000,-0.654424,-6.200469,-4.634008
13449.000000,16447.000000,-500.000000,-3.873522,4.341711,-7.694107
2449.000000,15947.000000,-500.000000,-12.755776,-11.322001,-7.295393
-1051.000000,-8053.000000,-500.000000,-15.375986,58.682648,-13.728822
-11051.000000,1947.000000,-500.000000,86.200680,-35.459705,31.039563
-7551.000000,-3553.000000,-500.000000,121.980006,81.607308,248.080296
7949.000000,-18553.000000,-500.000000,-7.178475,-1.610176,-8.253454
4949.000000,-5053.000000,-500.000000,-104.301270,143.171130,118.335825
-19551.000000,13947.000000,-500.000000,4.623017,-5.254653,-0.024597
-10551.000000,8947.000000,-500.000000,30.088674,-37.855394,8.155700
13449.000000,2947.000000,-500.000000,0.656853,8.138457,-45.507909
-17551.000000,-53.000000,-500.000000,28.424170,-0.987033,0.484179
11449.000000,-6553.000000,-500.000000,-14.259529,-9.852617,-48.446527
-13551.000000,-4553.000000,-500.000000,50.971944,23.090550,12.944689
7449.000000,7947.000000,-500.000000,-51.206348,-13.362544,-40.916799
-19051.000000,-16553.000000,-500.000000,0.131574,5.668420,-5.024532
-7051.000000,1947.000000,-500.000000,91.792456,-100.062703,158.527053
7949.000000,7447.000000,-500.000000,-49.741002,-9.985278,-42.687600
3449.000000,-4553.000000,-500.000000,-3.640710,139.602237,150.646120
-15051.000000,3947.000000,-500.000000,31.927059,-12.627265,5.650383
4449.000000,12447.000000,-500.000000,-26.277694,-15.874021,-17.044757
-14051.000000,-1053.000000,-500.000000,57.459308,1.969499,13.694719
-5051.000000,-10553.000000,-500.000000,-14.508059,48.234994,-10.261614
-12551.000000,12947.000000,-500.000000,9.895717,-18.334944,3.177712
-15051.000000,6447.000000,-500.000000,24.050065,-15.586612,0.696407
5949.000000,6447.000000,-500.000000,-91.299296,-52.762983,-30.117560
12949.000000,-18053.000000,-500.000000,-1.940039,-6.160716,-5.336527
5449.000000,-14553.000000,-500.000000,-13.106670,3.829547,-14.823805
-9551.000000,2447.000000,-500.000000,98.435763,-58.589395,60.028404
13949.000000,-13553.000000,-500.000000,-3.596615,-7.303534,-13.379654
-2051.000000,19447.000000,-500.000000,-3.773102,-13.409810,-7.736426
19949.000000,-53.000000,-500.000000,8.185169,-0.544558,-15.241939
-14051.000000,10947.000000,-500.000000,14.297602,-18.922513,-0.309854
-7551.000000,947.000000,-500.000000,119.415303,-90.861394,190.450170
-7551.000000,-4053.000000,-500.000000,113.022882,100.902361,233.986853
949.000000,4947.000000,-500.000000,-66.273122,-113.588783,147.912822
8449.000000,-8553.000000,-500.000000,-38.225103,3.606630,-35.916323
1949.000000,-10053.000000,-500.000000,-22.288567,41.311281,-19.481267
-3051.000000,8447.000000,-500.000000,-2.044435,-105.357361,42.806530
7949.000000,8447.000000,-500.000000,-38.267530,-6.942038,-36.982420
-15051.000000,4947.000000,-500.000000,31.921351,-15.007915,5.790568
3449.000000,4947.000000,-500.000000,-113.232233,-123.077193,78.602090
8949.000000,8947.000000,-500.000000,-27.711723,3.115090,-33.044072
-4551.000000,-6553.000000,-500.000000,-78.754969,128.410110,44.204155
16949.000000,-13053.000000,-500.000000,0.021674,-7.278242,-9.689062
4449.000000,9447.000000,-500.000000,-50.215474,-37.969035,-22.804091
-17051.000000,-8553.000000,-500.000000,18.038920,13.095220,-0.095587
11949.000000,-15553.000000,-500.000000,-0.672590,-6.840247,-8.705766
13449.000000,3947.000000,-500.000000,-2.181283,11.214069,-42.507322
-10551.000000,9447.000000,-500.000000,23.173783,-35.232010,5.415850
12949.000000,-9053.000000,-500.000000,-4.667505,-10.622245,-25.727167
-1551.000000,947.000000,-500.000000,5.858661,29.432537,169.465718
7449.000000,-16053.000000,-500.000000,-10.499345,-2.099898,-14.347964
-3551.000000,-2053.000000,-500.000000,-112.613423,76.955931,87.486187
-14051.000000,-7553.000000,-500.000000,31.949947,26.001963,1.017378
-7051.000000,5447.000000,-500.000000,65.853356,-81.811806,64.125015
-12551.000000,10947.000000,-500.000000,15.770928,-22.539204,0.439683
-9551.000000,-2053.000000,-500.000000,151.258682,18.028259,108.386700
13449.000000,11947.000000,-500.000000,-5.720703,5.967436,-13.862986
11449.000000,947.000000,-500.000000,-21.563227,6.820718,-73.804882
-10551.000000,18947.000000,-500.000000,2.739396,-10.037252,-5.234952
-9551.000000,8447.000000,-500.000000,32.274346,-45.344674,13.358569
-4051.000000,-13553.000000,-500.000000,-9.963796,24.491490,-11.900802
-15051.000000,5947.000000,-500.000000,26.489331,-18.563196,2.022075
-20051.000000,-18553.000000,-500.000000,-0.730887,4.210403,-2.123655
-18051.000000,15447.000000,-500.000000,4.668706,-8.056411,-0.620488
-6051.000000,-2553.000000,-500.000000,-28.301522,58.092543,322.657339
-7051.000000,-2553.000000,-500.000000,92.360275,49.360209,305.136528
-19051.000000,-10553.000000,-500.000000,6.478424,8.507126,2.931805
7949.000000,4947.000000,-500.000000,-89.732853,-22.090677,-56.925437
-3551.000000,8947.000000,-500.000000,4.931298,-92.842699,30.113076
19949.000000,6447.000000,-500.000000,3.140169,5.025397,-11.093034
13449.000000,-12053.000000,-500.000000,-4.147137,-7.300789,-16.664685
10949.000000,-53.000000,-500.000000,-33.428365,3.876042,-89.652181
-13551.000000,-17053.000000,-500.000000,2.778463,10.166097,-2.862889
18949.000000,-4553.000000,-500.000000,6.163962,-3.221517,-15.553034
-16051.000000,-3053.000000,-500.000000,38.938068,8.748169,2.288703
449.000000,-14053.000000,-500.000000,-11.647112,14.269647,-14.171884
-1051.000000,-6053.000000,-500.000000,-11.176060,77.835266,-3.928846
9449.000000,19947.000000,-500.000000,-5.589536,-1.883405,-5.782710
-11551.000000,17447.000000,-500.000000,4.140502,-14.500852,-0.552026
-19051.000000,-1553.000000,-500.000000,21.468937,1.159730,3.822254
17449.000000,-8553.000000,-500.000000,3.092224,-7.131951,-16.318490
17949.000000,-16553.000000,-500.000000,-1.169323,-8.736537,-8.204887
4449.000000,-17553.000000,-500.000000,-5.484081,0.051185,-11.299412
-17051.000000,8947.000000,-500.000000,15.476532,-13.181027,-1.954039
-19051.000000,-11053.000000,-500.000000,8.778595,8.823333,-0.199901
13449.000000,15947.000000,-500.000000,-5.766063,3.996143,-8.902160
18949.000000,5947.000000,-500.000000,3.397573,6.109997,-14.722267
-20051.000000,447.000000,-500.000000,14.742392,-0.022180,-0.231821
14449.000000,12447.000000,-500.000000,-2.413317,7.833267,-11.910511
4949.000000,5447.000000,-500.000000,-120.549486,-94.199602,9.356697
-16551.000000,-19053.000000,-500.000000,1.205848,7.216935,-4.281665
-7051.000000,-553.000000,-500.000000,104.684689,-37.942740,295.783309
6449.000000,8447.000000,-500.000000,-48.967110,-24.009787,-33.579259
-4051.000000,-14553.000000,-500.000000,-7.363174,16.347861,-6.080348
-2051.000000,15447.000000,-500.000000,-7.775644,-24.268216,-7.055242
-13551.000000,-16053.000000,-500.000000,3.301642,12.557529,0.370930
16949.000000,3447.000000,-500.000000,7.431449,4.270933,-26.666531
14949.000000,-9553.000000,-500.000000,-0.211054,-10.950318,-16.136587
-17551.000000,17947.000000,-500.000000,4.828444,-4.743056,-0.953212
-13051.000000,10447.000000,-500.000000,17.404856,-23.142200,-3.420002
-19551.000000,-11553.000000,-500.000000,7.223096,8.287386,0.121251
18949.000000,-5053.000000,-500.000000,6.240077,-8.627082,-13.902442
-8051.000000,11947.000000,-500.000000,9.639813,-35.081667,2.433605
-10551.000000,14447.000000,-500.000000,8.656032,-18.658152,-0.844145
-13051.000000,-17553.000000,-500.000000,-0.074102,8.446482,-7.403204
9449.000000,17947.000000,-500.000000,-5.635758,1.741623,-7.999335
-51.000000,-13053.000000,-500.000000,-15.579957,22.370024,-16.484738
18949.000000,-10553.000000,-500.000000,2.828242,-6.181650,-14.052704
19949.000000,19447.000000,-500.000000,-0.247907,3.388077,-0.251595
4449.000000,4947.000000,-500.000000,-127.291465,-112.695658,42.886387
7449.000000,14447.000000,-500.000000,-16.343225,-0.142060,-15.529273
14949.000000,2447.000000,-500.000000,7.459671,6.417550,-33.250697
12949.000000,-8553.000000,-500.000000,-4.835976,-10.776867,-30.878498
3449.000000,-10553.000000,-500.000000,-24.128372,29.898305,-19.359975
19949.000000,-12553.000000,-500.000000,3.360189,-5.793023,-4.923526
11449.000000,5447.000000,-500.000000,-15.826214,9.754827,-48.168181
449.000000,15447.000000,-500.000000,-13.125575,-20.648399,-8.035145
16949.000000,-1053.000000,-500.000000,8.819474,-1.545781,-27.687902
9949.000000,-7053.000000,-500.000000,-32.540163,-8.146662,-56.638512
-1551.000000,-3053.000000,-500.000000,-12.436872,101.165577,33.801212
-8551.000000,15447.000000,-500.000000,6.719826,-21.220474,-4.435694
2949.000000,-6553.000000,-500.000000,-19.426610,113.650465,32.655816
14949.000000,947.000000,-500.000000,7.343113,0.515719,-34.998168
-11051.000000,-14053.000000,-500.000000,4.493954,19.948131,-5.694809
-2551.000000,-15053.000000,-500.000000,-8.289341,15.304125,-5.825269
4949.000000,12447.000000,-500.000000,-28.255328,-15.294222,-11.880273
13949.000000,12447.000000,-500.000000,-1.789157,6.646308,-14.928998
13449.000000,-12553.000000,-500.000000,-2.221674,-10.357718,-18.318592
7949.000000,-4053.000000,-500.000000,-152.937916,28.803021,-56.025539
1949.000000,-16053.000000,-500.000000,-10.325298,9.376494,-10.308092
7449.000000,6447.000000,-500.000000,-69.664322,-22.769659,-47.109037
6949.000000,5447.000000,-500.000000,-98.965797,-43.035143,-40.715002
18949.000000,11447.000000,-500.000000,0.845445,3.753114,-9.889523
-16551.000000,-15553.000000,-500.000000,4.835672,9.901663,-3.161008
3449.000000,19947.000000,-500.000000,-7.490088,-4.350651,-5.227247
-6551.000000,19447.000000,-500.000000,-0.759545,-13.723899,-4.275626
-17551.000000,-15053.000000,-500.000000,5.700671,7.182134,-1.166290
15949.000000,-19053.000000,-500.000000,-3.522736,-3.992485,-5.158108
-12051.000000,-7053.000000,-500.000000,43.575092,39.896091,11.228342
-15551.000000,-5053.000000,-500.000000,34.699154,16.046702,3.499244
-2551.000000,1947.000000,-500.000000,-0.536298,6.969953,176.028805
949.000000,1447.000000,-500.000000,-27.810172,-0.014973,179.895147
12949.000000,-11053.000000,-500.000000,-4.341863,-10.044420,-20.212251
7949.000000,-17553.000000,-500.000000,-7.645152,-4.330569,-10.122164
17449.000000,19947.000000,-500.000000,-4.126163,2.679515,-2.413471
19449.000000,-10553.000000,-500.000000,0.865925,-9.662261,-10.880365
-18051.000000,-18053.000000,-500.000000,2.220573,5.806319,1.071720
6449.000000,-1053.000000,-500.000000,-268.806849,11.125507,106.282105
2449.000000,-8553.000000,-500.000000,-24.042644,64.870034,-12.758570
-4551.000000,12447.000000,-500.000000,0.275794,-44.494220,0.254602
-11551.000000,-8553.000000,-500.000000,27.654281,41.431260,4.198655
7449.000000,-17053.000000,-500.000000,-7.159413,-3.219071,-11.242384
3449.000000,3947.000000,-500.000000,-108.205234,-124.481775,128.863325
-1551.000000,4947.000000,-500.000000,-17.293136,-105.921305,177.371151
449.000000,-13553.000000,-500.000000,-15.554778,16.467474,-15.462707
-10551.000000,-10053.000000,-500.000000,17.372799,41.935192,1.845357
18949.000000,-14553.000000,-500.000000,2.922484,-6.726388,-10.224543
15949.000000,-9553.000000,-500.000000,3.383070,-9.850926,-17.623702
9449.000000,12947.000000,-500.000000,-14.288493,3.854937,-14.794456
-1051.000000,-20053.000000,-500.000000,-8.911750,2.842709,-3.743229
-14551.000000,19447.000000,-500.000000,0.621796,-7.377113,-1.187088
9449.000000,-1553.000000,-500.000000,-89.811397,0.856706,-101.580036
1949.000000,17447.000000,-500.000000,-10.893805,-9.815056,-6.014747
-6551.000000,-53.000000,-500.000000,60.297506,-59.730890,302.665189
2949.000000,5447.000000,-500.000000,-102.232865,-120.985970,75.759848
-4051.000000,8947.000000,-500.000000,7.569331,-90.068653,33.931068
18449.000000,19447.000000,-500.000000,-2.933790,0.641019,-7.085942
-20051.000000,-18053.000000,-500.000000,0.778794,7.255070,-1.462971
17949.000000,947.000000,-500.000000,9.558648,2.976076,-20.037881
-8051.000000,2947.000000,-500.000000,92.166319,-80.305036,86.516508
4949.000000,16947.000000,-500.000000,-9.289291,-7.224762,-6.677702
-3051.000000,10947.000000,-500.000000,-8.701369,-62.090933,2.046860
-3051.000000,5947.000000,-500.000000,18.043606,-122.492500,134.883633
14449.000000,6947.000000,-500.000000,-1.017461,9.985762,-21.799605
1449.000000,18947.000000,-500.000000,-8.551212,-9.297596,-7.901470
5449.000000,-4553.000000,-500.000000,-149.786320,125.342578,127.640036
-10051.000000,2447.000000,-500.000000,93.055405,-46.979477,48.671564
-15551.000000,-14553.000000,-500.000000,6.947901,11.086268,-5.052347
-1551.000000,6947.000000,-500.000000,-20.922822,-130.033421,94.837712
-14551.000000,-8553.000000,-500.000000,22.703092,22.169461,1.110481
-6551.000000,-2053.000000,-500.000000,37.026476,32.548403,331.316099
19449.000000,-9053.000000,-500.000000,3.179639,-8.909151,-7.959311
16449.000000,14947.000000,-500.000000,-1.028579,2.564092,-5.740636
2949.000000,4947.000000,-500.000000,-105.597176,-123.088479,96.054782
3949.000000,6947.000000,-500.000000,-93.272968,-84.662009,5.076704
-2051.000000,13947.000000,-500.000000,-11.868343,-32.461318,-8.304566
-17551.000000,-5053.000000,-500.000000,24.757018,9.099586,-0.722285
-11551.000000,7447.000000,-500.000000,33.959141,-34.557954,6.626350
19449.000000,-17553.000000,-500.000000,0.592715,-6.926600,-7.835832
-18551.000000,12447.000000,-500.000000,7.041645,-8.747553,-1.358376
19949.000000,14947.000000,-500.000000,-2.183960,2.219845,-5.422760
-19551.000000,-17053.000000,-500.000000,4.726947,7.942798,-4.406897
13949.000000,8947.000000,-500.000000,-3.339976,9.803476,-19.643422
-10551.000000,-18053.000000,-500.000000,1.513152,9.588063,-2.263214
-14051.000000,3947.000000,-500.000000,39.439109,-18.353230,4.804922
-3051.000000,3947.000000,-500.000000,16.905905,-69.603804,192.750607
4449.000000,-8053.000000,-500.000000,-47.511403,71.727581,-6.955630
-7551.000000,-14553.000000,-500.000000,-1.190473,20.570999,-7.051082
15449.000000,-13053.000000,-500.000000,-0.436763,-7.166703,-9.754147
9949.000000,-15053.000000,-500.000000,-9.141673,-3.290355,-9.761911
-16051.000000,-1053.000000,-500.000000,38.497522,1.162792,-0.279282
-10051.000000,-10553.000000,-500.000000,10.111257,42.506204,-1.537054
-18551.000000,-13053.000000,-500.000000,6.596973,11.573017,-3.216670
3949.000000,-12553.000000,-500.000000,-17.624277,12.800021,-18.429830
12449.000000,11947.000000,-500.000000,-6.554540,7.105018,-12.233683
9949.000000,-4053.000000,-500.000000,-54.696780,-3.417593,-87.380125
-1051.000000,12447.000000,-500.000000,-17.337143,-43.096892,-3.362205
10949.000000,9947.000000,-500.000000,-12.880052,5.185699,-24.786396
-9051.000000,10947.000000,-500.000000,15.641300,-37.403859,4.447955
-1551.000000,13947.000000,-500.000000,-13.329976,-29.923215,-6.213763
-13051.000000,-14553.000000,-500.000000,4.235682,12.478134,-6.923731
-15551.000000,-16053.000000,-500.000000,4.264121,12.294955,-4.668076
-12551.000000,5947.000000,-500.000000,38.157120,-27.551767,5.892835
-7551.000000,11947.000000,-500.000000,11.708359,-38.181917,0.512075
8949.000000,-1553.000000,-500.000000,-121.662098,3.185457,-100.039170
-17051.000000,8447.000000,-500.000000,16.527712,-9.602727,0.155640
-7051.000000,15447.000000,-500.000000,-0.805222,-23.031600,-1.709042
449.000000,-6053.000000,-500.000000,5.522777,90.198506,11.115067
10949.000000,-4053.000000,-500.000000,-26.820756,-4.567010,-77.590926
-1051.000000,6447.000000,-500.000000,-32.736027,-133.492962,112.474630
-8051.000000,-1553.000000,-500.000000,162.224230,3.338651,223.776395
8949.000000,-10053.000000,-500.000000,-23.592589,-2.658229,-32.902671
-8551.000000,-7553.000000,-500.000000,38.759915,96.517604,43.202971
18449.000000,-13553.000000,-500.000000,-0.501107,-6.256978,-8.052599
-15551.000000,15447.000000,-500.000000,4.737996,-12.057543,1.434068
449.000000,-10053.000000,-500.000000,-16.095468,39.805527,-16.766988
-20051.000000,7947.000000,-500.000000,11.658327,-6.583157,-2.269918
-20051.000000,14447.000000,-500.000000,3.747933,-5.847153,2.628832
-16051.000000,11447.000000,-500.000000,11.039050,-14.241569,-0.732888
-11551.000000,-15553.000000,-500.000000,3.429031,14.361292,-0.852665
-18551.000000,-9053.000000,-500.000000,14.570405,9.258312,-4.210201
12449.000000,4447.000000,-500.000000,-9.749801,9.661812,-50.865131
4449.000000,-8553.000000,-500.000000,-40.986471,60.117820,-17.958264
16449.000000,15447.000000,-500.000000,1.481996,2.619548,-4.398023
-12551.000000,-11053.000000,-500.000000,12.462544,26.986998,-2.575615
18449.000000,-17053.000000,-500.000000,0.311047,-4.178571,-6.896762
11949.000000,-12053.000000,-500.000000,-8.058985,-8.588516,-18.666646
18949.000000,9447.000000,-500.000000,3.049382,5.407518,-10.581932
13949.000000,-10553.000000,-500.000000,-2.912387,-11.559835,-20.595383
-9051.000000,-16053.000000,-500.000000,-1.339120,16.628335,-4.950719
4449.000000,4447.000000,-500.000000,-134.878748,-122.869438,62.829523
17949.000000,4947.000000,-500.000000,4.732192,6.092316,-15.763865
16949.000000,-14553.000000,-500.000000,2.309444,-6.556703,-7.231639
14949.000000,11947.000000,-500.000000,-2.762778,5.589941,-13.195403
2949.000000,447.000000,-500.000000,-8.145986,-6.780535,235.855862
-17551.000000,15947.000000,-500.000000,4.923092,-8.605988,-0.468792
6449.000000,5447.000000,-500.000000,-109.585924,-57.336769,-29.823254
-15051.000000,1447.000000,-500.000000,42.393595,-7.661908,5.385430
11949.000000,-9053.000000,-500.000000,-6.800788,-11.738462,-31.079398
-15551.000000,-9053.000000,-500.000000,18.201266,18.238293,-2.332843
12449.000000,-553.000000,-500.000000,-5.253194,1.177994,-68.906240
-1551.000000,-10553.000000,-500.000000,-15.866422,35.265562,-13.453609
-9051.000000,8447.000000,-500.000000,34.290043,-50.417648,10.113829
-17551.000000,15447.000000,-500.000000,5.237182,-7.686284,-2.905387
12449.000000,4947.000000,-500.000000,-9.388763,10.120555,-41.981210
-8551.000000,18947.000000,-500.000000,2.833639,-11.611579,-6.168837
-5551.000000,7447.000000,-500.000000,39.151213,-93.878908,52.935845
-19051.000000,4447.000000,-500.000000,18.157623,-5.020303,-0.216252
-17551.000000,11447.000000,-500.000000,9.782921,-9.106636,-3.303720
11949.000000,-5053.000000,-500.000000,-11.302923,-11.125208,-57.226382
-16551.000000,13947.000000,-500.000000,8.491688,-9.379500,-1.537556
-4051.000000,15447.000000,-500.000000,-4.588863,-24.817723,-5.240545
-14051.000000,6447.000000,-500.000000,30.720309,-20.839055,4.126852
14949.000000,12947.000000,-500.000000,-3.248265,5.721978,-12.257603
-11051.000000,-5053.000000,-500.000000,82.904603,50.788122,36.892213
-2551.000000,17947.000000,-500.000000,-4.950908,-14.243146,-4.235756
18949.000000,-2553.000000,-500.000000,8.391883,-4.052207,-17.640547
449.000000,10447.000000,-500.000000,-35.256045,-61.999275,0.542417
7449.000000,-3053.000000,-500.000000,-209.473198,33.206591,-20.838578
-15551.000000,1947.000000,-500.000000,38.430136,-9.070777,5.189919
-13051.000000,13947.000000,-500.000000,6.721506,-14.378256,-1.432000
3949.000000,-2053.000000,-500.000000,-43.905149,68.670161,271.755971
11949.000000,-13053.000000,-500.000000,-7.840905,-7.149126,-14.983137
8449.000000,7447.000000,-500.000000,-42.784631,-3.841564,-47.637598
-16551.000000,16947.000000,-500.000000,5.557389,-7.924281,-1.551305
1449.000000,-9053.000000,-500.000000,-19.003720,56.159090,-15.114298
-3551.000000,19447.000000,-500.000000,-5.911308,-12.337663,-5.272968
-7051.000000,-7553.000000,-500.000000,9.288122,124.045277,55.204878
-10051.000000,-2053.000000,-500.000000,135.588770,16.860390,80.850137
-12551.000000,17447.000000,-500.000000,2.672296,-14.714474,-0.510423
19449.000000,2447.000000,-500.000000,5.827163,1.509028,-13.923707
-13551.000000,7447.000000,-500.000000,26.713971,-22.055774,1.212079
-10051.000000,-18553.000000,-500.000000,-1.420031,6.909840,-2.822854
-10551.000000,6947.000000,-500.000000,43.233848,-40.453459,14.979623
17449.000000,-13553.000000,-500.000000,2.394654,-7.244401,-8.535423
10949.000000,-2053.000000,-500.000000,-33.010940,-1.995092,-83.661079
9949.000000,11447.000000,-500.000000,-15.949362,2.322570,-20.019642
4949.000000,-6553.000000,-500.000000,-76.986353,110.230384,23.709514
5949.000000,-17553.000000,-500.000000,-10.602496,0.262519,-7.463186
-14551.000000,12947.000000,-500.000000,8.348878,-15.654371,-4.191744
-12551.000000,15947.000000,-500.000000,6.349010,-14.168938,-5.118529
2949.000000,6947.000000,-500.000000,-86.899697,-101.353949,23.757759
-4551.000000,-17053.000000,-500.000000,-4.834272,12.795502,-7.805863
10949.000000,18947.000000,-500.000000,-5.872704,2.052875,-3.725459
-4551.000000,-15053.000000,-500.000000,-6.878318,18.363707,-7.982948
-19551.000000,-1553.000000,-500.000000,22.248820,2.905642,-0.866099
15949.000000,6947.000000,-500.000000,1.307806,6.783247,-23.497574
9449.000000,-11053.000000,-500.000000,-18.205731,-2.220079,-24.247404
-8051.000000,-19553.000000,-500.000000,-1.035743,7.401597,-2.345701
7449.000000,12947.000000,-500.000000,-17.273258,-3.511092,-19.089717
12949.000000,18447.000000,-500.000000,-3.473874,2.815477,-6.255528
-7551.000000,-15553.000000,-500.000000,-4.266592,16.355406,-5.454301
-4551.000000,14447.000000,-500.000000,-5.261934,-31.927890,-3.703709
14449.000000,17947.000000,-500.000000,-3.067707,0.389389,-6.675579
-1551.000000,8947.000000,-500.000000,-18.583152,-98.013164,26.089135
-13051.000000,-1053.000000,-500.000000,72.072294,1.139796,17.663232
-10051.000000,-17053.000000,-500.000000,-1.312187,11.129304,-2.908079
14949.000000,-10053.000000,-500.000000,0.158558,-8.512193,-21.042352
-9051.000000,-18553.000000,-500.000000,-2.303193,10.806055,-7.559976
-2551.000000,9447.000000,-500.000000,-11.164500,-90.972364,21.879912
3949.000000,15947.000000,-500.000000,-13.858936,-11.308588,-7.436753
-4051.000000,-9053.000000,-500.000000,-25.259090,63.131892,-10.398476
-11051.000000,-13053.000000,-500.000000,3.457290,21.348361,-3.665311
6449.000000,-553.000000,-500.000000,-269.173463,0.173263,109.395182
14449.000000,2447.000000,-500.000000,3.652726,8.015987,-42.664109
12949.000000,13947.000000,-500.000000,-4.746257,3.936252,-10.718479
-8051.000000,-11053.000000,-500.000000,4.302170,44.708519,-1.380653
8449.000000,-11053.000000,-500.000000,-21.141738,-0.985179,-27.039211
11949.000000,-2053.000000,-500.000000,-9.225618,-5.825377,-72.486384
19449.000000,-553.000000,-500.000000,7.839050,0.782564,-18.887418
13949.000000,19947.000000,-500.000000,-0.819312,2.728114,-5.162403
-15051.000000,-17553.000000,-500.000000,3.170702,9.240145,-1.037681
9949.000000,-11553.000000,-500.000000,-12.737374,-5.410782,-22.070478
-16551.000000,5447.000000,-500.000000,22.754041,-12.285933,-2.651291
14949.000000,-8053.000000,-500.000000,-0.166642,-8.544707,-23.655140
18949.000000,7947.000000,-500.000000,3.702633,5.873050,-14.993654
15449.000000,18447.000000,-500.000000,-1.495871,3.015304,-4.467139
-14051.000000,14947.000000,-500.000000,5.532671,-14.067726,-3.625599
5949.000000,447.000000,-500.000000,-247.695714,-32.116569,169.320149
-12051.000000,-19053.000000,-500.000000,0.710903,9.472300,-0.942017
-13551.000000,-9553.000000,-500.000000,18.971580,25.259989,1.472632
949.000000,8447.000000,-500.000000,-51.767853,-95.259864,22.310717
-19051.000000,-11553.000000,-500.000000,9.735238,10.610274,0.055348
-17051.000000,-1553.000000,-500.000000,34.599386,5.828960,3.570067
-3551.000000,7447.000000,-500.000000,13.623611,-118.142523,76.093632
13949.000000,447.000000,-500.000000,3.770747,2.549657,-48.942474
-8551.000000,-13053.000000,-500.000000,0.778039,26.395531,-5.177263
16949.000000,-10553.000000,-500.000000,2.163737,-11.731693,-14.538545
15449.000000,13947.000000,-500.000000,-3.944217,4.219121,-11.214666
18449.000000,947.000000,-500.000000,6.951712,2.997669,-20.540001
13949.000000,-13053.000000,-500.000000,-1.321215,-7.121259,-11.496260
-1051.000000,2447.000000,-500.000000,-15.114916,-14.075101,194.339069
11949.000000,-3553.000000,-500.000000,-7.806832,-8.432688,-66.428534
16949.000000,-16053.000000,-500.000000,0.507943,-4.020136,-7.606061
9449.000000,-10053.000000,-500.000000,-21.362175,-4.824602,-31.823938
11449.000000,1947.000000,-500.000000,-23.422991,7.199201,-72.106872
17449.000000,-5053.000000,-500.000000,6.768631,-7.147451,-20.656617
-6051.000000,-16553.000000,-500.000000,-4.932427,11.669228,-6.141404
449.000000,1947.000000,-500.000000,-28.385108,-11.518629,184.962080
-12051.000000,4447.000000,-500.000000,52.793061,-31.670701,14.242721
-1051.000000,-2553.000000,-500.000000,7.663415,111.782621,60.910962
-1551.000000,-15053.000000,-500.000000,-9.648111,13.512466,-13.374121
7949.000000,13947.000000,-500.000000,-14.789272,-1.795151,-14.008395
-14051.000000,-8553.000000,-500.000000,23.520860,25.284174,7.548306
949.000000,-10053.000000,-500.000000,-14.961701,40.494533,-14.180245
-10051.000000,-5553.000000,-500.000000,85.793899,69.837397,51.284411
17949.000000,7947.000000,-500.000000,3.987383,6.238350,-14.272788
-8551.000000,-3053.000000,-500.000000,156.853791,51.448988,169.363066
-3551.000000,-53.000000,-500.000000,-67.701344,34.962002,134.109821
4449.000000,-9053.000000,-500.000000,-35.360710,48.175205,-16.553834
18949.000000,17447.000000,-500.000000,-1.520645,3.903100,-3.636303
3949.000000,1947.000000,-500.000000,-95.545997,-87.665253,236.366383
-6051.000000,-6053.000000,-500.000000,-32.761292,169.199211,143.646485
-13051.000000,-5553.000000,-500.000000,49.723167,29.584140,8.254803
6949.000000,19447.000000,-500.000000,-7.595783,-0.719663,-9.609672
-6051.000000,-3553.000000,-500.000000,-35.026657,97.519792,304.797843
19949.000000,-6553.000000,-500.000000,6.239588,-7.009256,-13.932019
1449.000000,447.000000,-500.000000,-9.892912,22.841610,169.780644
14449.000000,5947.000000,-500.000000,0.934111,7.462187,-27.458303
11949.000000,-16553.000000,-500.000000,-3.847072,-6.031230,-6.160248
-18551.000000,8447.000000,-500.000000,12.056390,-9.778674,0.328676
-13051.000000,-15053.000000,-500.000000,3.619243,13.504283,-4.307527
9949.000000,-1053.000000,-500.000000,-66.031782,1.034521,-98.539480
11949.000000,3947.000000,-500.000000,-14.345254,11.758561,-56.105891
-8551.000000,7447.000000,-500.000000,42.967370,-58.913086,19.274176
15949.000000,-1553.000000,-500.000000,9.072507,-0.933815,-33.143587
-12051.000000,-8053.000000,-500.000000,33.323068,40.314528,5.864503
17449.000000,-2553.000000,-500.000000,8.155129,-4.752601,-21.476484
-1051.000000,-14053.000000,-500.000000,-12.334892,14.640794,-13.433627
6949.000000,-5053.000000,-500.000000,-156.905071,67.944356,-3.236833
-7051.000000,-6553.000000,-500.000000,24.361070,156.696300,104.968315
-13051.000000,-8553.000000,-500.000000,29.820376,29.976244,4.701895
8949.000000,3947.000000,-500.000000,-78.225046,-5.095261,-70.642036
-17051.000000,-20053.000000,-500.000000,3.148442,7.219898,-1.766988
-13051.000000,2947.000000,-500.000000,53.818750,-22.182557,11.041497
15449.000000,-553.000000,-500.000000,8.464958,0.532057,-36.179306
-10051.000000,5447.000000,-500.000000,55.895198,-49.622703,21.565072
-8551.000000,-18053.000000,-500.000000,-0.585211,12.162874,-2.724100
16449.000000,-10553.000000,-500.000000,2.058338,-9.776062,-11.407960
-7051.000000,-7053.000000,-500.000000,14.666940,141.135023,71.700622
-51.000000,19447.000000,-500.000000,-7.055701,-8.482328,-7.255996
5949.000000,-53.000000,-500.000000,-253.046618,-13.534651,172.531215
14449.000000,5447.000000,-500.000000,2.110375,10.353617,-30.356753
-1051.000000,-13053.000000,-500.000000,-12.437674,20.806994,-13.207607
-9051.000000,-7553.000000,-500.000000,44.175894,89.449336,32.170298
14949.000000,-16553.000000,-500.000000,-2.382081,-5.531240,-9.557024
-551.000000,11947.000000,-500.000000,-20.469733,-47.468326,-5.649817
8449.000000,16947.000000,-500.000000,-8.992455,-0.051720,-9.268218
14449.000000,-20053.000000,-500.000000,-3.452145,-3.875637,-3.993864
-13551.000000,-12053.000000,-500.000000,12.374173,20.974312,-5.827081
13449.000000,947.000000,-500.000000,3.514439,3.165496,-51.348341
-16051.000000,-11553.000000,-500.000000,10.686268,15.830303,3.720164
-5051.000000,5447.000000,-500.000000,59.926509,-102.207774,116.074092
13449.000000,5447.000000,-500.000000,-5.945954,11.102645,-34.040679
-16551.000000,17447.000000,-500.000000,3.547114,-7.560616,-3.609606
16449.000000,9947.000000,-500.000000,0.904923,7.203820,-15.582587
-19051.000000,-13053.000000,-500.000000,6.048495,9.423221,-1.374526
13449.000000,-13053.000000,-500.000000,-1.482785,-7.655710,-13.519749
-7051.000000,-5053.000000,-500.000000,57.807793,147.339119,220.228015
-15551.000000,8447.000000,-500.000000,19.499862,-16.022235,-2.649263
4949.000000,17947.000000,-500.000000,-9.469184,-3.026333,-9.215908
18949.000000,17947.000000,-500.000000,1.177986,3.437156,-3.834359
11949.000000,-4053.000000,-500.000000,-11.662177,-10.056653,-62.211708
4949.000000,447.000000,-500.000000,-173.287143,-33.231975,265.247561
-19551.000000,-15053.000000,-500.000000,5.352799,8.404074,-3.401221
18449.000000,2947.000000,-500.000000,9.242547,-0.038547,-19.155221
-7051.000000,-15553.000000,-500.000000,-5.607460,15.879429,-5.376096
19449.000000,5447.000000,-500.000000,4.920966,2.802046,-13.582427
-11051.000000,8947.000000,-500.000000,25.850405,-34.101870,5.327831
9449.000000,14447.000000,-500.000000,-11.140517,2.762077,-13.427265
-17051.000000,1947.000000,-500.000000,29.759961,-4.785503,1.358358
-2551.000000,-3053.000000,-500.000000,-57.151327,94.214128,25.752829
-14051.000000,-8053.000000,-500.000000,27.372323,22.558046,-1.665772
13449.000000,1447.000000,-500.000000,1.557373,7.983644,-51.285555
4949.000000,4447.000000,-500.000000,-141.024508,-114.493073,48.382577
-51.000000,447.000000,-500.000000,-20.041601,32.322015,184.561472
4449.000000,6447.000000,-500.000000,-102.353410,-82.655469,-1.488910
-9551.000000,-1053.000000,-500.000000,147.438265,-9.671493,110.308648
-19551.000000,-7553.000000,-500.000000,13.248915,5.091055,-1.233099
-8051.000000,16947.000000,-500.000000,-1.003435,-15.921833,-2.566583
-14051.000000,2947.000000,-500.000000,46.591724,-17.225194,7.258431
-19551.000000,4947.000000,-500.000000,14.795411,-5.493650,1.251679
-3551.000000,19947.000000,-500.000000,-3.777072,-11.419878,-6.249741
-4051.000000,18947.000000,-500.000000,-5.466944,-13.588633,-1.701199
-551.000000,-6553.000000,-500.000000,-6.359939,78.191140,-3.596512
7949.000000,-1053.000000,-500.000000,-198.090005,5.069497,-58.777064
16949.000000,-14053.000000,-500.000000,-1.544664,-4.874734,-9.272904
-6551.000000,-4053.000000,-500.000000,20.788605,114.962127,291.813917
11949.000000,-53.000000,-500.000000,-12.122288,4.354178,-73.253855
-2551.000000,5947.000000,-500.000000,3.301712,-124.608975,140.487101
19949.000000,-3553.000000,-500.000000,9.309424,-4.417317,-12.298946
19949.000000,8947.000000,-500.000000,5.082530,3.789835,-11.582072
-11051.000000,6947.000000,-500.000000,39.180213,-37.767911,8.455045
-1551.000000,-7053.000000,-500.000000,-19.497374,69.287123,-14.888301
-6551.000000,-14053.000000,-500.000000,-3.936075,22.507970,-7.824954
-16051.000000,2947.000000,-500.000000,33.739317,-9.936303,-1.813334
13949.000000,18447.000000,-500.000000,-2.862609,3.174242,-7.701579
10449.000000,18947.000000,-500.000000,-7.190806,0.644350,-6.848420
-6551.000000,-11053.000000,-500.000000,-7.120068,45.486180,-7.400073
-19051.000000,-17553.000000,-500.000000,0.837978,9.216665,-1.708974
449.000000,-1553.000000,-500.000000,-1.430642,92.374895,129.456456
-18051.000000,1447.000000,-500.000000,26.191782,-2.280399,1.469991
4949.000000,-14053.000000,-500.000000,-15.971484,7.478280,-13.375578
19449.000000,15947.000000,-500.000000,-0.329991,3.939136,-4.618016
-4051.000000,-2553.000000,-500.000000,-144.091252,77.408917,123.701071
6449.000000,6447.000000,-500.000000,-82.170983,-42.328666,-41.299309
-15051.000000,-7553.000000,-500.000000,26.864384,20.007312,0.848520
-2051.000000,-17053.000000,-500.000000,-5.589036,10.685715,-10.982947
15949.000000,18947.000000,-500.000000,-0.674569,1.579451,-2.531785
-6551.000000,2947.000000,-500.000000,77.206068,-93.201830,122.584463
-4051.000000,-1553.000000,-500.000000,-129.484904,58.944912,142.261952
-2051.000000,19947.000000,-500.000000,-7.431497,-10.511572,-2.215918
-51.000000,12447.000000,-500.000000,-18.923341,-40.573690,-8.736781
2949.000000,15947.000000,-500.000000,-12.892925,-14.348297,-13.914663
10949.000000,11447.000000,-500.000000,-10.697330,3.630189,-22.967394
12949.000000,-10553.000000,-500.000000,-5.198122,-8.561782,-19.217947
15449.000000,-11053.000000,-500.000000,2.996634,-9.561204,-18.009799
11449.000000,-9553.000000,-500.000000,-9.930127,-9.147844,-29.812645
-6051.000000,17447.000000,-500.000000,-1.228754,-16.936231,-5.209219
16449.000000,6447.000000,-500.000000,2.096619,9.069260,-20.153120
3449.000000,-17053.000000,-500.000000,-8.774124,1.171339,-10.172305
11949.000000,17447.000000,-500.000000,-4.246831,1.918923,-7.396899
17949.000000,-18053.000000,-500.000000,0.757309,-6.059555,-2.112340
-8551.000000,14947.000000,-500.000000,2.749082,-20.325074,-1.176343
14949.000000,7947.000000,-500.000000,1.015523,11.812479,-21.833039
4949.000000,18447.000000,-500.000000,-9.668657,-4.033395,-8.172779
-19551.000000,-10553.000000,-500.000000,10.721930,7.569909,-3.039229
18449.000000,-8053.000000,-500.000000,3.488315,-7.501753,-13.950078
-11551.000000,1947.000000,-500.000000,75.616609,-28.351635,27.205360
14949.000000,-7553.000000,-500.000000,1.796767,-9.152104,-26.958814
13449.000000,-17553.000000,-500.000000,-1.658415,-7.074427,-7.104146
-2551.000000,-5053.000000,-500.000000,-52.772278,89.085611,-2.187171
-9551.000000,2947.000000,-500.000000,88.871389,-58.087378,50.935138
4949.000000,18947.000000,-500.000000,-8.217203,-3.236508,-7.997581
10949.000000,-17553.000000,-500.000000,-3.953418,-4.308380,-9.883495
-51.000000,4947.000000,-500.000000,-50.639586,-109.011300,167.442482
5949.000000,13447.000000,-500.000000,-18.009862,-7.636031,-15.140766
2949.000000,13947.000000,-500.000000,-20.358514,-18.711393,-12.806721
1449.000000,8447.000000,-500.000000,-55.665321,-89.118109,16.016637
-12051.000000,-10553.000000,-500.000000,15.834003,30.226893,-2.283783
-16551.000000,15447.000000,-500.000000,3.972903,-9.544048,1.052177
1949.000000,6447.000000,-500.000000,-83.210508,-120.914526,62.676764
-551.000000,-20053.000000,-500.000000,-6.091517,3.021808,-10.907593
12449.000000,-17053.000000,-500.000000,-3.778087,-7.755378,-8.639638
13449.000000,-13553.000000,-500.000000,-3.270756,-7.842074,-12.137694
6949.000000,-3053.000000,-500.000000,-229.559024,45.991757,29.253680
8449.000000,14447.000000,-500.000000,-12.030504,2.018235,-13.711442
18449.000000,18447.000000,-500.000000,-3.304798,1.041830,-5.874481
18949.000000,19447.000000,-500.000000,-0.448993,0.034590,-1.077589
6449.000000,18447.000000,-500.000000,-8.660254,-3.393479,-5.611691
-20051.000000,7447.000000,-500.000000,11.525736,-9.826271,2.286480
-13051.000000,19947.000000,-500.000000,1.846225,-7.304702,-1.380803
-20051.000000,16447.000000,-500.000000,6.131891,-7.077743,0.547872
-11051.000000,-16553.000000,-500.000000,2.614459,14.380128,-5.068150
-8551.000000,1447.000000,-500.000000,123.525692,-71.048266,115.328784
-6051.000000,3947.000000,-500.000000,75.324474,-85.932370,115.947599
-6051.000000,-10553.000000,-500.000000,-9.693334,52.797288,1.314089
-10551.000000,-553.000000,-500.000000,118.263236,-11.984843,63.233108
-1551.000000,-18553.000000,-500.000000,-8.616047,7.354512,-7.666995
-7051.000000,13447.000000,-500.000000,5.341629,-31.513480,-0.963960
10949.000000,-4553.000000,-500.000000,-25.768658,-9.137459,-69.011053
7949.000000,-9553.000000,-500.000000,-32.925267,4.625005,-33.024084
2449.000000,-4053.000000,-500.000000,31.929131,120.603201,130.604203
3449.000000,-10053.000000,-500.000000,-28.310914,37.473991,-19.681926
15949.000000,-15053.000000,-500.000000,-1.801107,-5.892808,-8.996009
-13051.000000,14447.000000,-500.000000,10.466391,-16.902410,-1.164603
12449.000000,-18553.000000,-500.000000,-2.457465,-5.124052,-10.811922
18949.000000,-18553.000000,-500.000000,0.720023,-5.969472,-6.781485
3949.000000,-3553.000000,-500.000000,-35.001938,120.566210,225.808074
-5551.000000,1947.000000,-500.000000,32.219823,-86.985016,185.613136
-6551.000000,17447.000000,-500.000000,0.184474,-17.528477,-2.987721
-5551.000000,11447.000000,-500.000000,4.003336,-51.745242,5.468845
-20051.000000,-4553.000000,-500.000000,17.794090,5.947236,-1.570999
16949.000000,6947.000000,-500.000000,2.832173,6.954360,-17.447467
1449.000000,3947.000000,-500.000000,-69.153059,-94.169175,167.919416
4449.000000,13447.000000,-500.000000,-20.667015,-13.769626,-15.691572
19449.000000,-2053.000000,-500.000000,5.651315,-2.620016,-14.059960
-19051.000000,-17053.000000,-500.000000,4.154079,5.718868,0.366945
-4551.000000,-18053.000000,-500.000000,-6.819790,11.726743,-7.012596
-17551.000000,-16553.000000,-500.000000,3.332663,8.978251,-2.269324
11449.000000,18447.000000,-500.000000,-4.482287,0.957619,-6.588600
19449.000000,-12053.000000,-500.000000,3.308802,-6.804368,-7.783601
16949.000000,12947.000000,-500.000000,2.644875,5.970454,-8.101481
5949.000000,-12053.000000,-500.000000,-22.016793,9.520049,-18.494669
-15551.000000,17947.000000,-500.000000,6.642330,-8.068277,-2.210843
7449.000000,2447.000000,-500.000000,-185.216631,-39.918339,-30.094706
-51.000000,-3053.000000,-500.000000,13.922676,108.357366,58.929772
18449.000000,-18553.000000,-500.000000,1.203587,-6.828739,-5.409557
16949.000000,-15553.000000,-500.000000,-2.614406,-5.646732,-9.156580
15449.000000,12947.000000,-500.000000,-1.056721,3.745951,-11.877195
-12551.000000,-6553.000000,-500.000000,46.426054,34.501267,9.124816
10949.000000,-19553.000000,-500.000000,-5.101743,-1.217034,-5.691286
3949.000000,16947.000000,-500.000000,-12.105631,-7.897184,-7.153811
16949.000000,-6053.000000,-500.000000,4.508684,-9.578011,-19.876895
19449.000000,-20053.000000,-500.000000,2.212368,-3.055952,-1.964708
18949.000000,-9053.000000,-500.000000,3.533592,-5.875158,-16.226633
7449.000000,-13053.000000,-500.000000,-14.108306,0.589329,-16.068962
-15551.000000,11947.000000,-500.000000,7.018431,-15.295401,-1.465154
-20051.000000,-7053.000000,-500.000000,14.553082,7.092414,-1.595041
-1051.000000,4947.000000,-500.000000,-30.227971,-106.480804,172.530191
8949.000000,3447.000000,-500.000000,-86.363948,-5.639515,-76.417728
-4051.000000,6947.000000,-500.000000,27.898861,-117.369549,88.018066
7449.000000,-10553.000000,-500.000000,-26.782248,6.078254,-25.798308
-11051.000000,5447.000000,-500.000000,50.247187,-41.583264,16.682789
-12051.000000,-17053.000000,-500.000000,2.265541,12.837754,-1.022160
14949.000000,-4553.000000,-500.000000,8.029251,-7.799364,-34.325007
-8051.000000,5447.000000,-500.000000,63.261280,-70.166755,41.388045
