x,y,z,Bx,By,Bz
-20051,-20053,-500,0.547917936823996,2.19099108636795,0.58197616112608
-20051,-19553,-500,3.26767135763923,4.46906981099368,-1.64032800790227
-20051,-19053,-500,1.43112019493221,8.1446609073066,-0.404637909848347
-20051,-18553,-500,-0.730887017371712,4.21040251618386,-2.12365521519937
-20051,-18053,-500,0.778793841443529,7.25506990325789,-1.46297135992592
-20051,-17553,-500,0.714183664394379,7.75836076823081,-0.0985720346365281
-20051,-17053,-500,0.2364499699882,5.18316621622943,-1.47669130339706
-20051,-16553,-500,4.97022932132757,6.88033492457206,-3.46992371632991
-20051,-16053,-500,2.66747645612799,8.7870378621951,-3.78727008164281
-20051,-15553,-500,7.77510405240302,5.97629935245414,-5.18768766291022
-20051,-15053,-500,2.45809849593904,5.76138148189028,-2.12432278423656
-20051,-14553,-500,5.05032562286789,6.50422830892534,-1.19811843882241
-20051,-14053,-500,6.80404847764466,9.47809789969621,-4.92328599427794
-20051,-13553,-500,6.31617429353474,7.98148406243991,-0.549264964850502
-20051,-13053,-500,7.00346496718623,5.80274175444518,3.73491983878081
-20051,-12553,-500,8.27022468692985,6.15230375330378,-2.1030980638802
-20051,-12053,-500,6.88689786049694,10.7096464787705,-3.651018931891
-20051,-11553,-500,8.04686615834788,4.87958407670586,3.35495057852218
-20051,-11053,-500,10.6906607063967,9.55218236206661,-0.35136607308837
-20051,-10553,-500,7.95065442714184,5.19664890698673,-4.48514070121308
-20051,-10053,-500,8.17441888933732,8.80678634262397,-2.48363697409529
-20051,-9553,-500,8.15763687670347,9.00763710137845,-0.220269998379925
-20051,-9053,-500,12.1406107023833,7.59446318564439,-0.701684272762543
-20051,-8553,-500,11.6338470652963,7.09640197220973,-1.0002200024337
-20051,-8053,-500,9.7308205293298,7.71132717550179,-0.716982570693077
-20051,-7553,-500,13.0919972532265,6.61841916474049,0.232757081387734
-20051,-7053,-500,14.5530818767303,7.09241417854077,-1.59504138008782
-20051,-6553,-500,13.1417523281649,7.9489461580826,0.663185189894962
-20051,-6053,-500,13.6844529648291,5.10996136193534,0.214621011980293
-20051,-5553,-500,16.6017038512175,5.68903087287197,1.02271611004784
-20051,-5053,-500,17.8645707342952,7.06886522607646,-2.49823242486594
-20051,-4553,-500,17.7940904889125,5.94723558107691,-1.5709987756724
-20051,-4053,-500,18.5008399414503,4.60686881193885,1.07193988939984
-20051,-3553,-500,17.2065790177732,5.06603780473758,-2.53789674399571
-20051,-3053,-500,17.1152719852255,5.18208854730222,-1.65251055956684
-20051,-2553,-500,18.3278928613888,3.60535392589059,-0.575838247388644
-20051,-2053,-500,20.0708603822046,1.26178052404492,-1.20329997195787
-20051,-1553,-500,18.7963984757857,3.67317815449483,0.819174323528794
-20051,-1053,-500,20.7901089690195,1.78599625812375,-2.74576278122245
-20051,-553,-500,21.9977973378895,-1.3421967686828,-3.36301116429342
-20051,-53,-500,17.2526251404244,0.381898045357532,-1.1593908693541
-20051,447,-500,14.7423919485656,-0.022179645168405,-0.231821145812553
-20051,947,-500,18.1501967033573,-1.86043311161643,0.119193282987617
-20051,1447,-500,17.9860961274626,-3.45833707112109,-0.0103497425955539
-20051,1947,-500,16.4687740704619,-2.11381988206831,-0.074544631755207
-20051,2447,-500,18.5333131219205,-2.38290212788313,-1.41708039763569
-20051,2947,-500,16.1181616637784,-6.28724592918566,1.12700287128558
-20051,3447,-500,15.8042370243846,-3.98820543511362,-2.42912313920153
-20051,3947,-500,15.2171395123447,-4.03465390587488,-1.26017807263878
-20051,4447,-500,18.0463612679538,-4.65764772461909,0.853913725109005
-20051,4947,-500,16.4283220184591,-5.02808882066631,-1.47092345839356
-20051,5447,-500,18.1767066414864,-5.37124463099412,-0.721628790703904
-20051,5947,-500,16.4851561339882,-6.97692720265352,-1.66220831232335
-20051,6447,-500,14.0957045872484,-7.31704585728506,-0.759132251127694
-20051,6947,-500,12.608976845745,-6.40990286075876,-2.28225188755087
-20051,7447,-500,11.5257362506399,-9.82627067808129,2.28647976956909
-20051,7947,-500,11.6583268545453,-6.58315683279782,-2.26991798648449
-20051,8447,-500,13.1255650544295,-5.97760631359866,-0.57554270267179
-20051,8947,-500,8.49374071207711,-8.71716511585994,0.906807124339419
-20051,9447,-500,8.52425276820996,-6.79883795166219,-0.202092633013628
-20051,9947,-500,10.1967384517105,-7.06578029099729,-0.913868586297757
-20051,10447,-500,10.1467296064217,-7.94163998786708,-0.963723115867249
-20051,10947,-500,9.49225978280809,-7.53583699280651,-1.24156994003845
-20051,11447,-500,7.94522023962591,-5.11908702942676,0.947080962431758
-20051,11947,-500,10.0650716984311,-7.55271250747475,-3.15469379985404
-20051,12447,-500,7.69228132883968,-6.45173440653398,0.297881592031114
-20051,12947,-500,5.78712735812469,-9.77300066880651,-0.654712109963883
-20051,13447,-500,9.47920470551613,-8.29436146779062,-0.266049658030362
-20051,13947,-500,9.54124105121726,-9.1615627000741,-6.42233556159037
-20051,14447,-500,3.74793336265064,-5.84715274217067,2.62883164873722
-20051,14947,-500,4.90156182527329,-7.02116526052023,-4.91593398807853
-20051,15447,-500,4.96194411646502,-7.50098052329433,-0.491144542579928
-20051,15947,-500,2.87557507724882,-4.85860242058199,-1.50923505416655
-20051,16447,-500,6.13189100003321,-7.07774263513021,0.547871661556798
-20051,16947,-500,2.79844318356258,-6.92198531982489,-0.721855195678346
-20051,17447,-500,4.67315614390429,-5.71835098073864,-2.95143692589779
-20051,17947,-500,4.69895991011488,-6.1091584776283,-1.27519043672082
-20051,18447,-500,3.71220639132939,-4.84944799875447,-2.29516605333084
-20051,18947,-500,1.46456542068127,-5.57780590763662,-0.857475684697707
-20051,19447,-500,2.18788705605066,-5.4916549748127,1.06053212930055
-20051,19947,-500,0.964243188674618,-4.08655879042176,-4.76977048589463
-19551,-20053,-500,0.72318501952126,5.95797741659739,-1.47877860358927
-19551,-19553,-500,1.3618037798018,6.51064098772451,-1.08286749422771
-19551,-19053,-500,4.26431043451186,7.81831735912093,-2.95606569996754
-19551,-18553,-500,1.99816132752204,5.99071839674867,0.213840004953159
-19551,-18053,-500,3.4368283714847,6.77419895774056,-1.67206351362423
-19551,-17553,-500,2.69638249359041,6.3642019870982,-2.75444227784457
-19551,-17053,-500,4.72694714201141,7.94279799963987,-4.40689667816042
-19551,-16553,-500,4.75266949966286,6.75955250089453,-1.67275015035466
-19551,-16053,-500,4.21160061631379,4.58908920888721,-3.26161059088722
-19551,-15553,-500,6.6527235944375,8.15905178520793,-6.16780099758588
-19551,-15053,-500,5.35279870064128,8.4040744868833,-3.40122101951471
-19551,-14553,-500,4.77208895317518,8.30606613742662,-1.41388846177533
-19551,-14053,-500,4.86787375532379,5.62450662814228,-0.960279244967397
-19551,-13553,-500,3.33390506648532,6.81937286987436,-5.76474835979569
-19551,-13053,-500,6.74095931122836,6.92800843524469,-0.746583243658186
-19551,-12553,-500,9.11159747466883,8.38131218887164,0.249176339632428
-19551,-12053,-500,8.49828793811111,7.89333372650603,-0.350037897221828
-19551,-11553,-500,7.22309630817181,8.28738648986879,0.121251100978688
-19551,-11053,-500,11.2483472773049,7.49854333827048,0.102902067450157
-19551,-10553,-500,10.7219298579189,7.56990894473143,-3.03922854542841
-19551,-10053,-500,9.61679164886466,9.66270283740175,-4.31125851819443
-19551,-9553,-500,8.12009167690854,9.99308915873505,-1.66583526311533
-19551,-9053,-500,9.13270139398511,7.25711516991085,-0.257674277318075
-19551,-8553,-500,14.5221432237751,9.13297575978375,0.171580281269988
-19551,-8053,-500,15.9306321375128,7.15795335771872,-2.58398909718605
-19551,-7553,-500,13.2489151182756,5.09105485939719,-1.23309945812079
-19551,-7053,-500,14.2286679913174,8.75968611894981,-0.363711048964961
-19551,-6553,-500,16.3201519376718,9.18703811064893,-1.39109905646865
-19551,-6053,-500,18.6006052237221,8.96361580427391,-1.10654256225482
-19551,-5553,-500,18.0387810189182,7.11437194202582,-3.42018075723528
-19551,-5053,-500,17.8333656046278,8.62601481557949,4.93842640980113
-19551,-4553,-500,17.2711352460433,4.93670025153433,-0.822427901538087
-19551,-4053,-500,18.8229954296919,4.39365803485584,-0.317149577829489
-19551,-3553,-500,18.5322611523471,3.25747567780259,-2.16607169043169
-19551,-3053,-500,19.8035437004851,4.95376635275831,-0.315677990406416
-19551,-2553,-500,21.1312232435788,2.05991800879527,-1.96716173198479
-19551,-2053,-500,19.8703041548935,1.29308141296191,-3.5805559298795
-19551,-1553,-500,22.2488204623051,2.90564229393199,-0.866099433003511
-19551,-1053,-500,19.4098253178712,-0.111042132437099,-4.2046603793816
-19551,-553,-500,20.2616866830845,-0.440427482991766,0.446018415188635
-19551,-53,-500,20.8996968482004,-1.26449227078287,-1.67346263589168
-19551,447,-500,17.4530974302075,-0.492288505402619,1.74834749867068
-19551,947,-500,22.2734794683593,-2.34032141752229,-2.57043463712737
-19551,1447,-500,20.2577649620187,-3.49922621678043,-2.16400123436462
-19551,1947,-500,19.6932504376863,-1.09926953126894,2.93656834086338
-19551,2447,-500,21.1823794973567,-3.40127332508558,-1.59645076252913
-19551,2947,-500,20.6679181781479,-3.74776190841345,-2.59238097231587
-19551,3447,-500,18.5252448302103,-4.56794251143656,1.24499636038422
-19551,3947,-500,20.0482776665492,-5.88909414946352,1.17078118727032
-19551,4447,-500,14.2252593365926,-4.34918378142371,-1.58457874862996
-19551,4947,-500,14.7954114768376,-5.49365022461481,1.25167896883244
-19551,5447,-500,16.4665277779987,-7.76349034718742,-0.610250025114266
-19551,5947,-500,14.8189911531427,-7.09029735167234,2.62144642431172
-19551,6447,-500,14.792343359014,-7.25677411487484,-4.05382755765982
-19551,6947,-500,13.7080695110291,-8.36415367155864,0.135577328801349
-19551,7447,-500,13.0310789894141,-5.34346736519843,-3.7424623162869
-19551,7947,-500,14.6943925388038,-6.14258301460951,-1.28594876677885
-19551,8447,-500,12.5767969368443,-8.71582577926645,-3.44688371066829
-19551,8947,-500,13.7789501074324,-8.19829413568128,0.474271686246906
-19551,9447,-500,11.790261354382,-5.92546685713403,0.193198041840216
-19551,9947,-500,8.89428722699806,-8.08273717577337,-0.952631237541718
-19551,10447,-500,9.32106245332884,-7.08137095215688,0.0888878783547127
-19551,10947,-500,8.41403969589201,-5.94055946400092,-0.140330582869475
-19551,11447,-500,10.4708257129065,-6.7250556163747,0.630660301581491
-19551,11947,-500,6.12507967864888,-6.36577659726559,-3.5735234204053
-19551,12447,-500,6.78310890558914,-6.77072158849669,-1.89949199048379
-19551,12947,-500,8.8218387240557,-5.30663047410116,-2.96974561229677
-19551,13447,-500,7.6041082792542,-7.86495987647205,-1.68454063403358
-19551,13947,-500,4.62301715587865,-5.25465317873692,-0.02459669854831
-19551,14447,-500,4.20526810770438,-8.46795499279331,0.0925531695438326
-19551,14947,-500,7.59111019333665,-8.13687259532721,-0.747158558466034
-19551,15447,-500,6.06762655640662,-8.30002665860268,-2.19222395167436
-19551,15947,-500,4.16400503309157,-5.11187722138178,-1.25251977042622
-19551,16447,-500,3.81260364002407,-7.84823923673378,-2.31691364445812
-19551,16947,-500,6.27239782570173,-4.01846538482328,1.33175683620806
-19551,17447,-500,5.23098402126396,-5.00246586836828,-2.42084721898577
-19551,17947,-500,5.05689937250322,-7.83426743152622,-0.976808728963516
-19551,18447,-500,3.27396761071166,-5.19849904704231,-0.0695873692740394
-19551,18947,-500,4.22083951353625,-4.58735419503749,1.85331677519917
-19551,19447,-500,1.76461960474825,-4.35467957540637,-1.67979835233249
-19551,19947,-500,-0.0880974729197303,-8.02113012244081,-1.96423411478501
-19051,-20053,-500,2.54701320107388,6.87538498504999,-2.25026057356674
-19051,-19553,-500,2.00473833087119,6.14154225540209,-3.41246533377327
-19051,-19053,-500,3.25053366290433,5.33903248392158,-1.03797853539708
-19051,-18553,-500,1.74366310927907,5.17959803247556,2.7242771299304
-19051,-18053,-500,4.16388982064492,6.13165362580647,-2.77271328397768
-19051,-17553,-500,0.837977595909375,9.21666479254745,-1.70897397274809
-19051,-17053,-500,4.15407931391981,5.71886765290368,0.36694490178034
-19051,-16553,-500,0.131574193107836,5.66841983785815,-5.02453167263042
-19051,-16053,-500,4.41817772955169,8.77031334252653,-1.97801773096012
-19051,-15553,-500,5.1883033885394,4.924497834712,0.394212760273725
-19051,-15053,-500,3.33483158161479,9.49840235809913,-1.18555860318929
-19051,-14553,-500,3.90751553199196,7.40608895898816,-1.84609900629072
-19051,-14053,-500,5.9091598160743,8.30838411202192,-3.95778344688217
-19051,-13553,-500,8.14839388768046,6.56201030546613,-4.36684206189458
-19051,-13053,-500,6.04849490377716,9.42322101710811,-1.37452552260601
-19051,-12553,-500,6.16460703442152,9.67685340610314,-4.87268037263516
-19051,-12053,-500,7.06171443571981,10.126858314286,-4.0713020258265
-19051,-11553,-500,9.73523803678676,10.6102739010308,0.0553483751427233
-19051,-11053,-500,8.77859451206766,8.82333343062596,-0.199900900580992
-19051,-10553,-500,6.47842369690531,8.50712569312664,2.93180510017207
-19051,-10053,-500,12.5135135567305,9.55297520259196,-4.93738180612065
-19051,-9553,-500,12.3026687642982,10.1445125728424,-3.98680643494584
-19051,-9053,-500,11.0151009795944,11.9129150434623,0.843869135504217
-19051,-8553,-500,15.7295343427038,9.13763117540813,0.00992358956764153
-19051,-8053,-500,14.506336731085,10.1445401909563,0.255424679301231
-19051,-7553,-500,14.9222542094067,10.6133325643663,2.8878885464709
-19051,-7053,-500,15.1138817825386,7.3951059537147,0.331509585749437
-19051,-6553,-500,18.3228466016914,11.1435815839545,-0.923309529337555
-19051,-6053,-500,16.6538381167142,7.673635975938,-2.25832704770656
-19051,-5553,-500,17.1561189105318,8.91695244677636,-0.47789581142281
-19051,-5053,-500,17.4458018324562,5.89690772634211,0.756392340808286
-19051,-4553,-500,20.4540218102382,5.41285231941043,-1.88648550719284
-19051,-4053,-500,20.5282553196713,3.40628987058528,1.39313988315633
-19051,-3553,-500,21.1943812415842,7.06983554719337,-2.29701515886879
-19051,-3053,-500,19.1972296252844,5.87113097676702,1.70013655766516
-19051,-2553,-500,22.4525256309217,1.03837428609772,-2.94672070407442
-19051,-2053,-500,23.2933299257198,3.81673318070024,-0.146477080182981
-19051,-1553,-500,21.4689373022619,1.15972985050363,3.82225440984295
-19051,-1053,-500,22.4053665229761,1.06687253806079,-1.54770729750507
-19051,-553,-500,23.8995700513892,1.03789085120903,0.101777206080621
-19051,-53,-500,20.3248547509744,-2.81315615985923,-2.91722969892421
-19051,447,-500,22.282914909028,-1.03071722215841,4.33358910404091
-19051,947,-500,23.1941717216823,-2.01799317185263,2.06159468249288
-19051,1447,-500,25.147423017078,-3.05718081605982,2.63478131056823
-19051,1947,-500,19.4546839893061,-3.72675575499961,3.72071245796716
-19051,2447,-500,20.5593950510938,-2.60607182621622,1.8473826215438
-19051,2947,-500,17.7123893386002,-6.34283765023576,-2.76698575280442
-19051,3447,-500,20.4394791771154,-6.74893963441598,-1.93139541899037
-19051,3947,-500,19.4510136191206,-5.50444632830275,-0.353486800379153
-19051,4447,-500,18.1576229331294,-5.02030295453938,-0.216251511319923
-19051,4947,-500,16.8246170845507,-4.92610090407009,0.60629043648166
-19051,5447,-500,15.7299625850725,-6.01422412510664,-2.49751453791704
-19051,5947,-500,16.1709539639919,-8.80675546690975,-2.61769389457265
-19051,6447,-500,14.6314764518513,-7.9244997670152,-0.834686316096308
-19051,6947,-500,15.3962037334124,-7.43469297410339,-2.98722687848255
-19051,7447,-500,15.7869907521666,-6.78622296946343,0.210513509316699
-19051,7947,-500,16.1518072930279,-7.81139931102465,-0.654816249313198
-19051,8447,-500,12.8538652632395,-8.87330409773997,0.818273968516652
-19051,8947,-500,13.8932395708405,-8.96303262621375,-5.47679948814358
-19051,9447,-500,11.2610141126536,-10.9057118506211,2.6259684153318
-19051,9947,-500,10.2301087364153,-7.64663125082281,0.364706336340031
-19051,10447,-500,12.3531126161228,-10.7616368671195,-4.3221290878299
-19051,10947,-500,8.12737390223978,-10.0185286421383,-3.66643640051634
-19051,11447,-500,8.01073281679572,-8.44965849212882,-3.29736665310453
-19051,11947,-500,9.74313137068108,-8.2622844862824,-1.01265247188778
-19051,12447,-500,5.5066855050757,-8.24037183303146,0.248780728413674
-19051,12947,-500,9.52042777350438,-7.89261295133348,-1.23021019596493
-19051,13447,-500,8.41804432021181,-6.80232988570578,-0.810166116461093
-19051,13947,-500,6.51405836852083,-7.98698411784556,-2.48467718943332
-19051,14447,-500,4.80980416080129,-7.21597116706602,-5.35683410538044
-19051,14947,-500,3.47221703207281,-7.91281907879738,-3.86648766973224
-19051,15447,-500,4.88408933668208,-8.01377028446556,0.637461431914507
-19051,15947,-500,5.0263838326048,-6.14378447829212,-4.53256131366045
-19051,16447,-500,4.17480181893352,-6.58315447015772,-0.795058684278984
-19051,16947,-500,3.7852041055116,-5.1556778637338,0.957482586405438
-19051,17447,-500,4.04478470525364,-5.79886327959844,-2.66836681762761
-19051,17947,-500,3.94480757694599,-5.56449638148965,1.09683926031595
-19051,18447,-500,3.87026124483037,-6.1038721911537,-2.51492303878804
-19051,18947,-500,2.09043370574333,-5.58682581415146,-3.23627942613343
-19051,19447,-500,3.76005071655684,-4.81674490131714,-3.2622859500831
-19051,19947,-500,3.00447771534969,-6.32082238490598,-0.830180465510779
-18551,-20053,-500,0.860831053987119,4.93163221176983,-4.21037578029423
-18551,-19553,-500,1.40074850702469,5.96583580178187,-2.89152592840016
-18551,-19053,-500,1.8654493642535,4.58005437995707,-2.31037990746625
-18551,-18553,-500,2.73588684591872,6.13187454374537,-0.293452918490764
-18551,-18053,-500,1.84944082887015,7.06369029395218,-2.57982646807126
-18551,-17553,-500,5.13589062006956,7.29067993750725,-2.81096096161805
-18551,-17053,-500,3.72419123072823,8.21098647254033,-1.05449111805802
-18551,-16553,-500,5.05929234029299,6.89860014103299,-2.96008590251132
-18551,-16053,-500,1.72308829790197,7.63591313108101,-3.95090377774853
-18551,-15553,-500,3.46615389315677,4.86498071969657,-2.80991147596901
-18551,-15053,-500,2.92659465805159,7.08606432136606,-0.935775266615615
-18551,-14553,-500,4.8899705963069,9.09223684881509,-4.9650593362395
-18551,-14053,-500,6.95542287605363,7.151478807877,-2.87713889696015
-18551,-13553,-500,3.0880172709192,7.72638086266957,-2.39316183567359
-18551,-13053,-500,6.59697324974264,11.5730171532824,-3.21666956551142
-18551,-12553,-500,6.83831545454663,11.2710498332322,-0.756784303304653
-18551,-12053,-500,8.08021161863147,10.6726141059543,-3.48930860207082
-18551,-11553,-500,11.1278797458814,10.6664162506351,-1.24284335609819
-18551,-11053,-500,10.3962705528418,10.7845826754519,-1.71287112050361
-18551,-10553,-500,12.083252863672,7.5320934544583,-1.96665720988699
-18551,-10053,-500,11.0567795100025,10.5156790847477,-3.02810959276452
-18551,-9553,-500,16.0504013436207,10.1850979573412,-3.58773834621814
-18551,-9053,-500,14.5704045515169,9.25831171289625,-4.21020054190664
-18551,-8553,-500,13.9793142478674,12.4404703206733,-0.313293216961779
-18551,-8053,-500,14.7970775857246,10.1919744083213,0.657953614583502
-18551,-7553,-500,17.0752708516625,9.3818398145071,-5.50071860440154
-18551,-7053,-500,17.336684144982,8.30160776271494,0.0080710099502522
-18551,-6553,-500,19.0738072872876,7.22791317423365,2.21876488613431
-18551,-6053,-500,18.5637270896023,10.7590444643308,-2.07116717107842
-18551,-5553,-500,18.2537138995281,9.55278363356051,-0.533208244942257
-18551,-5053,-500,21.2617207946843,8.20433148451314,1.18134575085099
-18551,-4553,-500,21.930426961194,7.41667810196054,-7.19888299467316
-18551,-4053,-500,22.0078043549704,7.28315610480948,0.783448914615874
-18551,-3553,-500,23.4067359172904,7.36535842068255,4.00896700050815
-18551,-3053,-500,22.4263364937233,5.37176360245406,-6.23948119590641
-18551,-2553,-500,24.70211393091,6.31226182146936,2.89770042727382
-18551,-2053,-500,25.84096047662,4.58667308791615,-0.785600077050725
-18551,-1553,-500,25.7554814833687,3.4350734119452,-1.29717141172302
-18551,-1053,-500,23.5224685342127,1.07005290738133,0.304166264486202
-18551,-553,-500,23.8978388883326,2.55336743081533,0.522654023633349
-18551,-53,-500,27.3389821256079,1.83764612059731,-1.12414276702779
-18551,447,-500,24.3241040309056,2.45951926978812,1.38920045171792
-18551,947,-500,24.0849242958002,-0.846185522816632,0.218910683343113
-18551,1447,-500,25.4750346939583,-3.32958532649938,-0.0220718999474954
-18551,1947,-500,23.1548014614491,-4.53555068757444,-1.73710228432505
-18551,2447,-500,22.5977397983073,-4.98707422913747,-1.61618471747408
-18551,2947,-500,18.840544837851,-4.04206302144787,-0.394559692304098
-18551,3447,-500,19.4641026379993,-6.45111415621108,1.39781377532159
-18551,3947,-500,17.2585218657811,-6.46631376066559,-1.92459166918957
-18551,4447,-500,20.8791886970341,-6.50416743872634,0.363583395442798
-18551,4947,-500,18.7353821873408,-6.98121072975368,-1.63147992683223
-18551,5447,-500,18.3559625000364,-6.72278577554216,0.783032080256211
-18551,5947,-500,19.0342477614905,-7.52376700795664,-0.15087212501413
-18551,6447,-500,17.4199932118776,-6.98369603064491,-0.769886367686125
-18551,6947,-500,16.5816889285845,-8.05340884087699,0.810606266217421
-18551,7447,-500,14.5215747436112,-7.38001576089422,-1.63291337601948
-18551,7947,-500,15.7142057564253,-9.34823650368164,0.21224632876093
-18551,8447,-500,12.05639029588,-9.7786737579402,0.328675776956077
-18551,8947,-500,11.018778764591,-7.5963047682916,-0.764338497780041
-18551,9447,-500,11.1938404812218,-8.11728656512106,0.188066106785078
-18551,9947,-500,10.8972504615568,-8.51013427584705,0.851223609289904
-18551,10447,-500,9.56241339292653,-9.03384129304847,-1.07434949843119
-18551,10947,-500,11.2921350718051,-9.23418872318061,-5.84994749939992
-18551,11447,-500,8.71894085635535,-8.50941384733033,-0.961953430068985
-18551,11947,-500,9.51529391395041,-10.1159261484334,-3.46936354691623
-18551,12447,-500,7.04164455158408,-8.74755274218493,-1.3583763509958
-18551,12947,-500,5.25474052348537,-8.53555081834931,-1.00998208367845
-18551,13447,-500,7.30256860433626,-7.9483265733249,-0.71028495535196
-18551,13947,-500,7.59561879253122,-7.62138842335236,0.0792312346272884
-18551,14447,-500,8.64101303329748,-6.99264313825753,-0.423501224629517
-18551,14947,-500,6.51891143014587,-6.90489333045863,-4.63764145234469
-18551,15447,-500,5.83986423232997,-6.63181305292832,-3.31329867400336
-18551,15947,-500,6.28914065142614,-6.91335501269685,-1.33901009895256
-18551,16447,-500,5.4346180225804,-6.72488679189128,-2.29602139138663
-18551,16947,-500,4.97885758222917,-7.72617605987336,0.193252161822573
-18551,17447,-500,2.38125915505285,-7.18524735096975,-2.64445346308994
-18551,17947,-500,3.73754794197532,-5.78137405759467,-2.76681407882232
-18551,18447,-500,2.49679904454043,-6.36188947569285,-1.27530597534601
-18551,18947,-500,2.73801264658851,-5.25851795521926,-1.6034905594378
-18551,19447,-500,2.87891437805604,-5.44792684639353,-3.47245872772505
-18551,19947,-500,0.9657526702943,-3.50122003922243,-2.07579351117163
-18051,-20053,-500,0.656148426919954,8.12505507261789,-5.29495293235711
-18051,-19553,-500,-1.37547928586978,5.16739066466047,-5.48258755389169
-18051,-19053,-500,4.65367662079559,5.61059422366444,-4.87908878464306
-18051,-18553,-500,0.122660722572533,7.01273183921435,-1.50302512140473
-18051,-18053,-500,2.22057304872725,5.80631914672597,1.0717204789666
-18051,-17553,-500,4.88169064232484,5.92312147573628,-3.7719440464941
-18051,-17053,-500,3.13775537726203,9.11538569851344,-6.19021253918967
-18051,-16553,-500,3.11992305967693,10.082634268348,-0.599000622346741
-18051,-16053,-500,3.2275056684472,8.40268401711154,-0.799245812009238
-18051,-15553,-500,1.45682487218186,8.45238873205752,-3.78625040132028
-18051,-15053,-500,3.97109951853403,8.55477148633249,-2.6143321215463
-18051,-14553,-500,2.3954391644261,9.3478890695596,-3.03616708189239
-18051,-14053,-500,5.62662886150438,9.24824434097576,-4.94172312039291
-18051,-13553,-500,8.06599535897567,9.69276545181319,-0.99072968053569
-18051,-13053,-500,7.76729389095775,9.21728418192776,1.16014478647148
-18051,-12553,-500,8.24605617359685,11.179527278103,-0.861113722146274
-18051,-12053,-500,6.75188909069545,11.6808857100042,1.21862162864879
-18051,-11553,-500,8.86126720463125,11.5086472548457,-1.88706768908215
-18051,-11053,-500,12.4071373505118,12.5554630318382,-0.540800058345151
-18051,-10553,-500,9.3808922074323,10.7962921517882,-3.81218366335721
-18051,-10053,-500,12.903078249938,9.16826474589898,-3.20061907901235
-18051,-9553,-500,12.970784491458,11.6624363190727,-0.78369071011953
-18051,-9053,-500,15.0866833586059,13.3475093764028,-1.91862483967923
-18051,-8553,-500,14.6695213681764,9.77382100542871,-1.96174853587311
-18051,-8053,-500,15.7531512310797,11.9013443584148,-0.685139796931918
-18051,-7553,-500,18.7201263108063,8.77857965796766,-1.76325453230985
-18051,-7053,-500,20.2259974989833,10.9625994202735,-0.554839160824043
-18051,-6553,-500,17.1501750534154,9.98088717370343,-0.689729203873715
-18051,-6053,-500,23.4596344468157,11.773083775477,-1.24683923266876
-18051,-5553,-500,18.4901095611622,9.43998456710219,0.0385204043028467
-18051,-5053,-500,21.3300792652228,10.1422681797109,-2.23755664580414
-18051,-4553,-500,23.621093375923,7.10016874163385,3.21295988899197
-18051,-4053,-500,25.1781365630876,6.63242888166911,1.23308687004014
-18051,-3553,-500,25.6325823748941,8.49788903644246,-1.16654908331185
-18051,-3053,-500,24.5731085035677,4.81565679486495,-0.601892255703586
-18051,-2553,-500,23.5519076213122,4.87988882136518,-0.194804248220624
-18051,-2053,-500,26.7175385639681,3.17481267099579,1.3018431106588
-18051,-1553,-500,25.0375903555387,3.61228355789984,1.00729310596629
-18051,-1053,-500,25.815845943171,0.670513279983769,-0.184111916532083
-18051,-553,-500,26.3737121643215,0.232545202891045,2.75861452337421
-18051,-53,-500,25.5999575204293,0.0878744547422411,2.8417251004884
-18051,447,-500,25.9607217992109,-1.72437891411071,-2.14665930450211
-18051,947,-500,25.6173538879895,-3.11384876712205,-0.0510121511409678
-18051,1447,-500,26.1917824182568,-2.2803987933508,1.46999050784833
-18051,1947,-500,25.6419118136458,-4.14541215179017,1.1836261688445
-18051,2447,-500,22.0441782044227,-6.33608016727386,-4.15044443022488
-18051,2947,-500,22.6756623270243,-5.38926792957705,-2.8145424836683
-18051,3447,-500,22.5850934312891,-3.79020531273024,-4.36041791690581
-18051,3947,-500,20.6935027054923,-8.62274051618301,0.540186967985187
-18051,4447,-500,22.0708456967337,-7.40047956856378,0.841132394689744
-18051,4947,-500,22.2949209520998,-6.82340317422558,-1.50266910866368
-18051,5447,-500,20.7544538396144,-9.62379719395453,-1.67447202994045
-18051,5947,-500,19.4598918919467,-10.5726569217345,-0.828165711406866
-18051,6447,-500,17.3444397054158,-9.31607728618235,1.21780688947451
-18051,6947,-500,16.585161145384,-8.14008292627256,-0.913001174697
-18051,7447,-500,18.5127554205016,-10.1900248883156,-0.307078800579121
-18051,7947,-500,19.6114219239143,-7.72723823980274,1.29227435125329
-18051,8447,-500,14.5083405475281,-9.18774858349543,0.566092273969821
-18051,8947,-500,13.1106124420523,-11.3335706737554,0.333398515743922
-18051,9447,-500,15.7730062754149,-9.73712484499096,-2.11421049171182
-18051,9947,-500,10.4006960444753,-5.35765776434266,0.379923570840537
-18051,10447,-500,13.1475216374094,-10.7818770150962,1.46881846299397
-18051,10947,-500,11.4732198839655,-9.59775666097593,0.0478673976071947
-18051,11447,-500,7.91222820367763,-8.81161045376359,-3.23309668128107
-18051,11947,-500,12.8630556308271,-11.2642949591173,-7.2001165333561
-18051,12447,-500,10.9019575368789,-11.8670232719052,-0.43862331106398
-18051,12947,-500,9.53541289206578,-10.4271908702022,1.64370173131394
-18051,13447,-500,7.46571505493524,-9.39581582449913,0.581869141510867
-18051,13947,-500,6.05099513290161,-11.0652690265615,0.262089638698663
-18051,14447,-500,6.73696718851633,-6.37836742643101,-1.31039194010834
-18051,14947,-500,5.49833990310141,-7.39670388735465,-2.46713301209221
-18051,15447,-500,4.66870595092221,-8.05641146861278,-0.620488098950109
-18051,15947,-500,4.90329474912965,-8.38960303463801,-0.663366474712934
-18051,16447,-500,5.32774372732547,-9.81905886343814,-0.562733088748389
-18051,16947,-500,2.47681183114039,-7.69690112543673,1.56354711065305
-18051,17447,-500,3.10774987965013,-7.30360212232214,-2.61153284067949
-18051,17947,-500,0.921813986157454,-3.75647918612463,-5.47438290362296
-18051,18447,-500,5.14853590753263,-6.52969022352956,-0.806166404651853
-18051,18947,-500,3.52796200017547,-6.09027732496532,-2.60753831600506
-18051,19447,-500,0.772712729132165,-7.13516762030986,-0.896762056936161
-18051,19947,-500,4.33476504835003,-6.17511250284091,3.18211156443458
-17551,-20053,-500,3.35653468155479,8.04820760535367,-3.66707100519124
-17551,-19553,-500,2.25357411433599,4.84060830160137,1.33303396585366
-17551,-19053,-500,4.36504113167327,6.78373608087408,-2.87658406958136
-17551,-18553,-500,2.56299241989777,8.58562381323344,-0.233043452060783
-17551,-18053,-500,2.50594702345917,6.68708973756436,-4.9408248381981
-17551,-17553,-500,-0.89071358888566,8.80786940359914,-1.19566679360164
-17551,-17053,-500,3.44894100303808,5.17914184845618,-0.854302765433267
-17551,-16553,-500,3.33266260647666,8.97825094089158,-2.26932432996983
-17551,-16053,-500,4.81226761908568,6.07213075195094,-0.861624647671257
-17551,-15553,-500,3.94911453391614,8.23530921815539,1.28453815774644
-17551,-15053,-500,5.70067114367088,7.18213375035516,-1.16629040558107
-17551,-14553,-500,1.52984444012726,10.998918615334,2.81290370206776
-17551,-14053,-500,4.02773998331384,8.64208202316749,-2.52166247357475
-17551,-13553,-500,5.36763885370949,8.6213033880007,-1.94393295742389
-17551,-13053,-500,6.22346950771367,11.0300995974506,-3.94910089465387
-17551,-12553,-500,8.35966668165353,10.5770473196521,1.09554473633523
-17551,-12053,-500,9.96890637262073,11.157154758282,-4.14532586659386
-17551,-11553,-500,10.6379375990764,10.9214710785351,-2.93351718444686
-17551,-11053,-500,11.0428002081328,12.908325506762,-2.38824827881197
-17551,-10553,-500,12.2955388091494,12.4418216415477,-3.12664137544333
-17551,-10053,-500,11.8863407018014,12.0150577103508,0.0202321206440418
-17551,-9553,-500,13.4145958503715,11.8080124990589,-2.01876625224823
-17551,-9053,-500,13.9872880866301,12.788756478631,3.41551900219721
-17551,-8553,-500,16.3939321022052,14.3403310564439,-1.3871465764539
-17551,-8053,-500,15.4582352235369,11.576220464875,0.375887503503822
-17551,-7553,-500,16.099586923218,9.05783600638125,-0.556883619140701
-17551,-7053,-500,19.9872828224038,10.6876143551133,-1.37079251730715
-17551,-6553,-500,23.179378892169,12.7262314272229,-0.504022193585134
-17551,-6053,-500,22.074083045641,13.2401820189935,-0.461272599237241
-17551,-5553,-500,24.2028592780129,8.71411035815148,-2.27145495661611
-17551,-5053,-500,24.7570181775458,9.09958609069233,-0.722285194354767
-17551,-4553,-500,25.0090945495906,7.70978573567494,-1.9273458152673
-17551,-4053,-500,27.9121389589821,7.36728115163281,-0.314416478919718
-17551,-3553,-500,27.4976923727164,6.68075711352819,1.25013602542913
-17551,-3053,-500,25.8297299411166,8.57893463115863,0.450127518084096
-17551,-2553,-500,27.2698132213673,3.57543788255553,3.47647104079393
-17551,-2053,-500,27.095874341743,6.12416420644997,4.04873645245972
-17551,-1553,-500,28.3588737969163,2.03409638348782,0.719327044033504
-17551,-1053,-500,29.8139439815458,3.01152726021721,1.00773773690768
-17551,-553,-500,27.8517047977207,0.712012063736505,-0.636885388908758
-17551,-53,-500,28.4241700449767,-0.987033332934313,0.484178727519247
-17551,447,-500,30.0161674187096,-1.09262016437152,2.01683388102207
-17551,947,-500,28.1471454333518,-1.98230493698033,-0.167699108048698
-17551,1447,-500,27.6923091881087,-4.12305320887496,-1.59160384410076
-17551,1947,-500,29.2018192691295,-4.51743739208371,0.284564654435743
-17551,2447,-500,26.3119267066641,-4.51627802793042,3.42593640045991
-17551,2947,-500,26.728204161729,-4.50345527682404,1.75156898291577
-17551,3447,-500,22.9716177582662,-6.73550833627982,-0.677092693756569
-17551,3947,-500,22.1245512132767,-8.65776341163944,-3.07429391259402
-17551,4447,-500,22.2557644044089,-7.78853024497566,-0.24365114308842
-17551,4947,-500,22.0081385242777,-8.26710659116254,0.343561794227786
-17551,5447,-500,22.5308069625193,-8.15400390865477,0.186350291737032
-17551,5947,-500,23.3755985923343,-6.62086791702854,-3.11190934850352
-17551,6447,-500,20.0870855135536,-11.5598738317282,-1.54908765383892
-17551,6947,-500,17.2225837598877,-11.4673596030929,-2.01668255359074
-17551,7447,-500,20.7858896350408,-9.40287203162947,0.644943167503174
-17551,7947,-500,17.2865556508789,-8.67867712020425,4.13687113587431
-17551,8447,-500,15.0206902900725,-10.7359319251128,-3.27628824864753
-17551,8947,-500,14.9392124288003,-8.91319352935662,-1.68850227232647
-17551,9447,-500,11.9865923458298,-9.41486149192597,-2.65467241378953
-17551,9947,-500,11.2587389407858,-8.56231915921592,1.84115736610742
-17551,10447,-500,12.729419167581,-8.39582310296131,-0.290353989296651
-17551,10947,-500,11.9673377719119,-8.71054655736803,-3.09776825741991
-17551,11447,-500,9.78292122472963,-9.10663580183481,-3.3037201405493
-17551,11947,-500,9.58260696340154,-8.71434052032947,-1.71906131622314
-17551,12447,-500,11.6264268922176,-11.040303742259,-1.43332666389769
-17551,12947,-500,9.24098388876159,-11.1465673719304,-1.32010153867077
-17551,13447,-500,7.2958744496999,-10.4462066162694,1.56840106343419
-17551,13947,-500,5.22534803718183,-10.7594939523559,-2.45757750647409
-17551,14447,-500,5.79066071455315,-9.69774875005224,0.0460178797500269
-17551,14947,-500,7.58198415645839,-6.41721442061828,-2.64921765503628
-17551,15447,-500,5.23718216130205,-7.68628373973619,-2.90538676648341
-17551,15947,-500,4.9230918914496,-8.60598763551098,-0.46879218147256
-17551,16447,-500,4.69121686646829,-6.64651297559849,-0.250319896887178
-17551,16947,-500,5.59860719400764,-7.41506628957567,-0.747046205127636
-17551,17447,-500,4.27239600019846,-10.0379301741025,0.264571661607094
-17551,17947,-500,4.82844437544716,-4.74305612413082,-0.953211774892563
-17551,18447,-500,2.4164709507295,-7.88156038939513,-2.47461885223069
-17551,18947,-500,2.03648692667454,-5.86168324500954,1.96297454968194
-17551,19447,-500,4.42874485203192,-8.01440991495251,-1.38018154729253
-17551,19947,-500,5.90283570034667,-5.79779051728058,-1.58366942790346
-17051,-20053,-500,3.14844228067882,7.21989794425853,-1.76698767251846
-17051,-19553,-500,4.21056436565443,5.41513232106654,-1.35112366636118
-17051,-19053,-500,2.61268522666038,10.2428820705364,-1.53328127873329
-17051,-18553,-500,2.95076545970776,5.06861118191732,-2.7174872206537
-17051,-18053,-500,4.01326000126399,7.55122214425567,0.0400413846220498
-17051,-17553,-500,3.38177979474583,11.9761117264706,2.2671392784423
-17051,-17053,-500,1.87138485514483,10.1262622184806,-4.01679754858209
-17051,-16553,-500,3.16272044643588,7.25176468408016,-1.55882052996906
-17051,-16053,-500,5.61375448153103,8.40666944172329,-3.47259730144389
-17051,-15553,-500,3.72146955679336,10.7165566237746,-4.8489411369671
-17051,-15053,-500,7.54714176950692,6.15699999859429,-1.71738299816453
-17051,-14553,-500,2.83801999778135,10.0855013445835,0.667281933636269
-17051,-14053,-500,5.8434787000939,11.425202456745,-5.2973657639152
-17051,-13553,-500,5.76432680157725,11.2076965481605,2.02461928227651
-17051,-13053,-500,6.5694792038222,10.3953318705832,-2.15048953584468
-17051,-12553,-500,6.80180311802695,11.82723918814,-0.76780425777073
-17051,-12053,-500,7.38356480454354,13.5752802583773,1.14760152156543
-17051,-11553,-500,10.8706630483869,13.1509090241893,-0.151994622889992
-17051,-11053,-500,10.4801861682445,14.2189460301755,-0.440985747188599
-17051,-10553,-500,11.5158561882928,12.115190911881,0.56629307377921
-17051,-10053,-500,10.5361098841282,12.9793630716045,-3.1523013399647
-17051,-9553,-500,15.4822646146445,12.9561280962591,-2.17998930232568
-17051,-9053,-500,16.3212871776116,13.9039637992848,-3.69992511936959
-17051,-8553,-500,18.0389196011811,13.0952197175741,-0.0955874833444189
-17051,-8053,-500,17.648364038709,13.9026323736243,-2.5539943714019
-17051,-7553,-500,17.9321011788833,14.3035733974976,0.300008446012
-17051,-7053,-500,22.0476120267536,15.0010578186712,2.84164412671923
-17051,-6553,-500,22.8426141854555,11.6325675926011,-1.2558928458334
-17051,-6053,-500,22.7849375247411,13.4237197326183,-0.303564095481578
-17051,-5553,-500,24.9668309011608,12.6438028284948,-1.17244358246541
-17051,-5053,-500,24.7665850627233,8.47343606757116,-1.46791481485117
-17051,-4553,-500,24.4471067917091,8.17726254050724,-0.0794099739690433
-17051,-4053,-500,29.0739736995774,10.0435366761456,0.284064359954523
-17051,-3553,-500,29.3874252303446,7.57121937780162,-0.211415074460132
-17051,-3053,-500,29.3375784896598,4.74319975751555,2.26550023740065
-17051,-2553,-500,30.1311729525806,4.33331351927101,1.2227203443766
-17051,-2053,-500,33.3013876814341,3.74029048625564,-1.82886015651522
-17051,-1553,-500,34.5993856881559,5.82895992287161,3.57006653255998
-17051,-1053,-500,33.4991565377366,2.65850107817173,3.06999843527056
-17051,-553,-500,31.4256974860043,0.674276872147504,3.08983256960758
-17051,-53,-500,32.1367391654279,1.57183288482359,1.856612667114
-17051,447,-500,30.933557756518,-1.57795329967692,7.9828325276972
-17051,947,-500,28.0282545584231,-2.24787155110366,5.00355248152451
-17051,1447,-500,29.6550195895123,-5.70407197481177,2.00574883388747
-17051,1947,-500,29.7599607568661,-4.78550332182786,1.3583582584277
-17051,2447,-500,27.6156070110711,-8.20487947101897,2.17579263918671
-17051,2947,-500,29.617233488673,-7.73675408471875,2.64132083827726
-17051,3447,-500,26.2926542945209,-11.0569566104416,1.88595158105591
-17051,3947,-500,25.5172441818875,-10.2216223086158,2.71136744079329
-17051,4447,-500,23.4528262415447,-10.7777453677232,3.74881211483907
-17051,4947,-500,23.5801477587424,-10.1692087729786,2.94076342623262
-17051,5447,-500,21.3358483696787,-9.12760846646119,-0.873084302415299
-17051,5947,-500,20.6007334833098,-10.9869456692035,-3.39403958046937
-17051,6447,-500,20.192354583799,-10.3692924039424,2.10684293028239
-17051,6947,-500,19.4223917584004,-10.1284220433471,2.82167361441368
-17051,7447,-500,18.8458019763336,-11.3955430162907,-1.50437197843016
-17051,7947,-500,16.2175572041789,-13.1444433463177,2.80954087704938
-17051,8447,-500,16.527711680389,-9.60272660584805,0.155640262638773
-17051,8947,-500,15.4765324849159,-13.1810266574289,-1.95403946653285
-17051,9447,-500,13.4923935850454,-11.2682990384017,-0.885258736905758
-17051,9947,-500,14.426167631635,-10.4981064736464,3.47316638170819
-17051,10447,-500,12.7924361527556,-11.3758765854127,-1.10713019004705
-17051,10947,-500,10.7847616848114,-12.2655451260067,0.426298270890072
-17051,11447,-500,13.5573278099267,-11.0389039902527,-4.95283466789186
-17051,11947,-500,13.5167789553999,-9.54463555635285,-0.937255001970274
-17051,12447,-500,11.9304622472848,-9.56750812373041,2.09810696148339
-17051,12947,-500,10.1594857445084,-8.29017481609057,-1.52440261884696
-17051,13447,-500,7.86381959487688,-11.0931947200732,-2.28919851442705
-17051,13947,-500,6.39090135910744,-10.0884376531159,-0.684919618381602
-17051,14447,-500,8.09157339737874,-11.5615493261007,0.959623631549365
-17051,14947,-500,7.9444552198353,-6.03024151580147,-4.75301027774812
-17051,15447,-500,6.13451265623441,-9.56078212856642,-2.44225925583875
-17051,15947,-500,6.75780577094334,-8.94608187235601,-3.63993950300706
-17051,16447,-500,3.82483285153507,-6.58635368275245,-1.79307251922575
-17051,16947,-500,4.30955189986513,-7.57437669969035,-1.4497402961441
-17051,17447,-500,6.16516857283821,-7.14203718936225,2.94153323386842
-17051,17947,-500,4.4192607490346,-7.87915872483961,-2.40300116352903
-17051,18447,-500,5.48213572866273,-6.88457227718998,-1.29214984059104
-17051,18947,-500,5.566697700885,-5.41485713575181,0.305488031862206
-17051,19447,-500,2.75380165881119,-6.13678267858568,-3.42228547027919
-17051,19947,-500,2.71057936940657,-7.52284398265176,-0.205935956174363
-16551,-20053,-500,3.25308074666662,3.78528630786779,-1.40783367787753
-16551,-19553,-500,2.05271568962166,5.35524039864937,-3.4255307275183
-16551,-19053,-500,1.20584774587725,7.21693508181272,-4.28166546036899
-16551,-18553,-500,2.01844868421235,4.86817484004015,-2.22005020626901
-16551,-18053,-500,2.748656109582,7.99192647672084,-3.17257813292939
-16551,-17553,-500,1.50810395295346,8.16595533253198,-3.18585435225015
-16551,-17053,-500,4.17845858455804,9.8903502279804,1.30747803096471
-16551,-16553,-500,1.98960495016911,6.06101837933837,-2.29689548218039
-16551,-16053,-500,3.71687704583618,10.5154214622538,-1.06977554020927
-16551,-15553,-500,4.83567206022984,9.90166264219281,-3.16100752469721
-16551,-15053,-500,9.08897187991644,9.93072080083013,0.315669871390405
-16551,-14553,-500,5.21067413514745,13.1625879487222,-1.13045419519335
-16551,-14053,-500,8.77456841369937,9.21096272398201,0.564525877217205
-16551,-13553,-500,6.85551952746122,11.9189820756597,-2.3082604509688
-16551,-13053,-500,5.54264580120145,11.8338068170267,-1.58776393410324
-16551,-12553,-500,10.2909913975088,12.7767356259909,0.898344907307973
-16551,-12053,-500,10.8186819434146,13.3558682137257,-0.612498706539077
-16551,-11553,-500,9.37142162865568,11.6208782880632,-3.15092847247034
-16551,-11053,-500,13.0736477939287,14.5340970351495,1.0671975120671
-16551,-10553,-500,12.9181346999208,15.1825915858565,1.73973657401258
-16551,-10053,-500,16.3069474957417,15.6180845001147,-0.902874339775963
-16551,-9553,-500,15.4852672758611,14.355822539173,-1.63090492797107
-16551,-9053,-500,16.6148678913964,13.9524836869097,0.771524124677885
-16551,-8553,-500,18.2131284382552,15.8395470847509,-0.506891341708406
-16551,-8053,-500,18.7796690702753,13.0444681377206,1.13727719527821
-16551,-7553,-500,21.369769740377,15.5292393862369,1.73227710831969
-16551,-7053,-500,22.5420134504296,14.18312755603,-3.01938733645214
-16551,-6553,-500,22.6858142581936,13.946472077441,1.60795344781885
-16551,-6053,-500,24.8976234798301,14.3839563074329,0.61907161709632
-16551,-5553,-500,26.8787143809481,14.5305210108102,4.23732703596903
-16551,-5053,-500,30.6925368635331,12.5983524036457,0.37651601771256
-16551,-4553,-500,30.3843114516463,14.9437423827954,0.282364420409007
-16551,-4053,-500,32.3851532761775,11.1948475957935,4.50501440959214
-16551,-3553,-500,35.2218546075203,8.95251090910666,-0.949137679770156
-16551,-3053,-500,33.9283793310392,11.5664435054296,4.44752506259998
-16551,-2553,-500,35.8754532564624,6.78994076169408,0.658153394088735
-16551,-2053,-500,33.0529637566111,5.00130179348607,2.65465105447451
-16551,-1553,-500,34.1267847884111,2.82512797978791,2.97515520544349
-16551,-1053,-500,33.9254575920965,3.04684772730707,1.88429746171543
-16551,-553,-500,34.3644754347434,-1.18608964536068,5.51311512636186
-16551,-53,-500,34.8655307551016,-5.29286519354327,0.825744150295719
-16551,447,-500,34.2740769799967,-5.25020097717642,1.85177873905248
-16551,947,-500,31.922988784831,-4.5978158575813,1.68623672047304
-16551,1447,-500,33.4676570035606,-3.42114278926757,3.33567897922717
-16551,1947,-500,32.0052116404422,-5.90422900724105,1.60757231391066
-16551,2447,-500,29.8448755533366,-9.04625982941776,-3.10641701336917
-16551,2947,-500,30.3758579323008,-7.48215154014836,5.57795407648319
-16551,3447,-500,29.6855816754551,-9.06543991677473,1.54299762863952
-16551,3947,-500,29.0539094141331,-9.76710713511773,0.939994191404338
-16551,4447,-500,27.0278671065531,-10.9013493670221,0.873384601360936
-16551,4947,-500,24.6817814935935,-10.4460669370672,-0.413948972867639
-16551,5447,-500,22.7540411003514,-12.2859327690022,-2.65129104225379
-16551,5947,-500,22.9539407858493,-14.1962243234696,-2.84600443627769
-16551,6447,-500,22.8550552860627,-13.299927135995,-1.03950638359806
-16551,6947,-500,20.3481505145939,-11.3612398268914,-2.27391395229145
-16551,7447,-500,16.8221040405769,-11.6731296756885,-0.538173242740278
-16551,7947,-500,21.1493181875547,-13.4138743594027,0.43411492362814
-16551,8447,-500,18.6906538425756,-14.4831701159548,0.65376565862896
-16551,8947,-500,16.6795745373336,-11.8836454285809,0.20464724517557
-16551,9447,-500,13.0866722416224,-12.0949172306153,2.31986441049517
-16551,9947,-500,12.7052363369214,-12.8415681553073,-1.55118770697011
-16551,10447,-500,12.3294624787779,-10.1032629243406,-0.0421816406509369
-16551,10947,-500,12.5438720302269,-8.19477763132386,-2.52252794911777
-16551,11447,-500,7.55006251089453,-13.119331488137,0.890758849045237
-16551,11947,-500,11.2972176339352,-10.9039656654495,-2.55236817805179
-16551,12447,-500,11.8324560498661,-12.2265711921733,-2.04189588393087
-16551,12947,-500,8.65920327450858,-10.9285692165223,-1.58600995339659
-16551,13447,-500,7.97310366846752,-11.747509489075,-0.768484959270948
-16551,13947,-500,8.49168844435465,-9.37949953787294,-1.53755556270386
-16551,14447,-500,8.35666342648497,-8.04686469174297,-4.80233479629284
-16551,14947,-500,9.18778045098624,-10.5235362303319,-1.94065821590049
-16551,15447,-500,3.97290264546333,-9.54404756694425,1.05217671411181
-16551,15947,-500,4.27383917491206,-8.5982990191094,1.25918345970236
-16551,16447,-500,5.99665563783083,-7.57455574564981,-1.44473242484332
-16551,16947,-500,5.55738938920176,-7.92428083800562,-1.55130524047859
-16551,17447,-500,3.54711410522661,-7.56061602166065,-3.60960619752468
-16551,17947,-500,3.64380648313377,-6.65593613916089,-4.077971474393
-16551,18447,-500,5.01285697496963,-7.12628673597711,-2.895189620908
-16551,18947,-500,2.35133371303778,-6.6572096633571,-1.87115736817379
-16551,19447,-500,5.44897588693683,-6.52051883310614,-1.00555220657525
-16551,19947,-500,0.963568904360774,-4.44398831383091,-1.9852714897282
-16051,-20053,-500,2.06331128158578,5.46744375334857,-4.80123362642957
-16051,-19553,-500,2.07986379092095,6.30622562738401,-2.3890262962377
-16051,-19053,-500,1.22820912633531,5.4130452346537,-5.17340682547822
-16051,-18553,-500,3.23113751076166,8.91145380015767,0.38173663692672
-16051,-18053,-500,3.57608329932805,7.65045060067756,-3.6016063740796
-16051,-17553,-500,3.65423967780262,7.89411767867578,-2.46618041452327
-16051,-17053,-500,2.0117329682107,10.0288470089525,-1.42483701860368
-16051,-16553,-500,4.41823648776972,10.2837807273677,-4.3616998585173
-16051,-16053,-500,4.33651379176412,11.3392631211789,-4.36433636043038
-16051,-15553,-500,4.43634649596265,9.78291945503512,-1.77425097653279
-16051,-15053,-500,5.86897723300357,12.2495987872128,-4.56843008532897
-16051,-14553,-500,2.68768875248163,10.5645990937476,-1.52660838343868
-16051,-14053,-500,4.78054477060908,8.39080975809318,-0.211439781964691
-16051,-13553,-500,7.05026703350681,11.9528016831608,-2.89099132251381
-16051,-13053,-500,6.34465947093157,13.0501072029814,-2.17941133556641
-16051,-12553,-500,10.5049057752619,12.2065343126834,1.50053162534445
-16051,-12053,-500,10.2454715051748,14.184248950744,-2.07706679540273
-16051,-11553,-500,10.6862678355966,15.8303031334314,3.72016398887941
-16051,-11053,-500,12.7306753148057,14.5742415877518,-0.0545614669662949
-16051,-10553,-500,13.1625604428539,14.81124870185,-0.504156437809941
-16051,-10053,-500,14.7324102735863,15.0137688612922,0.233235099670134
-16051,-9553,-500,15.6832434203112,17.4962231728329,-4.85375951182646
-16051,-9053,-500,15.1716304162677,15.2513008934192,-1.29371748765173
-16051,-8553,-500,20.4122976331328,16.4057106816921,-2.29439094213588
-16051,-8053,-500,20.9392717118611,15.6392732283055,2.00796132759957
-16051,-7553,-500,21.5367478688507,17.578892370097,-0.570239254282068
-16051,-7053,-500,24.2668698444745,14.4640999430982,1.93203507506053
-16051,-6553,-500,25.1833971278504,15.5099568112559,-1.00134544714259
-16051,-6053,-500,28.3542004266465,14.7804501527472,-0.783589171428075
-16051,-5553,-500,28.4775430732985,15.6375557991428,1.25769022445443
-16051,-5053,-500,32.2672576010151,12.268074828087,2.83390579832814
-16051,-4553,-500,32.6327833990746,13.2188854353748,3.43106268961637
-16051,-4053,-500,34.404300232305,8.21326663505012,2.22723891136122
-16051,-3553,-500,33.5416665764825,12.8673127511465,6.48185115844425
-16051,-3053,-500,38.9380684679472,8.74816929555173,2.28870287112102
-16051,-2553,-500,36.0739122188258,7.30833263699065,4.32416233632603
-16051,-2053,-500,37.9982920587148,4.9447820146713,4.73167675587754
-16051,-1553,-500,38.9329949618977,3.32850524494786,2.12375436649767
-16051,-1053,-500,38.4975223111277,1.16279191985021,-0.279282314595602
-16051,-553,-500,38.0302595862846,0.366782345414339,3.11759858240534
-16051,-53,-500,39.3994859869543,0.827549664878635,1.83139113643325
-16051,447,-500,37.8473368708702,-3.5132674651334,5.1809912423042
-16051,947,-500,34.8662307784615,-3.85171026657379,5.79423910655308
-16051,1447,-500,35.0301688700665,-7.60866726628061,4.73909054953187
-16051,1947,-500,34.1246775244241,-5.12316964681247,3.40253078746872
-16051,2447,-500,33.1138181258223,-9.10376751682105,0.72263849583489
-16051,2947,-500,33.7393172938822,-9.93630254037758,-1.81333428758785
-16051,3447,-500,31.7475574485861,-10.434877856032,5.08487469030007
-16051,3947,-500,28.6496572183896,-10.8190339448581,2.23963855155484
-16051,4447,-500,31.5125064288521,-10.6387935447106,2.98272619347221
-16051,4947,-500,26.2363893523582,-12.532366990243,4.00132770976929
-16051,5447,-500,28.5201061885307,-12.8759258984645,0.853081794359935
-16051,5947,-500,27.9328973373468,-15.2045133536612,-2.448001562469
-16051,6447,-500,26.4902355746956,-14.9697754016852,3.59911556487321
-16051,6947,-500,22.6561586161355,-14.5112541877654,0.343776246514714
-16051,7447,-500,19.8506266215148,-13.711868104708,2.22989004519882
-16051,7947,-500,19.4948086139829,-13.8361477843628,-0.0754895557226037
-16051,8447,-500,15.7236960430553,-12.4315900064743,-1.48330895559454
-16051,8947,-500,15.5398041467566,-12.9329425659111,-3.2167981875853
-16051,9447,-500,16.1371400548504,-13.9745076037892,2.38488212639274
-16051,9947,-500,12.0439184007438,-12.4273045749416,0.0300932880535628
-16051,10447,-500,14.9383217008601,-14.973758335886,-1.08754437850338
-16051,10947,-500,17.2779993918525,-12.7922429199083,-1.09738650899747
-16051,11447,-500,11.0390497197441,-14.2415687656769,-0.732887723837042
-16051,11947,-500,10.7705646583732,-11.2068604897278,-3.73275638854806
-16051,12447,-500,9.6462156005013,-12.0009671550913,-2.65171348879509
-16051,12947,-500,11.9756481060986,-12.0435574665878,-2.73101802575149
-16051,13447,-500,8.94082686278861,-10.5013715164057,-2.04688205557928
-16051,13947,-500,6.20789778114823,-13.2396553186506,-1.66328974684887
-16051,14447,-500,6.45074616376685,-11.5857188559227,-2.31592809243891
-16051,14947,-500,5.92172729885442,-9.84100976463749,-2.52064573746401
-16051,15447,-500,8.26098265040435,-9.60358572486991,-2.36160461477836
-16051,15947,-500,4.50167935257009,-9.77893205630338,-3.11243408006833
-16051,16447,-500,2.96137007072157,-10.8959604966374,-0.199627227853082
-16051,16947,-500,7.07002486470044,-8.6523799003887,-1.37830109145923
-16051,17447,-500,5.17871147822648,-8.0347704014466,-3.72374190907753
-16051,17947,-500,5.87234433910586,-8.33938849516408,0.0437821054421506
-16051,18447,-500,3.27866576016904,-5.04489029945105,-1.30613466932666
-16051,18947,-500,3.39092938010701,-7.3277835134071,-2.54750414658513
-16051,19447,-500,2.82718132562489,-8.98667627020752,0.221050102912699
-16051,19947,-500,0.560857067962912,-7.06165962522004,-3.31050160482094
-15551,-20053,-500,1.36837008984587,6.24331768283625,-5.41403823586891
-15551,-19553,-500,-2.3102801689938,8.21385541054287,-3.11963840408436
-15551,-19053,-500,0.54783595945505,5.46094765630477,-3.85812954099959
-15551,-18553,-500,3.50503834595137,9.55327694586165,-3.40133104534546
-15551,-18053,-500,1.46251496111188,7.23352713896467,-3.60726543158557
-15551,-17553,-500,4.91574794872481,8.69382305490126,-2.95252058578569
-15551,-17053,-500,1.82856751077844,8.21298329260908,-1.77966535203927
-15551,-16553,-500,2.70289410864392,10.4621100607784,-4.04037675262285
-15551,-16053,-500,4.26412101526261,12.2949551181599,-4.66807570911808
-15551,-15553,-500,6.09306442345118,9.76029782594338,-2.57491057270848
-15551,-15053,-500,4.84448234807632,12.7352964811952,-2.74115865399885
-15551,-14553,-500,6.94790070664814,11.0862679452109,-5.05234734672482
-15551,-14053,-500,2.24053058804072,14.0233525521866,-3.57299320195752
-15551,-13553,-500,7.46013820948676,14.6442981515284,-2.25843584791565
-15551,-13053,-500,5.68060208133344,14.8309871408752,-4.18624915404466
-15551,-12553,-500,10.3398490458779,16.0841064429649,-0.910618342514422
-15551,-12053,-500,9.65603951166615,16.8225187493875,-4.8298367802081
-15551,-11553,-500,11.5037505850023,18.0012773270686,-6.86233702222444
-15551,-11053,-500,12.7478136933025,14.1457204416313,-1.90836811514565
-15551,-10553,-500,12.9098600243391,15.9945147920033,0.209277524439733
-15551,-10053,-500,15.8619198034806,17.8057915546582,-0.537512417279462
-15551,-9553,-500,15.9830492974411,19.0612803011322,-2.17108639400965
-15551,-9053,-500,18.2012661630223,18.2382929142936,-2.33284303689081
-15551,-8553,-500,22.1903188210667,17.2075806805596,-0.299965663666468
-15551,-8053,-500,19.7890673988901,19.2610469198802,-2.01781893195496
-15551,-7553,-500,22.3042494185271,21.687454215007,1.72092951656323
-15551,-7053,-500,26.3036189106052,17.6170063828519,1.57698066588674
-15551,-6553,-500,30.9863937174603,16.3857760665203,0.368316606304178
-15551,-6053,-500,29.9492258561704,15.3499955449971,0.823073117991448
-15551,-5553,-500,32.2829187004676,15.0155241136361,3.77144896580878
-15551,-5053,-500,34.6991542410731,16.0467019153285,3.49924448196999
-15551,-4553,-500,37.8964295098842,15.4004329357817,6.69448160480568
-15551,-4053,-500,40.3102018020633,11.1127966058916,1.58933396655157
-15551,-3553,-500,39.9917718987807,10.9786609346618,4.33410335289065
-15551,-3053,-500,40.255203158716,10.5406733930283,3.0286760164571
-15551,-2553,-500,40.2065246332693,6.00527849854088,2.65579967141704
-15551,-2053,-500,40.1293629794236,5.93374425555284,6.41542429882573
-15551,-1553,-500,42.5283428228639,4.73264708133758,5.6359727117033
-15551,-1053,-500,44.0140906011016,3.13269347044863,3.54569227890012
-15551,-553,-500,42.2150121660992,-0.439263006038149,6.40597627292326
-15551,-53,-500,40.6107835246393,-0.589770129568108,5.70766382448054
-15551,447,-500,41.2962617732337,-4.85048947028323,3.59714180849547
-15551,947,-500,40.6706522650805,-6.27855789016423,7.73016570686892
-15551,1447,-500,39.9568099073642,-8.05533813719376,4.33438769259712
-15551,1947,-500,38.4301356249937,-9.07077689337128,5.18991928115515
-15551,2447,-500,35.6171654616495,-11.2526308005672,3.75812488536012
-15551,2947,-500,36.3618551237831,-11.6751354322689,3.1993287035021
-15551,3447,-500,34.8080042055426,-11.0981121222215,5.53043064129163
-15551,3947,-500,31.0710441977802,-12.1371127631933,2.52196047229511
-15551,4447,-500,30.7498586525066,-15.8098739957302,4.53835688450058
-15551,4947,-500,30.9500956375838,-14.4717293925387,1.81443050694718
-15551,5447,-500,29.3930845101907,-14.1712526575939,-0.0603660519079778
-15551,5947,-500,25.8869799577311,-15.3179625358618,2.88805895578575
-15551,6447,-500,23.1664071543728,-15.7513985568122,-1.4909213265193
-15551,6947,-500,20.8528700931429,-14.6628798068349,0.389992067651714
-15551,7447,-500,20.0854716234021,-18.1406644505638,-2.59661388553104
-15551,7947,-500,21.3874821797252,-16.3289725482359,0.678642330959061
-15551,8447,-500,19.4998616914058,-16.0222346870401,-2.64926254745367
-15551,8947,-500,18.3352494221872,-16.8314532639025,0.284983091268651
-15551,9447,-500,17.8667450469918,-11.9375892531676,0.675962020131097
-15551,9947,-500,12.0570846471601,-15.0437486784345,-0.694529642411601
-15551,10447,-500,11.4908754857828,-14.3817765586917,-1.86100995398829
-15551,10947,-500,12.6228221974566,-13.2823237956242,-2.05267363523484
-15551,11447,-500,11.5041670482558,-15.1632822059941,-1.79113638643364
-15551,11947,-500,7.0184314176191,-15.2954007632689,-1.465154195237
-15551,12447,-500,11.3342583238427,-11.8917873567909,-0.811933027139057
-15551,12947,-500,10.8172688529101,-10.8904797459083,-0.546684606392271
-15551,13447,-500,11.195313892735,-12.531478004283,-1.86178735339664
-15551,13947,-500,9.70155005454374,-12.0873946276021,-3.29364568373237
-15551,14447,-500,7.85591416980134,-10.6858455701441,1.27950939534691
-15551,14947,-500,7.37470294145464,-11.6548886028362,-0.538570036999053
-15551,15447,-500,4.73799571105727,-12.0575425686751,1.43406798786928
-15551,15947,-500,7.6108018890418,-10.2730519023623,-2.78879829312054
-15551,16447,-500,1.46555722311066,-10.3267393864088,2.13381796132547
-15551,16947,-500,3.13070925018295,-11.0755824350934,-4.52196564466512
-15551,17447,-500,2.58681449393855,-8.89398689791301,-2.45362506282749
-15551,17947,-500,6.64233033967171,-8.0682772020633,-2.21084344095804
-15551,18447,-500,4.1927001810901,-8.10001276831027,-2.00306753122357
-15551,18947,-500,3.54786687765481,-8.9949295565051,-0.995676884014238
-15551,19447,-500,3.30362271271274,-7.6672554153409,-3.64511564378959
-15551,19947,-500,2.40857549776559,-5.80955636807564,1.82541733394832
-15051,-20053,-500,3.5786356954023,3.67400780765605,-1.77967756528702
-15051,-19553,-500,1.77280793393671,4.40664269545753,-0.930284071796113
-15051,-19053,-500,3.29428211711783,6.99052421842251,-4.7100956173441
-15051,-18553,-500,1.36750524574601,6.91015623902475,-2.74543935379434
-15051,-18053,-500,1.50778413783399,12.0880270259234,-2.47694284804902
-15051,-17553,-500,3.17070152434351,9.24014473103616,-1.03768082349049
-15051,-17053,-500,-0.312066721782482,8.70755580766133,-4.34538274051157
-15051,-16553,-500,4.98286477201138,10.5866424016476,-4.68371012297798
-15051,-16053,-500,3.73136647150735,10.0511085592293,-2.05625279477366
-15051,-15553,-500,7.97574524272329,9.45328213183536,-2.40465704286249
-15051,-15053,-500,3.56374646008264,10.098087630844,-5.21756086350621
-15051,-14553,-500,6.36986970958879,12.8489765205261,-2.58618828497753
-15051,-14053,-500,6.08508798756404,12.3579013551732,-2.56467842644023
-15051,-13553,-500,7.36711357050419,13.0906490335046,-1.83079393734707
-15051,-13053,-500,7.96492557227714,13.8228031266023,-4.54359435856188
-15051,-12553,-500,12.2853229539811,14.097932628944,-1.69167450852551
-15051,-12053,-500,10.4126281547476,17.0655468164061,0.119549992905689
-15051,-11553,-500,9.19201451307423,17.9423459419863,1.56737739896272
-15051,-11053,-500,15.0259996558787,18.6807431510738,-1.91780436985803
-15051,-10553,-500,13.4556556417931,18.7904775545776,-2.02839513531161
-15051,-10053,-500,15.6456839591837,20.8501601887539,-3.64596885252293
-15051,-9553,-500,15.4607085228385,17.4007476395141,-1.9816351349297
-15051,-9053,-500,21.6068273806851,18.8820883605979,-1.26654945081082
-15051,-8553,-500,20.4807779298535,19.7705099227995,3.67520844052654
-15051,-8053,-500,22.8640310775868,19.8781276896518,2.94959685956022
-15051,-7553,-500,26.8643843281014,20.0073119586916,0.848519896087114
-15051,-7053,-500,29.4168628835479,19.1408562277867,0.380642187681823
-15051,-6553,-500,29.3441530035982,18.4345601419162,0.381908595897343
-15051,-6053,-500,33.1437548379118,18.973469941663,4.89334762292986
-15051,-5553,-500,35.5022581441479,19.2354022975621,6.08494148235819
-15051,-5053,-500,35.6549379949205,16.3596613484673,3.50364914497187
-15051,-4553,-500,41.0225190748523,12.5413350874049,5.04932176344853
-15051,-4053,-500,41.1429394750417,14.6240120305931,4.05431343743335
-15051,-3553,-500,42.9840449492599,11.8926243966288,3.97539785839957
-15051,-3053,-500,43.7152976723153,9.93315228139438,3.34158509019691
-15051,-2553,-500,45.8123198504684,7.81065902632617,6.69131322447041
-15051,-2053,-500,43.3627837864326,6.53967715456777,4.77512011511238
-15051,-1553,-500,47.1562021188586,5.59489953943856,5.27139767852287
-15051,-1053,-500,44.2857273317072,2.00887269503693,6.23941919612659
-15051,-553,-500,45.8112232205777,-1.26478022043532,6.8115828401416
-15051,-53,-500,44.1088622146671,-2.79785230587655,3.63607987459485
-15051,447,-500,45.9896305967331,-5.66947135798558,9.09509748710085
-15051,947,-500,42.9210505997281,-5.17505811482858,2.93261641799945
-15051,1447,-500,42.3935945522276,-7.66190782020239,5.38542992716715
-15051,1947,-500,41.1288727715679,-10.8695394872876,2.78737811401641
-15051,2447,-500,41.5188910481271,-10.3159587658734,3.14160276122588
-15051,2947,-500,38.2909055525591,-12.5592145804005,1.61985530054789
-15051,3447,-500,37.6254609560873,-12.2998417835783,3.15700988675563
-15051,3947,-500,31.9270585440582,-12.6272649481888,5.65038305070554
-15051,4447,-500,32.7137043475756,-16.0007842398987,5.04774049354131
-15051,4947,-500,31.9213509996479,-15.0079148145848,5.79056776971135
-15051,5447,-500,30.9808904142931,-16.25162156875,-0.366784967172331
-15051,5947,-500,26.4893313656726,-18.5631962008732,2.02207454222571
-15051,6447,-500,24.0500645955605,-15.5866118054164,0.696406608657844
-15051,6947,-500,22.1292374025954,-16.7749594267914,3.90249039053135
-15051,7447,-500,23.5012204560441,-21.8158630358103,3.70202368729508
-15051,7947,-500,20.8558412003193,-19.5207635844644,3.29639256542228
-15051,8447,-500,21.80191749358,-17.6143112351722,-2.10937690988104
-15051,8947,-500,17.3492713239,-16.1335132113618,-1.44654942891969
-15051,9447,-500,15.7588555512997,-18.4437671572874,-1.73471194246621
-15051,9947,-500,14.9016537891128,-14.7781714198973,-1.47916391038609
-15051,10447,-500,14.9634477738946,-17.9839400779142,-3.17468921704273
-15051,10947,-500,14.4857928439999,-16.2681159285293,-2.45788561779487
-15051,11447,-500,9.30714244017584,-18.1502988767997,-2.09095921174115
-15051,11947,-500,13.7092497955138,-14.2716140225183,-2.0677196098157
-15051,12447,-500,8.75061022076035,-13.2462782196338,-1.9961120159932
-15051,12947,-500,9.65395016069689,-13.8033163084906,1.28327432886604
-15051,13447,-500,8.50366137624571,-14.0880771943847,-2.66144016154347
-15051,13947,-500,5.70001439563739,-11.361896147058,-2.64074840448333
-15051,14447,-500,9.51115196125567,-13.8680841717657,-0.580750686661573
-15051,14947,-500,7.05473291942074,-12.661927492376,-1.3899909474572
-15051,15447,-500,5.3152946427782,-11.9457815647482,-4.49278768652317
-15051,15947,-500,5.72977861648152,-12.1621456505889,-1.3561444146508
-15051,16447,-500,4.04513526966131,-10.6823452736437,-3.90266778284805
-15051,16947,-500,4.77849004475653,-10.6135604477965,-3.18973193688675
-15051,17447,-500,2.65339155828975,-9.91348142275516,-2.76621669074044
-15051,17947,-500,6.54323216841205,-7.79164751655929,-3.89382256630609
-15051,18447,-500,1.14838294777312,-9.28592489025848,-1.72313062214715
-15051,18947,-500,-0.382451364512081,-6.2833480411806,-2.68366495688594
-15051,19447,-500,1.43761467658425,-6.38808695426282,-3.50212812589857
-15051,19947,-500,0.360518289722701,-8.09486400309326,1.25720715632424
-14551,-20053,-500,0.712457824470066,6.94324591162155,-4.19844769281192
-14551,-19553,-500,-2.26147164799611,6.99104562916869,-1.35100259131389
-14551,-19053,-500,2.29264882723487,6.22762204008253,-3.35637477381359
-14551,-18553,-500,0.0231969291048648,10.4291292693772,-3.32382413203245
-14551,-18053,-500,3.12828472060372,9.00030096252859,-4.6882495624946
-14551,-17553,-500,2.67103269926909,9.82412444413119,-1.83029458488238
-14551,-17053,-500,1.58590708333719,11.4398945579597,-1.48647572520686
-14551,-16553,-500,4.55201490554082,8.88318370238223,-10.1527439406073
-14551,-16053,-500,3.84490548828402,9.25828209925235,-2.95609894062392
-14551,-15553,-500,2.93918326361597,9.91946419866882,-0.0717044454538005
-14551,-15053,-500,4.69297462367401,13.5966846961481,-4.19310053551135
-14551,-14553,-500,4.40297178926035,15.0897470404091,-1.45656078480536
-14551,-14053,-500,6.17875317663471,14.1295897780235,-2.87957433787554
-14551,-13553,-500,6.58781018310826,13.7936798012774,-0.303725521133438
-14551,-13053,-500,8.25605923442401,14.3523018338425,-4.66657570869574
-14551,-12553,-500,9.08068276961067,17.3940627132058,-1.81477452520568
-14551,-12053,-500,11.9738045782902,17.7304980280562,-2.05720552741733
-14551,-11553,-500,11.8935896244353,16.9841688852482,-0.219127691205624
-14551,-11053,-500,14.0086658452437,19.0139195311063,-1.24072684070961
-14551,-10553,-500,14.0052491662493,17.3793741152306,1.12457190606335
-14551,-10053,-500,16.2802561722366,21.2900838081219,0.947747936400223
-14551,-9553,-500,18.1213042667065,21.3387473172848,-1.37783178888748
-14551,-9053,-500,19.2881663359366,22.467197021858,-1.39188062903656
-14551,-8553,-500,22.7030924927273,22.1694607908996,1.11048143079806
-14551,-8053,-500,25.8118218808208,21.4523160287615,2.51970225775705
-14551,-7553,-500,28.0976718762112,21.4536430058118,-0.969290434942031
-14551,-7053,-500,31.5790410435579,24.0646999397851,2.65860694753908
-14551,-6553,-500,32.5359570963187,22.8545426362816,1.71536036125355
-14551,-6053,-500,34.6193819338724,20.6509802681209,0.450688086739315
-14551,-5553,-500,38.7893290595482,18.9400212427694,5.13153805222319
-14551,-5053,-500,40.244749593313,17.414325553382,6.76895481264891
-14551,-4553,-500,41.1372021785061,18.0297869941837,6.2822728227292
-14551,-4053,-500,43.8166218833006,15.8603992336584,8.9452711386723
-14551,-3553,-500,44.4550666850341,13.5224881752567,0.663218031404958
-14551,-3053,-500,46.682265791457,13.0784677655933,6.07222629362255
-14551,-2553,-500,46.924429126951,9.15824695058441,9.49593711893197
-14551,-2053,-500,49.6894193005665,5.91220169540867,8.1822198463101
-14551,-1553,-500,52.1180794644045,2.72105780171524,6.71688052585767
-14551,-1053,-500,49.465961500806,3.66829878399453,9.75799145444999
-14551,-553,-500,50.2781864474451,-0.254255976474315,10.851201136246
-14551,-53,-500,52.6412179844937,-4.85954110496691,9.03160123688651
-14551,447,-500,51.4936553818937,-4.63130668917372,10.5795807432769
-14551,947,-500,47.061258705148,-7.83288394408152,5.88224350416645
-14551,1447,-500,48.0858270588131,-8.20261608728967,5.75402788844231
-14551,1947,-500,44.011301435245,-9.57132048724723,10.6716148613488
-14551,2447,-500,42.2907657138814,-12.4048865498526,7.15215149442202
-14551,2947,-500,41.4551832310253,-13.1815353880108,4.28230301920559
-14551,3447,-500,40.0280796066108,-19.1167796041338,5.69216143293647
-14551,3947,-500,38.6110107701435,-15.9469168674692,5.61342057293087
-14551,4447,-500,34.9952990636217,-15.529929932503,3.37333979653018
-14551,4947,-500,33.3457992167722,-17.520965347807,4.39593809096726
-14551,5447,-500,31.7487901040765,-17.6184027231407,-2.86263290902936
-14551,5947,-500,32.3844791732669,-17.6678536258046,1.45523512965907
-14551,6447,-500,25.0076026458965,-19.6939717594717,3.20678478553595
-14551,6947,-500,27.5131330153081,-19.1115330371397,0.429565006459507
-14551,7447,-500,22.9636468454422,-17.7169653661047,0.854995362734923
-14551,7947,-500,22.4254131354143,-17.0574315544875,2.35251790944815
-14551,8447,-500,21.4423409440431,-16.3320572280909,2.47076766467285
-14551,8947,-500,20.1393652391413,-17.3973594439545,0.353443466254582
-14551,9447,-500,14.5479359454303,-15.4074091909972,-3.10306438869613
-14551,9947,-500,15.9775638588924,-16.2146564572184,-1.14601137631321
-14551,10447,-500,15.4156384214317,-17.8038966163175,-0.0526896579763148
-14551,10947,-500,9.97574272546207,-15.6619087605182,-2.82981951073621
-14551,11447,-500,10.9596810094151,-16.3097536344678,-1.1800197223942
-14551,11947,-500,12.1867159906648,-16.315646470457,-2.44391226552395
-14551,12447,-500,10.4790459919737,-15.2916115100072,-1.63387571646803
-14551,12947,-500,8.34887843518224,-15.6543714518089,-4.19174363129844
-14551,13447,-500,8.74262448573227,-14.4923444932328,-2.6251397696441
-14551,13947,-500,10.1008774726693,-15.0264314645153,1.43557672870592
-14551,14447,-500,5.48377416815622,-13.2731397667617,-0.437219454358839
-14551,14947,-500,6.39831857340883,-13.2556004939861,-2.16532510628052
-14551,15447,-500,0.731834324390555,-11.774048358325,-0.860569116710942
-14551,15947,-500,2.58041434987557,-10.3487443846496,-1.22528368175554
-14551,16447,-500,3.49304658569515,-8.3545534689437,-4.61623826318581
-14551,16947,-500,3.73137695298955,-9.33320614477103,-3.07582486342705
-14551,17447,-500,5.09764638672127,-10.1449841679841,-3.15099437894573
-14551,17947,-500,2.60084001476745,-7.93384115396337,-1.86845159235612
-14551,18447,-500,2.97206739392925,-9.7142319023827,-1.51997259251
-14551,18947,-500,1.87444450676785,-11.0092298712751,0.968423129505291
-14551,19447,-500,0.621795989356375,-7.37711343414789,-1.18708750165469
-14551,19947,-500,1.91835059677266,-7.20719738258039,0.925191284680528
-14051,-20053,-500,0.994466733457806,7.69714297184132,0.156884390073045
-14051,-19553,-500,2.12438588598867,7.78300826767481,-0.887149941876285
-14051,-19053,-500,2.03199109574887,6.61597289884223,-3.81012562306777
-14051,-18553,-500,0.482270604967032,10.6369860330648,-4.51076342201561
-14051,-18053,-500,2.39557736816304,9.20823419202898,-2.65463198770666
-14051,-17553,-500,0.941570294146182,11.6269882266747,-1.38780407090296
-14051,-17053,-500,3.04414535212991,12.0566707403014,-3.59658484636177
-14051,-16553,-500,6.41441623116818,9.81375944833865,-1.63997552908149
-14051,-16053,-500,1.39680707295325,8.77642738314863,0.469288733147277
-14051,-15553,-500,3.3156538111064,10.573665236819,-2.38566856720639
-14051,-15053,-500,4.7068041909415,11.4342544748833,-3.06358189569958
-14051,-14553,-500,5.75167507277423,12.8010024599711,0.0587287356306103
-14051,-14053,-500,3.48765007023078,14.6419304749362,-5.47600782163709
-14051,-13553,-500,8.44289332496362,16.6497906505336,-4.04758338803454
-14051,-13053,-500,8.31922984561146,17.6885022299005,-0.0199807933489269
-14051,-12553,-500,7.9512678319472,18.6268234481422,-0.768337770131835
-14051,-12053,-500,6.54846998951179,17.7360489571413,-2.4043818100408
-14051,-11553,-500,12.3102699350577,18.5119232747136,1.82826190787836
-14051,-11053,-500,12.4633142862164,21.5001894501771,-2.8564586822337
-14051,-10553,-500,14.0157024532807,20.4893490568947,0.086604322899945
-14051,-10053,-500,17.1765704286293,23.418255637586,0.0627362977872537
-14051,-9553,-500,19.6342815250458,25.073738816513,-2.88126696033701
-14051,-9053,-500,22.345424067006,23.8525729560962,-1.44760231915169
-14051,-8553,-500,23.5208602942146,25.284173663387,7.54830582311979
-14051,-8053,-500,27.3723234157137,22.558046415255,-1.66577201241229
-14051,-7553,-500,31.949946582185,26.0019627093489,1.01737824200413
-14051,-7053,-500,31.9671899375598,22.9548639589833,3.50905112943066
-14051,-6553,-500,36.9151927840499,24.2151608335152,2.60023377964557
-14051,-6053,-500,39.630130408439,25.5348227270348,7.75948368514394
-14051,-5553,-500,42.1722277083943,23.9743944971505,2.85607803262295
-14051,-5053,-500,45.5040788643095,22.2773791458562,8.03625000370887
-14051,-4553,-500,45.637442104232,19.7114299782076,6.63312447487409
-14051,-4053,-500,50.002835469331,18.5629801694911,10.2964430642388
-14051,-3553,-500,51.9876364960693,15.9171030654499,9.73516004897097
-14051,-3053,-500,54.2211578182436,14.6090953779317,9.67751294575931
-14051,-2553,-500,56.5395537951307,11.2921690912874,13.6489699140075
-14051,-2053,-500,53.773899631941,8.4773222578026,6.93914628513309
-14051,-1553,-500,55.1623655272019,5.11381208466863,11.5272075635027
-14051,-1053,-500,57.4593076405547,1.96949941200298,13.6947185867133
-14051,-553,-500,54.3921716879031,-2.38554570784583,12.7242820969198
-14051,-53,-500,55.9321997227622,-4.88345631315574,11.4542341657961
-14051,447,-500,53.9353607407785,-4.15519793242836,7.28849125269466
-14051,947,-500,52.8045630204337,-6.71369631236144,7.83604237310883
-14051,1447,-500,50.3167704463221,-10.0039303991236,7.48466558180522
-14051,1947,-500,52.0023033990733,-13.2872309668849,14.2187676668801
-14051,2447,-500,47.9848857667404,-15.68413826996,12.2907634629412
-14051,2947,-500,46.5917244819328,-17.2251936321257,7.25843148448677
-14051,3447,-500,43.3108773754626,-17.5152875124008,5.91618440442851
-14051,3947,-500,39.4391093341813,-18.3532303788367,4.80492243936034
-14051,4447,-500,37.2385283269532,-18.01789758977,4.97805133522792
-14051,4947,-500,40.1579193082963,-21.5821131374406,3.97324485333953
-14051,5447,-500,34.8979150843603,-20.1433292448822,5.94286042336787
-14051,5947,-500,28.7793652634359,-21.1842527359095,5.83140214252092
-14051,6447,-500,30.720308667324,-20.8390554252706,4.12685160973151
-14051,6947,-500,27.1179494851319,-23.2045405530164,3.30868978551306
-14051,7447,-500,24.6783161007242,-20.4084608343694,3.47531409130904
-14051,7947,-500,21.8815064388683,-22.3620062050755,3.61777343741865
-14051,8447,-500,23.5595695938935,-19.4360630497419,0.838757579917712
-14051,8947,-500,17.3668016525927,-18.2124305983663,0.127059886439181
-14051,9447,-500,17.9486518477236,-17.881502227088,-0.716226650817209
-14051,9947,-500,15.6516490208208,-20.371767910856,0.797037015103774
-14051,10447,-500,13.8555504208179,-18.8716088667229,0.684544177190384
-14051,10947,-500,14.2976021606045,-18.9225127146402,-0.309854047296886
-14051,11447,-500,8.37316855578952,-17.996097880245,3.17396981605506
-14051,11947,-500,14.4307967430946,-17.6262611025789,-5.47768783124361
-14051,12447,-500,10.0507621647814,-16.0063145480332,-0.251945430316317
-14051,12947,-500,8.41555184282147,-14.4134910003103,0.327803792887162
-14051,13447,-500,8.58882918893095,-13.3195653351784,-1.00501783096088
-14051,13947,-500,8.1981277154909,-15.5033448053481,-0.255096330888247
-14051,14447,-500,9.45081490820601,-14.0094230724479,-1.25591954671486
-14051,14947,-500,5.53267138671825,-14.0677264850731,-3.62559853169509
-14051,15447,-500,6.65266763803843,-13.7103733875969,-3.60776710048775
-14051,15947,-500,6.35446520344665,-12.5543410754939,-1.55637325375593
-14051,16447,-500,4.95891701592259,-13.113596146921,0.686974981326369
-14051,16947,-500,1.82648642248205,-9.58960235820595,-4.02093615620922
-14051,17447,-500,2.07546602532209,-8.34683882235923,-1.62301858721154
-14051,17947,-500,3.39384054512145,-9.83080852332268,-1.22174486664776
-14051,18447,-500,4.25576791934469,-8.78330184444113,-4.73225666478672
-14051,18947,-500,2.79421951502105,-10.5961721273505,-4.71096918538968
-14051,19447,-500,1.34498364567693,-5.1031216047538,-3.3988105305841
-14051,19947,-500,1.19606730125901,-8.52472082170054,-4.22232633060645
-13551,-20053,-500,1.18331196884332,6.81570303575299,-5.46267643163248
-13551,-19553,-500,1.87540510896274,5.20816867408072,-4.73112985045074
-13551,-19053,-500,-1.5209440452522,7.6488945170371,-5.49807679020373
-13551,-18553,-500,-0.00993663478905937,8.66481961340802,-1.98052653995255
-13551,-18053,-500,0.863405677954788,12.3991446330195,-2.39064809676527
-13551,-17553,-500,1.87316332420016,10.2745344159691,-2.00765807446644
-13551,-17053,-500,2.77846300648383,10.1660970524281,-2.8628894092654
-13551,-16553,-500,4.84368495342291,11.4720915812075,-0.24278990669649
-13551,-16053,-500,3.30164229895265,12.5575294147582,0.370930072943093
-13551,-15553,-500,1.94711508975885,13.8603529740736,-1.10284780991118
-13551,-15053,-500,4.58582443100345,14.4428662065609,-3.86191304082303
-13551,-14553,-500,8.85539104775406,14.8187482065318,-0.903033076068436
-13551,-14053,-500,7.31800122366332,16.1563605825306,-0.249159261692131
-13551,-13553,-500,8.32253249690919,16.7783340748779,-3.82710182952149
-13551,-13053,-500,6.72138119289306,16.8404483153387,-7.31859094317807
-13551,-12553,-500,9.57589465045518,17.4422105081679,-1.56215056177451
-13551,-12053,-500,12.3741731315135,20.9743120676669,-5.8270807720487
-13551,-11553,-500,11.9157039553785,23.0258822774651,-2.78473066446859
-13551,-11053,-500,12.0202464330269,21.8957518461202,-1.35010380811008
-13551,-10553,-500,17.61667369187,26.1707585148689,-0.212844070447167
-13551,-10053,-500,17.4250439547038,24.3053356006401,3.10934837277381
-13551,-9553,-500,18.9715795469626,25.2599894911396,1.47263158116956
-13551,-9053,-500,20.5458605617292,25.9784889972741,2.49031678895264
-13551,-8553,-500,26.0790642685461,29.3366978830285,0.611782300591908
-13551,-8053,-500,28.4908996728826,27.5078093134423,3.9053317705139
-13551,-7553,-500,31.2779894365074,28.3062406317195,3.5413844499298
-13551,-7053,-500,36.9596033285329,27.0888807268211,6.89872568996853
-13551,-6553,-500,41.1600883874378,28.0861911410876,5.51668247581575
-13551,-6053,-500,44.0439782513229,28.8482464630938,6.9032136736889
-13551,-5553,-500,44.7906386637381,24.9431534264295,7.67487614929373
-13551,-5053,-500,50.3234407669458,26.184767033301,12.8624368274019
-13551,-4553,-500,50.9719438060654,23.0905504898723,12.9446894130383
-13551,-4053,-500,54.806323579856,18.9334165261965,10.2817290957263
-13551,-3553,-500,57.1102247825527,18.5877568932657,12.0404148134026
-13551,-3053,-500,61.8769477417227,12.8823298921232,14.3385094316964
-13551,-2553,-500,60.6233396226843,9.8818014691151,11.6483069097431
-13551,-2053,-500,60.2319576092651,8.42767791223076,12.9764581521105
-13551,-1553,-500,61.8511476734702,4.80305589417562,14.3678653928941
-13551,-1053,-500,62.875758733914,0.745629903226007,12.6525862026413
-13551,-553,-500,64.0655756161064,-5.54949190365565,11.1246939700597
-13551,-53,-500,62.8580202584527,-3.20472187878584,12.6091964943245
-13551,447,-500,58.7818686573205,-6.50206376264373,13.9744356900728
-13551,947,-500,57.5960190430311,-11.7464406424215,14.5697536255087
-13551,1447,-500,54.1056419086387,-13.1903345547459,16.6210714885109
-13551,1947,-500,55.3637799248245,-16.2819470190068,11.879254668533
-13551,2447,-500,49.5002796621893,-17.431078263684,13.9795494774064
-13551,2947,-500,47.5613803896827,-18.5548016905257,6.82833186409137
-13551,3447,-500,47.0352674485166,-19.7939397497752,9.72582031198313
-13551,3947,-500,43.5878406313682,-21.8343656226782,6.52508830261939
-13551,4447,-500,37.5583565188266,-20.2669803942692,10.2545758374273
-13551,4947,-500,38.7297063518046,-23.5819716514675,6.62724082654586
-13551,5447,-500,35.2582077755024,-22.2805372313015,6.64366833260624
-13551,5947,-500,34.2322736110831,-23.4708910715445,8.20785533976688
-13551,6447,-500,33.0313782862744,-23.4696194493413,2.30554503051641
-13551,6947,-500,26.5351589903258,-24.106598368517,4.81742069631866
-13551,7447,-500,26.7139709857109,-22.0557735669665,1.21207918069274
-13551,7947,-500,27.4178721363397,-22.9404186872528,4.58224471290517
-13551,8447,-500,25.1301713028506,-26.4475805931242,-0.21278391665194
-13551,8947,-500,20.7668676403317,-21.849187958827,-0.278364163849192
-13551,9447,-500,19.9544747425934,-22.5481403262292,2.00680068376066
-13551,9947,-500,15.2980929300258,-20.2885557669293,-1.63603341585278
-13551,10447,-500,17.2158082837701,-20.3918610619397,-1.6914779074095
-13551,10947,-500,15.827384909903,-18.7679908330926,-0.167745710641258
-13551,11447,-500,13.529606091523,-17.0432483117615,3.05132169610269
-13551,11947,-500,12.0418947232061,-17.8497497480105,-3.10655748522427
-13551,12447,-500,9.39088653060707,-16.4614113004411,1.74721288526626
-13551,12947,-500,10.0743885074713,-15.4290642591995,-0.149665139585687
-13551,13447,-500,9.14536027249827,-13.7477486072042,-1.25618150882913
-13551,13947,-500,8.17785098105315,-17.0220507463974,-0.436344426484647
-13551,14447,-500,5.00280352555341,-13.4523612713237,-3.56945491680226
-13551,14947,-500,6.69957249392139,-11.3482965193542,-2.72475383844423
-13551,15447,-500,5.71624333435208,-13.9617039104577,-2.95871706944654
-13551,15947,-500,3.19902916813675,-13.4279240733332,-3.8744809456081
-13551,16447,-500,4.26195549698536,-9.48125977758859,-3.1100877151208
-13551,16947,-500,4.18986192622706,-10.8855842221499,-3.55132932952457
-13551,17447,-500,4.06422642924517,-11.6555846247032,1.34956242280361
-13551,17947,-500,5.27120695133875,-8.8348755714125,-1.11745517971597
-13551,18447,-500,1.4899443020989,-10.3471323109069,0.822329537092163
-13551,18947,-500,4.92322103030469,-10.3969062178268,-4.15910868271772
-13551,19447,-500,3.03270499796987,-8.59158884627304,-3.22093054773771
-13551,19947,-500,1.09776237593693,-8.18783679777978,-1.90320846743184
-13051,-20053,-500,-0.173957013575238,8.77880300951851,-2.74734493138185
-13051,-19553,-500,-0.41434014801577,7.43008950994483,-2.95833039853179
-13051,-19053,-500,2.31503767097284,9.48684357514596,-3.93007311334473
-13051,-18553,-500,0.345225158725383,7.72261982102502,-3.62661863169827
-13051,-18053,-500,0.512151287879344,9.75313478219084,-3.60126270999548
-13051,-17553,-500,-0.0741024858939086,8.44648202211244,-7.40320419535839
-13051,-17053,-500,3.22718220219186,10.0248890716006,-6.37964328820293
-13051,-16553,-500,1.40352614126108,13.8214943152002,-3.06505377107587
-13051,-16053,-500,1.66490012102646,10.9979724581403,-4.9013230357097
-13051,-15553,-500,2.72275682836805,14.9964816134601,-0.0804677780686282
-13051,-15053,-500,3.61924348653315,13.5042833027251,-4.30752706500839
-13051,-14553,-500,4.23568211197597,12.4781337576666,-6.92373055347551
-13051,-14053,-500,5.37873753137024,15.1795727410916,-5.3291250665688
-13051,-13553,-500,7.07483997186841,19.1351335346467,-3.22366430522401
-13051,-13053,-500,9.29078063131109,17.8944743870308,-8.02187236497611
-13051,-12553,-500,9.13140590812767,20.3592392455307,-7.86659531185338
-13051,-12053,-500,9.01094920578111,21.8059011421259,-3.26858985800806
-13051,-11553,-500,12.36134169276,22.3639582640123,-3.27249393970747
-13051,-11053,-500,11.0629254584368,24.1120451958788,1.95958202748887
-13051,-10553,-500,15.0588175789709,25.2602687285322,-0.0673129138811667
-13051,-10053,-500,20.4848927949226,30.046225108484,-3.20442526020197
-13051,-9553,-500,21.277474349732,27.7755444904343,-1.79317289928769
-13051,-9053,-500,24.0689121286025,28.785272118807,2.91380186708762
-13051,-8553,-500,29.8203760458572,29.9762441132429,4.70189529399223
-13051,-8053,-500,32.7354599793136,31.8724491646734,6.83031700517196
-13051,-7553,-500,35.0783473397952,33.2485835530628,0.39473809870576
-13051,-7053,-500,38.9869312729276,33.62653997735,6.06828081639199
-13051,-6553,-500,44.0636098469503,33.5131311718011,9.39350924911462
-13051,-6053,-500,45.0065157800983,30.4450768280311,11.7231797721517
-13051,-5553,-500,49.7231671132831,29.5841400019429,8.25480258520527
-13051,-5053,-500,55.802895209229,29.2554642194949,13.3692956246
-13051,-4553,-500,56.9779130530992,27.1090428897375,12.8656309856985
-13051,-4053,-500,60.2320968437349,21.4015288853271,12.5992771449069
-13051,-3553,-500,62.7664853543593,19.4216327014137,15.856508364501
-13051,-3053,-500,66.0618495933145,18.5654145440795,14.9341916681798
-13051,-2553,-500,70.5475760491841,11.3300590263031,18.9887469229309
-13051,-2053,-500,70.7784845509015,8.56480582681862,19.4652015963946
-13051,-1553,-500,70.4791036904108,6.96838416072163,19.4850297312425
-13051,-1053,-500,72.0722941850172,1.13979559882654,17.6632320534902
-13051,-553,-500,70.1861098915371,-4.23531307547761,13.912907550815
-13051,-53,-500,68.469984927894,-7.48334320155231,15.8153831947657
-13051,447,-500,70.112142103212,-10.4804634520082,16.5118123949281
-13051,947,-500,64.1509561152638,-11.9595925792406,16.5761873908452
-13051,1447,-500,61.4667751706048,-15.7254843900047,14.3956733331152
-13051,1947,-500,58.730945571375,-20.5226024521458,14.3935902995231
-13051,2447,-500,57.9694893640283,-19.3205947933429,13.229416223186
-13051,2947,-500,53.8187495279183,-22.1825567219298,11.0414970904521
-13051,3447,-500,51.6200165348049,-21.9374128704083,11.5681955849337
-13051,3947,-500,48.3767647795169,-23.4315819528319,9.17798971969306
-13051,4447,-500,43.2999141159094,-24.5780261172188,10.8640194804705
-13051,4947,-500,40.4765082374743,-22.278909955602,8.79672090985702
-13051,5447,-500,39.3377697246398,-28.3875085734643,3.0686920347344
-13051,5947,-500,34.5677018032327,-25.092090112963,6.04330061355088
-13051,6447,-500,34.332314574569,-26.2088780678301,6.83430836146362
-13051,6947,-500,31.5126192867024,-24.4857429706545,3.03631083519133
-13051,7447,-500,29.2603167727903,-23.441749214756,4.77191058930471
-13051,7947,-500,25.1187794263177,-26.5559205943222,1.24498759816331
-13051,8447,-500,25.1735960969159,-25.147580048277,2.41535692352752
-13051,8947,-500,22.9245507584954,-24.617227320701,2.83683173796054
-13051,9447,-500,20.7677620252816,-25.2537757371049,2.02195002721419
-13051,9947,-500,17.4354392593157,-21.5364867673803,0.61515756163665
-13051,10447,-500,17.4048564147999,-23.142200170121,-3.42000244716965
-13051,10947,-500,17.8321403539983,-20.9402152040763,-1.82707835659345
-13051,11447,-500,12.3055177999629,-21.5068454635887,0.453056834488707
-13051,11947,-500,11.2130791942936,-19.0112169505078,-0.778097175595565
-13051,12447,-500,10.2391821864939,-18.3458695154904,-1.63388799969052
-13051,12947,-500,10.668748419751,-18.1529553660177,1.62870456454354
-13051,13447,-500,8.66085218518545,-16.6120072320387,-2.7547955164928
-13051,13947,-500,6.72150557672953,-14.3782557902218,-1.43199964545819
-13051,14447,-500,10.4663907687822,-16.9024096259476,-1.16460338248711
-13051,14947,-500,6.40687274639565,-14.0816957730886,-1.52509870122191
-13051,15447,-500,4.75993766309373,-14.3648908252577,-1.96603647385595
-13051,15947,-500,4.27228797358151,-14.6968637533772,-3.41353766535488
-13051,16447,-500,3.66526237207817,-12.4421263807098,-0.710391097278462
-13051,16947,-500,3.57939919025403,-12.8555531258661,-2.34931705939673
-13051,17447,-500,2.55586964443399,-9.67603346579249,-1.89313247184102
-13051,17947,-500,3.56132494945399,-12.4951852596765,-1.13633857830435
-13051,18447,-500,3.38987822306483,-11.8785428624141,-4.0701699883751
-13051,18947,-500,2.6771453796613,-9.51686904071185,-0.820926643828387
-13051,19447,-500,1.49194931856472,-8.85408573569909,-1.94211363557792
-13051,19947,-500,1.84622521829796,-7.30470233310496,-1.3808028706828
-12551,-20053,-500,1.52710394861235,5.61643388202139,-1.25110790110641
-12551,-19553,-500,-2.66498905552123,9.10025357386527,-1.104575615458
-12551,-19053,-500,-0.948008700438382,9.70151931274513,-3.31586266469059
-12551,-18553,-500,1.10463381503277,8.88423327951934,-0.760845399155995
-12551,-18053,-500,1.55648302797277,11.1796274341947,-3.5094795422749
-12551,-17553,-500,-0.275371187415021,10.3548309661374,-1.70070859220376
-12551,-17053,-500,2.40469737387166,8.38145761099675,-5.59512229903242
-12551,-16553,-500,2.37371207891537,11.2734358540501,-7.34988878011768
-12551,-16053,-500,5.37667555276976,10.6574785078131,-4.76466969171226
-12551,-15553,-500,2.18803715226232,16.0311482765422,-4.51067162575928
-12551,-15053,-500,5.10153564153447,13.5894138794352,-5.67279943742585
-12551,-14553,-500,2.21193860502923,16.4597272897529,-2.6820140761967
-12551,-14053,-500,5.52579529314698,16.2027147561669,-4.38916416045763
-12551,-13553,-500,6.3046899102592,19.334744067852,-0.865109029718438
-12551,-13053,-500,6.72956025536979,17.8755063422112,-4.62886737815574
-12551,-12553,-500,10.0629423912811,21.9001784612751,-5.20543034365259
-12551,-12053,-500,9.25947097109853,21.2097165408741,-2.74127013700315
-12551,-11553,-500,12.5625153410523,27.2212730559831,-2.09965779673971
-12551,-11053,-500,12.4625443702308,26.9869978964631,-2.57561545030656
-12551,-10553,-500,18.5436197261752,28.5969393480161,2.43499029820073
-12551,-10053,-500,19.9022645275781,28.8707326305092,-0.526569841749773
-12551,-9553,-500,23.7794665165437,30.7467735463466,2.34227414626164
-12551,-9053,-500,24.1367438833886,35.2792735434574,1.05565614447173
-12551,-8553,-500,28.9476131247169,32.880368389766,4.54113522632712
-12551,-8053,-500,30.5843995379435,33.7309581359942,4.69941741990763
-12551,-7553,-500,38.1147330139426,36.2732897113396,8.56679836634503
-12551,-7053,-500,42.880388967105,36.2337849236926,7.97586779477777
-12551,-6553,-500,46.4260540291723,34.5012669140719,9.124815781458
-12551,-6053,-500,51.7368996485976,35.8077966726929,12.5255392066497
-12551,-5553,-500,52.5035771178812,33.8947067447414,11.2179439949353
-12551,-5053,-500,60.5985078457026,28.5697611409565,12.6189182975449
-12551,-4553,-500,63.0221726356152,29.4643988001311,18.664495646018
-12551,-4053,-500,70.9093090871342,25.6669178979087,17.2224639205023
-12551,-3553,-500,74.9848319348202,23.4942962524386,20.5539765136257
-12551,-3053,-500,76.3581168468549,18.0160405282592,21.8136294392443
-12551,-2553,-500,77.7545822563241,14.5399657399892,22.8433710067932
-12551,-2053,-500,77.4630526227633,9.22224675358072,21.5487641396382
-12551,-1553,-500,79.8552295677365,4.61940376663876,23.6894329656762
-12551,-1053,-500,77.5411782616691,-1.0112580934378,20.3488137912579
-12551,-553,-500,79.0111305194049,-5.65052187309269,19.9574520498032
-12551,-53,-500,77.4564634039632,-6.45015330226662,22.1109008559856
-12551,447,-500,71.1551336438335,-12.4264724355691,24.2588626435686
-12551,947,-500,70.8569386554715,-14.2493689542608,17.925678301623
-12551,1447,-500,67.2399464241148,-15.6268164438712,17.4899320762397
-12551,1947,-500,66.7362454850584,-20.8215922749103,18.1730360922958
-12551,2447,-500,62.0023943661324,-23.7962330387118,15.1700886675588
-12551,2947,-500,59.3190074006751,-25.7190151069499,15.3861758038515
-12551,3447,-500,53.7392610733377,-23.8714629223382,13.4794453126149
-12551,3947,-500,51.5264130157684,-25.909994560831,15.1098017933911
-12551,4447,-500,48.5421806480894,-27.3691795642292,9.2729505464891
-12551,4947,-500,44.0724032469784,-28.289068219839,9.59033821781243
-12551,5447,-500,44.0967010636426,-27.2914105805831,7.57655744103524
-12551,5947,-500,38.1571200620365,-27.5517674530349,5.89283492384596
-12551,6447,-500,33.8319283047675,-28.9798084590871,9.51617232560543
-12551,6947,-500,33.1724253385176,-27.6043438554362,7.17458909802173
-12551,7447,-500,29.7255234879437,-27.7923486875094,4.36862605801639
-12551,7947,-500,29.9385558614765,-29.5264970734605,6.4899292248486
-12551,8447,-500,27.9765878268053,-26.0195275437427,3.01490784993907
-12551,8947,-500,23.0244308981503,-27.1023783665849,4.82478136949504
-12551,9447,-500,20.3195474056779,-25.0384297577746,0.0532100593350745
-12551,9947,-500,17.7343921661313,-25.0802592974302,-0.507648309725376
-12551,10447,-500,16.0674408408382,-24.3821129680184,-0.905507414992352
-12551,10947,-500,15.7709278419427,-22.5392044933788,0.43968303291039
-12551,11447,-500,15.1790812481454,-18.8571302488831,-1.45113352752062
-12551,11947,-500,11.0626326312723,-21.2541486829619,-3.39167562768248
-12551,12447,-500,9.140605007092,-22.2928979558952,1.84943893103282
-12551,12947,-500,9.89571724246289,-18.3349438084097,3.17771150312682
-12551,13447,-500,6.7556990826745,-18.7748578808649,0.513773138480751
-12551,13947,-500,9.35370911573915,-18.3131035645829,-0.0748876869381033
-12551,14447,-500,7.09945053165056,-17.7504343915289,-1.65938099383793
-12551,14947,-500,6.14305837133646,-17.5311491664001,0.809606647823592
-12551,15447,-500,4.82137003086948,-14.8706129397273,-1.3253460092055
-12551,15947,-500,6.34901030293663,-14.1689379576417,-5.11852937241746
-12551,16447,-500,2.33106814013129,-13.5584703410749,-3.39388486622783
-12551,16947,-500,4.79677387780792,-11.8430137262833,-2.22807474598835
-12551,17447,-500,2.67229560065403,-14.7144741254936,-0.510422695733409
-12551,17947,-500,4.51346638190918,-7.1807317658771,-1.30497795298564
-12551,18447,-500,3.0173999885496,-10.0638269752742,1.19699332099735
-12551,18947,-500,0.731244505512938,-11.3134115183897,0.0932441986915205
-12551,19447,-500,2.5310863231467,-5.99712425370713,-2.91538001861134
-12551,19947,-500,2.49359025007569,-9.46935436206246,-1.41858942543191
-12051,-20053,-500,-2.01160018896898,7.01986435021476,-5.62620622825482
-12051,-19553,-500,-1.19495365979832,7.37146492176306,-3.56557756774876
-12051,-19053,-500,0.710902727838464,9.47229978739495,-0.942017450179355
-12051,-18553,-500,0.611357320523307,8.96396121414774,-2.1846535563289
-12051,-18053,-500,2.43215570167585,7.47443044107686,-1.89777955265421
-12051,-17553,-500,1.5757410878373,8.44318878958615,-4.08743323122841
-12051,-17053,-500,2.265541491932,12.8377544637422,-1.02216006005252
-12051,-16553,-500,2.70917516232675,11.1020983082661,-4.26870535252773
-12051,-16053,-500,2.46881155353606,11.3720173519055,-3.22914748177148
-12051,-15553,-500,1.70166894831461,14.2025060653648,-3.64821117366063
-12051,-15053,-500,4.1910200416057,15.6152415964731,-3.03919109510728
-12051,-14553,-500,0.486209156025721,15.4259626361147,-4.80257030692055
-12051,-14053,-500,4.13654655959291,16.5568421087804,-4.24021713615762
-12051,-13553,-500,6.827242101281,20.2075804201684,-0.966012585441196
-12051,-13053,-500,6.29157287191679,20.4981970332174,-2.5501179213959
-12051,-12553,-500,5.03758228538596,22.9073633444081,-2.0795825563669
-12051,-12053,-500,6.14988269514647,27.3732690992597,-2.04481310464842
-12051,-11553,-500,12.5638621995935,27.381776427641,-0.154460162735529
-12051,-11053,-500,15.004898302597,27.1104733358375,1.72232318915709
-12051,-10553,-500,15.834002569564,30.2268931411561,-2.28378296239466
-12051,-10053,-500,18.4730733745185,31.3754539659326,-0.825806005150047
-12051,-9553,-500,20.3535912329349,36.8436358999438,2.13562813151859
-12051,-9053,-500,24.8651303576189,40.1893663794684,1.63621234030547
-12051,-8553,-500,27.0351745803183,37.4919567697226,2.81781041315635
-12051,-8053,-500,33.3230677720209,40.3145279983127,5.86450306575205
-12051,-7553,-500,38.4282157910123,43.1179436663574,6.66671431026785
-12051,-7053,-500,43.575091904011,39.896090620741,11.2283417044242
-12051,-6553,-500,47.978593789394,40.4337500136401,11.5241624554568
-12051,-6053,-500,56.8781562476363,39.8277875532267,18.2005159668414
-12051,-5553,-500,64.5312869689288,38.334673754498,21.6674590937265
-12051,-5053,-500,69.8362732446971,38.7368474372338,21.7333210843189
-12051,-4553,-500,72.3660950271488,36.5032843834094,22.399326149854
-12051,-4053,-500,74.3548041091505,28.7584017148479,22.4564216527033
-12051,-3553,-500,82.4557838110139,24.2705338272423,25.4090023867303
-12051,-3053,-500,81.3236272225757,20.4336766274809,27.4216231509025
-12051,-2553,-500,86.8635284966469,17.5039745112532,27.9910389711079
-12051,-2053,-500,89.0585332210006,11.4808617397216,31.2245448170176
-12051,-1553,-500,88.7851239408609,5.03873708479421,35.5415377815705
-12051,-1053,-500,90.2971099788893,0.0794452340832804,31.5382796552041
-12051,-553,-500,87.271722561887,-6.80259939338541,30.5216767945074
-12051,-53,-500,85.4291367417599,-10.4258819838819,28.8689906639852
-12051,447,-500,80.3490679880007,-12.0674304117134,29.0021390356645
-12051,947,-500,79.4250367818936,-21.2017849091884,28.2636374825785
-12051,1447,-500,74.0495818097489,-21.8246172336789,24.4347250296858
-12051,1947,-500,72.8793724586047,-25.1468093713289,20.520516484403
-12051,2447,-500,66.9947201980893,-26.7784598730473,19.6215792764176
-12051,2947,-500,61.0511232796019,-28.3113865725172,19.4777920386699
-12051,3447,-500,61.3350966689309,-29.5182652759717,15.5695999026642
-12051,3947,-500,54.5614630090015,-28.1062264098535,18.0785239444919
-12051,4447,-500,52.7930613704553,-31.6707009511503,14.2427206460477
-12051,4947,-500,49.3613804110345,-31.4616050224674,13.3090540584783
-12051,5447,-500,45.2785058072624,-34.7260456137879,7.79302483492664
-12051,5947,-500,40.4581322657663,-29.7319646960881,9.40688212167947
-12051,6447,-500,36.778800707497,-32.3149295131184,7.85818691427313
-12051,6947,-500,36.13916675303,-30.264359563334,8.97270960815041
-12051,7447,-500,31.3098933706767,-31.0813645220376,5.12477861048087
-12051,7947,-500,28.9390073947865,-31.5830016211578,5.73297938586465
-12051,8447,-500,27.3465861347331,-30.809649675232,7.19221015285992
-12051,8947,-500,24.1220100938705,-25.7238102206448,6.90227715660432
-12051,9447,-500,21.1877546367,-28.0986326726706,0.667356302927124
-12051,9947,-500,16.8354374213275,-28.7514650482722,5.17302563905178
-12051,10447,-500,15.7170847318598,-27.4315180996739,-2.03635650572267
-12051,10947,-500,16.6927870958338,-25.8368489606625,0.191777405512568
-12051,11447,-500,10.0512498752014,-26.1398115626506,-1.89513624769732
-12051,11947,-500,13.8826498282054,-22.0885339555402,0.384823827251917
-12051,12447,-500,9.40983063342489,-21.5260117875627,-0.854216148375377
-12051,12947,-500,9.38016540657381,-19.9700051572242,-0.261219580675282
-12051,13447,-500,9.21008551518332,-20.6663632129504,0.469068722325272
-12051,13947,-500,5.78385906650168,-18.3820203004801,-0.952763861176622
-12051,14447,-500,7.15160282526733,-16.8093687161078,-3.40211127865259
-12051,14947,-500,7.85363820614588,-18.8708096061826,0.259236523466068
-12051,15447,-500,2.93951527794873,-15.6576941287376,-1.69944214620011
-12051,15947,-500,6.47765751763171,-15.8324387850604,-2.08197481832444
-12051,16447,-500,3.24769408591651,-14.7161676382552,-0.206342824509454
-12051,16947,-500,1.89959111032149,-12.862030848065,-2.83047603684797
-12051,17447,-500,1.5228711317321,-12.0530135165206,-1.94890656549582
-12051,17947,-500,4.68413563945156,-11.3259947579922,-0.853229222088544
-12051,18447,-500,-0.100182259071188,-11.4595488395253,-3.71756568933924
-12051,18947,-500,3.2154160008029,-11.420081950774,-3.79400253843229
-12051,19447,-500,1.73038685421825,-10.5133817061454,-1.64840244788428
-12051,19947,-500,-0.996267655998358,-9.00751353872318,-3.45285010741212
-11551,-20053,-500,-0.797706969426335,7.25781296706812,-2.95131988225526
-11551,-19553,-500,1.26909547972739,7.71907466628938,-2.57562465302988
-11551,-19053,-500,0.555107318709465,10.2270370247103,-2.45174203872395
-11551,-18553,-500,-0.0241983356551353,7.67780087139343,-1.21683501672136
-11551,-18053,-500,2.57103030266044,12.0918309169996,2.00510440020481
-11551,-17553,-500,-2.12009426033084,9.50287414393621,-4.309499462887
-11551,-17053,-500,3.35074252786574,12.0227750870183,-1.92081542028223
-11551,-16553,-500,3.60540443546949,12.1332389178753,-1.60151253668644
-11551,-16053,-500,2.28895693065873,15.1050954325021,-4.6659697208819
-11551,-15553,-500,3.42903143533735,14.3612916612394,-0.852664749895155
-11551,-15053,-500,2.81384541264748,15.408733576227,-0.692951270922621
-11551,-14553,-500,3.78394414316618,16.2459657678431,-5.90136806966163
-11551,-14053,-500,4.2299467661929,20.1012418377376,-2.91820883029664
-11551,-13553,-500,3.96572337511652,23.7241183180085,-2.04042315177033
-11551,-13053,-500,6.42743036070698,21.5316308187222,-3.16397162647964
-11551,-12553,-500,5.1319223471552,24.7750465248564,-0.495120654015844
-11551,-12053,-500,8.15926028981427,26.271223145504,-0.729807488999248
-11551,-11553,-500,9.92531163201429,27.275036530307,-0.499525052452243
-11551,-11053,-500,10.0001389673831,28.1037442423996,-1.18265443833185
-11551,-10553,-500,14.9074439474678,34.8196743715216,-0.317548965593248
-11551,-10053,-500,20.2626546654881,35.4723392637679,0.88647736891091
-11551,-9553,-500,21.3591099754968,36.4837641320435,4.17000176358387
-11551,-9053,-500,26.5875074303208,37.7143146716204,5.55501837700196
-11551,-8553,-500,27.6542812105356,41.4312596879705,4.1986549452619
-11551,-8053,-500,35.2365465108309,45.0069172846979,8.44787494662837
-11551,-7553,-500,39.1166400238807,45.8108598947336,11.2380670764802
-11551,-7053,-500,46.4203433344133,47.3831048505249,15.0412120865382
-11551,-6553,-500,54.2588088157186,46.3662843498816,18.4002865124874
-11551,-6053,-500,61.1759922962289,46.2076154501987,20.5106486397689
-11551,-5553,-500,66.0277868341693,43.8819416728473,20.9725191562117
-11551,-5053,-500,73.9141390608511,44.1261346353632,25.8862641015413
-11551,-4553,-500,81.2956335033057,36.9653219967883,27.4291883704912
-11551,-4053,-500,83.5436927583657,35.6298537048319,33.660643750443
-11551,-3553,-500,88.8823050626027,28.6196500561185,33.4482486353666
-11551,-3053,-500,94.2727725565236,23.7629439592925,36.1355887043614
-11551,-2553,-500,92.7151427706993,16.1533681198118,39.285949519249
-11551,-2053,-500,99.8594802294884,11.8650529276117,40.8600593517767
-11551,-1553,-500,98.9884700822876,6.63687692419533,40.0826989189445
-11551,-1053,-500,97.904502686541,-2.34450274273131,39.8667465263578
-11551,-553,-500,96.1774484806442,-8.67375697690606,38.5383208137186
-11551,-53,-500,94.6486032015778,-12.3392695441003,38.5904540311677
-11551,447,-500,86.3081880417745,-18.9524814730632,36.5219713831749
-11551,947,-500,87.9891057504272,-21.6365372393717,32.049291927688
-11551,1447,-500,84.0187237305655,-27.2536927491407,29.337561518249
-11551,1947,-500,75.6166094912543,-28.3516350347479,27.2053597352483
-11551,2447,-500,73.9157052374176,-31.1659730835281,26.4447786668565
-11551,2947,-500,67.2238348698968,-34.1712754025544,24.2176116512039
-11551,3447,-500,60.8296390282948,-33.7401644430982,22.4058243502248
-11551,3947,-500,60.143861953058,-34.8709220004448,18.1830067783805
-11551,4447,-500,56.3921993731992,-36.8903050836689,15.9938733610648
-11551,4947,-500,51.6353780514173,-35.9732617094118,18.7176797583647
-11551,5447,-500,45.4678283765027,-35.3660607517574,11.1513742555909
-11551,5947,-500,44.3285772757693,-36.4755800454492,9.57140539069781
-11551,6447,-500,39.2636519185773,-33.6561459242359,10.7340683158208
-11551,6947,-500,37.6784674596539,-33.5176431082014,7.8783659083411
-11551,7447,-500,33.9591410816892,-34.5579535023948,6.6263503321147
-11551,7947,-500,31.5114355757417,-30.7451134563014,3.32265705087595
-11551,8447,-500,29.1619325971867,-33.2709110360952,3.62641148727501
-11551,8947,-500,27.6079270907439,-30.1214979910711,4.4307845366558
-11551,9447,-500,24.931468079996,-30.5772113220364,2.11486131420742
-11551,9947,-500,22.2924266287338,-27.4529867803469,2.00681447546943
-11551,10447,-500,19.4784137945345,-25.735076629266,-0.33970139469943
-11551,10947,-500,18.8331222790708,-25.9402184458295,2.79213070181339
-11551,11447,-500,16.5082615577722,-26.1549949787513,-1.28113736530716
-11551,11947,-500,13.6874338339244,-24.8857925226872,-0.945082014530707
-11551,12447,-500,9.69063210725763,-23.1399743170046,-3.0392936517533
-11551,12947,-500,7.87023091308036,-23.0430815533633,-1.33815634908359
-11551,13447,-500,11.4585206783906,-21.0346518984258,-1.51904390394569
-11551,13947,-500,7.73043253455717,-18.2276570436114,-1.43781984728445
-11551,14447,-500,8.06835465432492,-16.2371044257909,1.07046951066858
-11551,14947,-500,5.2893351096319,-17.7002285909657,-1.25405587477038
-11551,15447,-500,4.73143159987017,-17.5398030215437,-1.45994664489365
-11551,15947,-500,5.92169344943638,-14.5668364806473,-3.23747224061106
-11551,16447,-500,4.31879672933111,-11.9187300759918,-1.13731425016539
-11551,16947,-500,1.03287977938467,-13.8442534153428,-5.28441326434037
-11551,17447,-500,4.14050200723783,-14.5008521334251,-0.552026268644628
-11551,17947,-500,3.33941282500121,-10.9981487333984,-2.97246506511504
-11551,18447,-500,1.89682002293781,-10.1065583086752,0.741365033778578
-11551,18947,-500,0.711249913208285,-12.3258222568137,1.81256380617396
-11551,19447,-500,-1.93271798001691,-9.9355062795448,-2.75904584172062
-11551,19947,-500,0.317360281109217,-8.99168311377865,-2.53359149574179
-11051,-20053,-500,-0.674045066765573,7.0794529459016,-2.59754631905231
-11051,-19553,-500,-1.52585772881951,8.0804499604141,-3.87964007134384
-11051,-19053,-500,-2.1804424720806,8.18960085806676,2.81264909919693
-11051,-18553,-500,1.692471077848,10.0414129291036,-3.74508084957095
-11051,-18053,-500,0.262172979781887,10.0802558710329,-5.43964416205874
-11051,-17553,-500,0.559213200778245,9.51809239089164,-1.44953692778971
-11051,-17053,-500,-1.5440782034526,12.3940878662724,-4.93484969300651
-11051,-16553,-500,2.61445890161546,14.3801284561275,-5.06815017313988
-11051,-16053,-500,1.52793632634431,16.427869393022,-3.48904142962076
-11051,-15553,-500,1.78644727253418,14.7136544298048,-2.62341651560061
-11051,-15053,-500,4.83472314737366,14.7098504066571,-3.57705213840048
-11051,-14553,-500,4.51622038164155,20.1105096419293,-2.39638428984704
-11051,-14053,-500,4.49395380008565,19.9481305181215,-5.69480858363627
-11051,-13553,-500,5.58285771856054,22.234261208905,-3.4414772987272
-11051,-13053,-500,3.45729001321093,21.348360573129,-3.6653111268397
-11051,-12553,-500,5.54845876196087,24.2083304057193,-0.892468784173047
-11051,-12053,-500,4.49046275997264,26.188540676372,-5.56946188734493
-11051,-11553,-500,8.71184908965115,31.6399778354289,-2.34828595775519
-11051,-11053,-500,10.5036798960862,34.4555896764934,2.93983705989175
-11051,-10553,-500,15.9674984463042,35.6305044384233,2.2703656897754
-11051,-10053,-500,17.2135050463086,37.3179378181231,3.92148704282025
-11051,-9553,-500,24.2381708323672,40.7885914166274,0.395377713576329
-11051,-9053,-500,26.7442873686235,45.2681142262884,5.8136303031706
-11051,-8553,-500,30.3578550268194,47.9310837099989,6.37133793723529
-11051,-8053,-500,36.8174214554349,51.6239512665765,12.4424845824811
-11051,-7553,-500,42.3815069613755,52.1090370957674,9.95042774214845
-11051,-7053,-500,52.5289842243269,54.0085776912478,16.8659918322505
-11051,-6553,-500,59.2196020084676,52.039009955803,21.980946105096
-11051,-6053,-500,63.8742619098623,54.4374512670994,25.0936437591819
-11051,-5553,-500,76.5087735573152,52.1507176443149,31.8441471205036
-11051,-5053,-500,82.9046031193076,50.7881223451096,36.8922132169153
-11051,-4553,-500,87.2663547238426,45.7461795641866,39.5950532607008
-11051,-4053,-500,96.2884933729444,39.2216247691293,41.3215974553434
-11051,-3553,-500,101.480420227251,31.7498160778232,48.1189999115189
-11051,-3053,-500,103.904072664859,28.0589555553376,43.8385510788805
-11051,-2553,-500,109.888733146133,18.3899009571515,47.3362115302937
-11051,-2053,-500,107.624376654043,11.6699345395831,49.1493315615061
-11051,-1553,-500,110.397738766372,7.46817529496573,47.0418282312748
-11051,-1053,-500,107.984549465923,-2.02327547907457,47.177868560225
-11051,-553,-500,110.752713524809,-9.44188983035425,47.0189909757857
-11051,-53,-500,105.397253200176,-17.1971553535863,47.5757347305962
-11051,447,-500,98.8248677359851,-20.1999717457105,49.1833986349738
-11051,947,-500,95.5047583587569,-27.8360238567736,40.2715728253138
-11051,1447,-500,89.222931195298,-33.0619762643636,34.2157659378129
-11051,1947,-500,86.2006798569429,-35.4597049113974,31.0395629864911
-11051,2447,-500,75.4189411377225,-37.5292986692267,30.3427643641325
-11051,2947,-500,76.7466292645354,-36.6806845965629,27.1049573112695
-11051,3447,-500,72.3715490607222,-38.9262009646531,21.9492517526146
-11051,3947,-500,64.4155811332126,-38.8879342662335,22.8843914376162
-11051,4447,-500,57.2453949356124,-37.2756938526596,20.4072525187713
-11051,4947,-500,53.9891538155097,-40.0444749842747,17.4822525323291
-11051,5447,-500,50.2471871574641,-41.5832642862274,16.6827885461888
-11051,5947,-500,46.6192566848838,-38.4568096262281,15.9862163936414
-11051,6447,-500,43.4088729574243,-38.3819444239664,11.8854587505877
-11051,6947,-500,39.1802131005659,-37.7679112579426,8.4550450026776
-11051,7447,-500,34.7970634941784,-38.298847160985,10.0560026488836
-11051,7947,-500,33.2074703473916,-35.9744785710158,8.0365785084511
-11051,8447,-500,27.9212593570426,-35.579592484679,4.18074821623676
-11051,8947,-500,25.8504052591837,-34.1018702761651,5.32783126531421
-11051,9447,-500,24.5640234576736,-33.3299810190196,2.59969986406849
-11051,9947,-500,17.8854146293019,-32.1639195831197,3.16238590997349
-11051,10447,-500,19.1795120180747,-29.7815125328274,1.51530230373119
-11051,10947,-500,18.0311201940195,-28.6662147602041,1.10613178195836
-11051,11447,-500,15.1916634465955,-24.2011971335431,1.81929827917016
-11051,11947,-500,11.0986083180944,-24.4944178019514,0.411291780010636
-11051,12447,-500,9.77826447245493,-23.8770838432879,-3.27525841510622
-11051,12947,-500,9.43412467706309,-20.9669255781689,-2.23899093334209
-11051,13447,-500,7.22029588646687,-18.0034460619351,-3.14877524793354
-11051,13947,-500,8.59152380217886,-20.6737866652529,-1.80220969772628
-11051,14447,-500,7.40717588787698,-19.5182271490175,-3.29618166557251
-11051,14947,-500,5.07495197886728,-15.6969119018042,-1.67003687896797
-11051,15447,-500,9.79830455507718,-16.4535389530814,-3.5675509664306
-11051,15947,-500,5.75835005343079,-17.4691414519837,-1.50873896790575
-11051,16447,-500,2.79257954791048,-14.8415519695365,1.0810091458366
-11051,16947,-500,2.54282519631021,-14.7790751577531,-2.89845184650943
-11051,17447,-500,1.5922667269013,-13.8775435660699,-1.60964945853555
-11051,17947,-500,5.01835433636153,-13.0460867435299,-0.210366545698563
-11051,18447,-500,1.8655249913821,-14.0461531197423,-4.58636361776492
-11051,18947,-500,3.84071458556952,-13.3378459441693,-1.38786111854665
-11051,19447,-500,1.01918543624874,-9.02645387533239,-1.45380247626411
-11051,19947,-500,1.87002193499344,-11.0397414677615,-1.79016552495977
-10551,-20053,-500,-2.56503303125849,3.99683254552907,-5.73342737874252
-10551,-19553,-500,0.326900444580479,4.92897560238752,-2.24909346725998
-10551,-19053,-500,1.39156886220367,8.96240421558784,-3.5277947600505
-10551,-18553,-500,-0.782275879094723,11.0798912827155,-2.35435931625
-10551,-18053,-500,1.51315181037754,9.58806309280496,-2.26321432756131
-10551,-17553,-500,1.33572177959993,10.2579703217037,-3.57979650205183
-10551,-17053,-500,1.26343120449446,11.9762512015772,-5.57175266200093
-10551,-16553,-500,-0.525100038361367,11.6130627752458,-5.01930229595769
-10551,-16053,-500,0.516461018312404,12.8390828866248,-5.0908047623957
-10551,-15553,-500,3.17107849781689,15.1053255172865,-1.46146818939752
-10551,-15053,-500,2.6737703797674,15.8993882198681,-5.41505333442173
-10551,-14553,-500,1.96528608716747,20.0954414281392,-4.47347904893681
-10551,-14053,-500,3.98509358293417,18.8559062224751,-4.75388557207095
-10551,-13553,-500,1.69134604828557,20.2610551974376,-1.86340715434121
-10551,-13053,-500,7.20204840852257,25.0892287456305,-3.35805652019953
-10551,-12553,-500,3.79739777052399,28.2411485264598,-0.888495744957049
-10551,-12053,-500,6.74847183523278,27.9675438952571,2.6683954875446
-10551,-11553,-500,9.10696301027886,34.8502766007241,-3.68248435687033
-10551,-11053,-500,10.8981787013442,35.9411655835067,-2.45319503687859
-10551,-10553,-500,13.9354606236705,37.338577242535,-2.00193767682778
-10551,-10053,-500,17.3727991811959,41.9351919939179,1.84535660089911
-10551,-9553,-500,20.2586385903153,45.0823190139264,5.82355930133955
-10551,-9053,-500,23.8273575695279,48.2655293656525,6.18463120102588
-10551,-8553,-500,32.4779635831361,52.8770351671428,7.97219997886895
-10551,-8053,-500,36.5900952412341,57.5547073718096,14.4968185811865
-10551,-7553,-500,45.0102706429784,61.9728207352454,16.0325638298516
-10551,-7053,-500,54.1770425311439,61.6401887055613,22.5797805576665
-10551,-6553,-500,63.5547691331791,62.6651387003758,25.965735998423
-10551,-6053,-500,72.5331218071141,62.5540282446869,34.4617552507333
-10551,-5553,-500,77.0084302485229,61.1456013960873,39.7065954920173
-10551,-5053,-500,92.2517226947114,57.6636143191001,45.755616982976
-10551,-4553,-500,100.337112788448,52.0033770225534,48.3245858808879
-10551,-4053,-500,105.837943493327,46.1809596949967,53.1371601017113
-10551,-3553,-500,112.994736084497,38.4147612376687,58.6782790521857
-10551,-3053,-500,117.224455750185,31.5213586496059,61.3311721193995
-10551,-2553,-500,120.321810506721,20.7657267327998,63.1098117978186
-10551,-2053,-500,121.780633693804,12.4740608178,64.1724510501693
-10551,-1553,-500,123.845240788078,4.41622775876823,62.5124208867985
-10551,-1053,-500,120.731556950424,-2.7344086130374,64.4584739747331
-10551,-553,-500,118.263235965992,-11.984842545628,63.2331083640766
-10551,-53,-500,115.47040496576,-17.8092393747795,58.7275876048876
-10551,447,-500,110.453205153531,-28.1439672459324,57.5205304432891
-10551,947,-500,105.795936761008,-32.8266484778428,48.3531486948589
-10551,1447,-500,98.2401440423441,-37.3212481456004,47.9012955184535
-10551,1947,-500,93.0924298849082,-40.0680553475196,44.9331559529081
-10551,2447,-500,85.5648175072489,-39.4177017367832,36.7175620692507
-10551,2947,-500,78.2107899907564,-42.9813325545353,31.0696622086307
-10551,3447,-500,72.5408465287685,-43.7361185213581,32.800386090739
-10551,3947,-500,63.439355239671,-44.3657240589515,25.1525587290516
-10551,4447,-500,63.082335760299,-41.4608625878682,30.0649548782194
-10551,4947,-500,58.8049659770255,-44.6695850700983,20.0136505968137
-10551,5447,-500,51.6557390011413,-42.7249304996934,20.7023985972078
-10551,5947,-500,48.4466680341914,-41.3089114814997,15.3565763198939
-10551,6447,-500,43.2051331556122,-42.4314259538078,12.4687959578891
-10551,6947,-500,43.2338476975914,-40.4534586631575,14.9796232341243
-10551,7447,-500,37.707669389145,-40.9493597730139,12.5089682923739
-10551,7947,-500,31.6892268303289,-40.2909924222497,8.02663614373207
-10551,8447,-500,29.2385485687102,-37.5873884584373,5.86527756089731
-10551,8947,-500,30.0886739070638,-37.8553940741285,8.15570049171796
-10551,9447,-500,23.1737832310178,-35.2320098864137,5.41584975860498
-10551,9947,-500,21.2010095731206,-32.4224242527642,5.56024069378435
-10551,10447,-500,17.8964087750027,-33.9735719113648,3.50083074008282
-10551,10947,-500,16.9105812277755,-33.5419497367191,-0.670279594288276
-10551,11447,-500,16.5766014064986,-28.2023492639488,1.69389362788007
-10551,11947,-500,15.4666151492616,-27.5077562269672,1.11377631104508
-10551,12447,-500,11.8808536547565,-25.9983752402014,-0.220483061351677
-10551,12947,-500,8.74921122168531,-24.558731320568,-0.830113177221778
-10551,13447,-500,8.34154546046837,-24.1466269604636,-0.781793816605518
-10551,13947,-500,6.69007205582191,-23.4023303935232,1.13842159284885
-10551,14447,-500,8.6560323377212,-18.6581519497703,-0.844144737517774
-10551,14947,-500,5.97161711242028,-19.1369621280526,0.617026205473336
-10551,15447,-500,4.28265005629842,-17.9693816311019,-2.21454718521705
-10551,15947,-500,6.7415473655595,-15.4180453524333,-1.60146821399746
-10551,16447,-500,3.42303075182128,-14.5797106718835,-0.709766830905325
-10551,16947,-500,1.72534758167448,-15.6871968606697,-4.40189346245829
-10551,17447,-500,0.0285964666144684,-13.8219442176058,-3.07128274273114
-10551,17947,-500,1.19652066321938,-12.4135220301665,-2.16097386648975
-10551,18447,-500,3.22795949929725,-11.0263567824312,-0.1874749037322
-10551,18947,-500,2.7393958271577,-10.0372518429605,-5.23495249647692
-10551,19447,-500,1.66395368977476,-10.9855529195789,-3.92175434200102
-10551,19947,-500,1.13652181240979,-12.2354407391392,-4.06824853107095
-10051,-20053,-500,-0.72596054429624,7.26850958774463,-5.06743483671834
-10051,-19553,-500,-0.817962004553213,8.64324501438946,-6.17402143723396
-10051,-19053,-500,-0.294384219146975,8.9252860228097,-3.57421056320022
-10051,-18553,-500,-1.42003087713639,6.90983996834552,-2.82285370190707
-10051,-18053,-500,-0.368277081260781,9.29018339040427,-7.56332283029743
-10051,-17553,-500,-2.89962121613203,11.7689491217045,-2.90129705748416
-10051,-17053,-500,-1.31218683943047,11.1293041148808,-2.9080786455341
-10051,-16553,-500,1.31481794005287,11.9192634055219,-7.11730106479608
-10051,-16053,-500,1.25530620458851,15.064197508884,-5.58541271759338
-10051,-15553,-500,0.567860813495402,15.5508602929668,-2.35881909179761
-10051,-15053,-500,-1.59135800772459,16.3211277955626,-3.05780595592804
-10051,-14553,-500,3.58415341926227,18.8159960728453,-3.64046667350339
-10051,-14053,-500,3.1203664189908,21.0796601347499,-5.74504417689108
-10051,-13553,-500,2.57022893980505,22.6847507946504,-2.23618292362886
-10051,-13053,-500,4.08151030195978,26.6744684515415,-4.7052488216927
-10051,-12553,-500,4.45090941407541,26.8591513054674,-1.92410318826126
-10051,-12053,-500,6.10446505224881,30.9138280753234,-1.89355455179576
-10051,-11553,-500,9.44775679386549,32.5221993528439,-2.10817911731281
-10051,-11053,-500,8.35310645778126,36.7577926902446,-2.12722237420236
-10051,-10553,-500,10.111256886607,42.5062037000094,-1.53705449023244
-10051,-10053,-500,12.3371941404521,43.2743119871569,1.48630668895578
-10051,-9553,-500,17.6011417944063,50.6587893166632,1.8962288479112
-10051,-9053,-500,23.6710997739753,53.6472599455032,8.58975705286651
-10051,-8553,-500,27.831981368001,57.8559289238724,12.4681725916749
-10051,-8053,-500,36.6358232619513,64.5554356491778,16.5668628323238
-10051,-7553,-500,45.1599670813188,69.0196028733879,23.0664850021964
-10051,-7053,-500,53.0148955336514,70.9570306947475,31.8214050442712
-10051,-6553,-500,66.3788336097762,74.7494032695751,37.4780622640806
-10051,-6053,-500,77.2855568460736,72.4884636533958,41.753677157082
-10051,-5553,-500,85.7938989466285,69.837397468342,51.2844112152633
-10051,-5053,-500,99.2602104153498,64.6735968194565,55.065048177231
-10051,-4553,-500,105.988681540065,58.9089725897549,63.5440663804342
-10051,-4053,-500,119.236113726091,51.6230337830936,72.1458525254523
-10051,-3553,-500,123.481854418914,45.9286929724456,75.1928183418241
-10051,-3053,-500,128.399564249838,35.3913371524204,80.963735849668
-10051,-2553,-500,132.992909818472,24.8757972028207,80.9074987851255
-10051,-2053,-500,135.588770149303,16.8603901371429,80.8501365411656
-10051,-1553,-500,136.929792315381,3.78563255162713,83.577490024957
-10051,-1053,-500,136.050774100334,-8.17190012530648,79.2168474147861
-10051,-553,-500,133.634281803187,-16.5524078282312,74.0929862414969
-10051,-53,-500,126.682084457083,-25.6440750017795,73.2420666704292
-10051,447,-500,120.868679656686,-32.9407813909594,74.3446566976952
-10051,947,-500,114.777389529773,-40.2241219427554,63.7297253236939
-10051,1447,-500,106.985662357611,-44.3136899372613,58.8324981694559
-10051,1947,-500,100.564329446918,-46.6209310253387,53.9093028914381
-10051,2447,-500,93.0554049888509,-46.9794771182365,48.6715641969718
-10051,2947,-500,84.3719455836042,-49.1074350697942,44.2107614337939
-10051,3447,-500,77.4305283611322,-52.5557911901903,37.148637705954
-10051,3947,-500,71.9901090556512,-54.1796451249332,35.5974225233904
-10051,4447,-500,66.1065218869888,-49.7561878760869,31.7173600866723
-10051,4947,-500,63.1274650180539,-50.8784007011006,25.1207300698119
-10051,5447,-500,55.8951977624755,-49.622702529758,21.5650718153638
-10051,5947,-500,50.0877992429831,-47.675452917905,25.5732957471286
-10051,6447,-500,48.5368277122986,-47.0184073011378,18.4274178722789
-10051,6947,-500,43.3087367446018,-44.7095650548434,15.4391945479535
-10051,7447,-500,38.1402557260218,-45.4414485342986,13.7891665206745
-10051,7947,-500,35.0744912361648,-41.0774467739015,10.6754284649291
-10051,8447,-500,27.3739049204548,-40.5526513473815,6.1140013322046
-10051,8947,-500,27.6242810227876,-40.6873573746091,6.43031270981205
-10051,9447,-500,23.2886883680539,-38.0404608051892,6.02160689662819
-10051,9947,-500,19.8598457613618,-36.0321798626836,0.613768803460599
-10051,10447,-500,19.6760926087066,-34.0467210885206,2.14862717414193
-10051,10947,-500,15.2011735598791,-32.6206881103313,2.98163331420193
-10051,11447,-500,16.1852410159493,-30.863158273077,-2.69436099611369
-10051,11947,-500,14.0590410806823,-29.5607872559472,-2.72524490319432
-10051,12447,-500,8.91421071369581,-27.8845979544886,2.5156517072391
-10051,12947,-500,10.0750608755317,-23.4808878204078,-0.442159015704242
-10051,13447,-500,8.05047604103013,-24.7490070985181,-3.27072759397442
-10051,13947,-500,6.3404824388855,-23.4154796783791,0.335276303625254
-10051,14447,-500,6.28688053648396,-22.7254696136047,-1.10110572454259
-10051,14947,-500,5.49276452820951,-18.634456595362,-2.87474830214069
-10051,15447,-500,4.27911394002998,-18.4502040702661,-3.56761010610739
-10051,15947,-500,4.54466470513604,-15.3681311414768,-3.42885867972103
-10051,16447,-500,3.05054124349612,-14.9703084201429,-1.36644954663323
-10051,16947,-500,4.20093921085276,-14.0207969924588,-2.56421056298841
-10051,17447,-500,1.9592466129738,-14.0267651703762,-2.07812975109014
-10051,17947,-500,0.0455973673584371,-15.7078964759748,-0.197167521283188
-10051,18447,-500,1.06751410215942,-13.5734436947244,-5.19191384494021
-10051,18947,-500,-0.147552745445849,-11.4160404747968,-5.01544038649663
-10051,19447,-500,1.17387315631487,-11.887842285163,-5.67258693521037
-10051,19947,-500,1.56878270894242,-10.3642116029164,-3.49386713685436
-9551,-20053,-500,-1.66878350922751,7.38564308701489,-3.38207545881097
-9551,-19553,-500,-2.90490158775148,8.23639099237229,-3.41319723960026
-9551,-19053,-500,-1.53875609960236,6.68942205222537,-5.51769113270182
-9551,-18553,-500,-3.4505003875,7.2919364064948,-6.26021223568537
-9551,-18053,-500,0.374442355497204,11.1331039729663,-6.51030966678578
-9551,-17553,-500,0.152460695281815,9.37601836168646,-0.637963213366423
-9551,-17053,-500,4.05663948834265,13.1953553577144,-3.54456464106009
-9551,-16553,-500,-2.77544895247651,13.8066716863237,-4.00767467838069
-9551,-16053,-500,-0.282429431312717,16.2790457378142,-5.22447638196253
-9551,-15553,-500,-0.0849948095524611,16.5304263436581,-4.73987644861167
-9551,-15053,-500,2.07519046463337,17.2428889179975,-6.25948499866789
-9551,-14553,-500,1.21281858126381,19.8194741679083,-1.07969985854767
-9551,-14053,-500,0.586111093234385,19.9836375891203,-3.41846741022989
-9551,-13553,-500,1.57378913433999,23.0187323581408,-3.66471582307905
-9551,-13053,-500,3.90392942250822,26.7872814167155,-3.92375847537692
-9551,-12553,-500,4.4623379455718,29.3547171346085,-4.90366604602353
-9551,-12053,-500,5.92704285936449,32.0497058425711,-4.71226270231706
-9551,-11553,-500,5.01036088319767,34.6991192454778,-1.58234077279287
-9551,-11053,-500,9.11013499191843,40.8259572181435,-4.70163289345149
-9551,-10553,-500,8.87570888825429,43.9483352823525,-1.68371134589422
-9551,-10053,-500,16.4365049359688,49.9657281453686,3.19049688376438
-9551,-9553,-500,19.2934655244936,55.2036120114354,7.48009956085738
-9551,-9053,-500,23.8452894991668,59.8985996670706,12.0208344809588
-9551,-8553,-500,29.6056327928887,64.2775196946159,8.83098191048608
-9551,-8053,-500,33.5681825395117,71.6295341052813,16.8745731107569
-9551,-7553,-500,41.847605859702,79.6644860145005,27.1015265177522
-9551,-7053,-500,56.084735078359,85.4424482047122,37.6087844719685
-9551,-6553,-500,68.5383613196725,85.1516802219558,49.2047685133633
-9551,-6053,-500,79.9212847207487,84.9798589427751,56.1711453333663
-9551,-5553,-500,95.2897551522862,83.1509413798513,66.3866815579272
-9551,-5053,-500,106.383395670763,77.814207833088,73.8204481323225
-9551,-4553,-500,119.552934348107,71.6532106744134,82.4164839540662
-9551,-4053,-500,128.193835538191,60.6935950121415,89.427199291322
-9551,-3553,-500,135.280278666881,52.9499482176473,98.5625425844266
-9551,-3053,-500,141.199133712455,41.7249909926089,100.667931272356
-9551,-2553,-500,145.65742026063,28.2314151824468,106.793605626543
-9551,-2053,-500,151.258682105283,18.0282594133174,108.386700096402
-9551,-1553,-500,149.989533429699,4.07845834652894,105.923314677793
-9551,-1053,-500,147.438265415308,-9.67149286706148,110.308647808579
-9551,-553,-500,146.189187849341,-20.7134713309935,101.309357098816
-9551,-53,-500,137.789513683629,-29.35099061704,98.782869421898
-9551,447,-500,132.79899217046,-38.1315273795532,91.1784660051762
-9551,947,-500,123.844568974447,-46.7522049853563,80.070758992081
-9551,1447,-500,115.627550501667,-52.1029850216839,72.7541498172412
-9551,1947,-500,108.799593383453,-57.9455432002094,62.9061009864049
-9551,2447,-500,98.4357632979463,-58.5893948434079,60.028403524356
-9551,2947,-500,88.8713892211871,-58.087378077096,50.9351378788056
-9551,3447,-500,79.1185913352166,-56.1630531609558,47.4982824816398
-9551,3947,-500,77.9843210694091,-55.5235450218073,38.7683354164665
-9551,4447,-500,69.4359812551448,-56.7137635952622,36.0892829541382
-9551,4947,-500,60.5373908595241,-53.6310059860283,33.6024063798274
-9551,5447,-500,60.0851921206391,-53.2659457580593,27.6663685713333
-9551,5947,-500,52.4231364349432,-54.420010486101,23.0028507726354
-9551,6447,-500,47.905458060136,-50.9060401499454,19.0293104621848
-9551,6947,-500,45.3710034106323,-48.2446584553051,14.7335768796217
-9551,7447,-500,39.6643318306463,-49.4927064544025,13.5016535866569
-9551,7947,-500,34.9490371543744,-45.4748778700403,11.0620122324391
-9551,8447,-500,32.2743457026119,-45.3446735339548,13.3585693655522
-9551,8947,-500,29.4772609643952,-43.9865727764501,7.63489367681785
-9551,9447,-500,26.6813878945282,-42.8606956210794,7.32078862359063
-9551,9947,-500,20.5217988156759,-37.8804570827784,1.5259479909458
-9551,10447,-500,18.7799763516818,-37.194732511004,-1.29657698423709
-9551,10947,-500,14.4762149566847,-32.9329920111173,-1.13536551046977
-9551,11447,-500,15.3491318564167,-32.6449606886553,-0.793890399885824
-9551,11947,-500,13.5146095224338,-30.8910118852063,-0.685904775064055
-9551,12447,-500,8.94957177075982,-26.9048913493342,0.463702753688709
-9551,12947,-500,9.83296800245816,-27.150280259257,3.01631745587097
-9551,13447,-500,8.43898235517375,-23.0638841855742,-2.72518177909755
-9551,13947,-500,5.51020804335845,-24.3154991618114,-2.3625162664988
-9551,14447,-500,6.06257689713392,-21.0133375756916,-0.473390392794111
-9551,14947,-500,4.641125002818,-19.8401277183395,-0.317496338656537
-9551,15447,-500,4.59545692539909,-17.094024182388,-1.23309194322705
-9551,15947,-500,3.63517896515872,-19.3381663857176,-4.84781613131035
-9551,16447,-500,2.51358298122104,-16.3392940220904,-6.67640664727851
-9551,16947,-500,3.38536831875902,-15.9690196156813,-4.0881744501975
-9551,17447,-500,2.07705907105153,-15.5051505414393,-0.0965975410890202
-9551,17947,-500,3.14663555729371,-16.4027574430103,-4.48947684670144
-9551,18447,-500,1.08076470706304,-14.5419322975021,-2.71482429632115
-9551,18947,-500,-1.29975720945474,-10.401718622215,-2.77575538303467
-9551,19447,-500,2.43547578073352,-10.5434903426284,-2.78066173993787
-9551,19947,-500,0.578498831094021,-11.2352336030774,-5.39072582660278
-9051,-20053,-500,-1.26146558542585,9.01748591357523,-3.1453890425778
-9051,-19553,-500,0.53185640153762,5.72133109751377,-7.92060681648452
-9051,-19053,-500,-4.01196338836339,9.44491648240473,-0.190809258644159
-9051,-18553,-500,-2.30319324170533,10.8060546650766,-7.55997620011262
-9051,-18053,-500,-2.72315459465518,11.3915704672626,-9.21113924653442
-9051,-17553,-500,-0.762762136752176,11.2682934020375,-5.02536500410822
-9051,-17053,-500,-0.710529447880178,13.6406626257613,-1.81497320858794
-9051,-16553,-500,2.06193451570008,13.5178661743704,-6.49950485627545
-9051,-16053,-500,-1.33912025054762,16.6283348939739,-4.95071871709114
-9051,-15553,-500,0.618983686030615,16.5653964670134,-7.94280315666462
-9051,-15053,-500,0.488569264574916,19.0717071046632,-7.88567479435559
-9051,-14553,-500,0.0828400459835036,18.7813470791321,-4.02483302997807
-9051,-14053,-500,-1.20138298607942,22.397003852468,-5.93720633659811
-9051,-13553,-500,1.05302660482057,24.4977122330943,-4.01277204165091
-9051,-13053,-500,2.63238895930635,27.6537797908632,-3.47778671893106
-9051,-12553,-500,3.74224590605335,30.5106570093301,-2.28066892931425
-9051,-12053,-500,3.76447121008332,33.9449818941561,-4.57515690771472
-9051,-11553,-500,6.82228390448338,39.5029366603804,-2.66566869150923
-9051,-11053,-500,5.33320922817323,41.1481675555789,1.37571832384227
-9051,-10553,-500,7.96623940462987,48.8105102376051,3.23523372072722
-9051,-10053,-500,13.5920122062083,49.7386105125988,-0.00235587985667801
-9051,-9553,-500,12.9617550449949,59.48905161,6.11428795412976
-9051,-9053,-500,17.8207342106327,67.5347927400764,11.2731511362393
-9051,-8553,-500,26.0095273717676,72.0629364321158,15.4508260925869
-9051,-8053,-500,34.5864484061408,82.3249793428539,26.1670917080185
-9051,-7553,-500,44.1758943993384,89.4493361534081,32.1702981469468
-9051,-7053,-500,54.562927029994,94.3476478506093,40.4527809693835
-9051,-6553,-500,71.4575723153496,97.6670161011853,54.4799161078471
-9051,-6053,-500,85.424093787736,98.7286323016267,67.1949698079651
-9051,-5553,-500,98.1045210341349,97.9360132814129,81.7044642449222
-9051,-5053,-500,112.384009164458,89.3200512898296,99.0022881423995
-9051,-4553,-500,127.118526979314,82.4989403989263,110.264646328522
-9051,-4053,-500,137.503032110807,70.6452137184851,120.093259822626
-9051,-3553,-500,144.414672447774,58.798849643895,127.937295528696
-9051,-3053,-500,151.623891181029,46.921262555536,132.186375316524
-9051,-2553,-500,156.230002328511,31.3906611750727,134.851611343069
-9051,-2053,-500,157.801877760728,19.8394741895927,140.784613607023
-9051,-1553,-500,160.257557603247,3.91419227474899,137.981534911439
-9051,-1053,-500,159.972460079439,-10.3833657513319,134.96758382968
-9051,-553,-500,156.395948050288,-27.0411680316847,133.75774312213
-9051,-53,-500,150.602575518953,-36.434955672675,122.177411444804
-9051,447,-500,140.761505939329,-49.8500835291316,115.18670001277
-9051,947,-500,133.577793225375,-56.9011275641758,105.314209369542
-9051,1447,-500,120.165606720085,-62.8231984004326,91.3681097991831
-9051,1947,-500,112.804122476961,-65.7095764326674,79.7416473784409
-9051,2447,-500,102.309475570574,-65.4414001886804,72.6717731707741
-9051,2947,-500,92.5662831083462,-64.2218223909392,61.0295129237828
-9051,3447,-500,85.7848555446866,-65.3662585862484,50.5610148768146
-9051,3947,-500,81.9388010752663,-62.7395313215869,47.2979995252205
-9051,4447,-500,72.6258474638986,-60.4436531915256,42.6647391853665
-9051,4947,-500,68.002636144584,-60.223400827272,38.0267616048536
-9051,5447,-500,62.9867023217339,-59.8149531307862,35.7674690444259
-9051,5947,-500,56.2780452361876,-58.1385994796543,30.8363548135481
-9051,6447,-500,51.1662804057025,-57.2774727991228,28.0542468216362
-9051,6947,-500,43.4471494716981,-56.340899803722,18.4038158387792
-9051,7447,-500,40.4625480579737,-53.0208014995323,18.3528828737983
-9051,7947,-500,36.6944341602318,-50.7451650846569,12.8996456058267
-9051,8447,-500,34.2900426763263,-50.4176482061098,10.1138290190464
-9051,8947,-500,28.2087899274498,-46.3781642738961,13.1138838554518
-9051,9447,-500,27.027347777718,-42.9779868289073,7.33167593441982
-9051,9947,-500,19.6969785372338,-38.944997735713,8.77376418536493
-9051,10447,-500,19.5710726822905,-37.426193371995,1.53394346633654
-9051,10947,-500,15.641299907899,-37.4038589921426,4.44795493448192
-9051,11447,-500,13.751566725736,-37.1056415663902,-1.3539837750028
-9051,11947,-500,13.4672960064195,-31.0751391816442,-2.02693771263739
-9051,12447,-500,9.14759973966315,-33.5091222713481,-0.223124151808215
-9051,12947,-500,7.07512222912434,-30.2656356591694,-1.01651230847738
-9051,13447,-500,7.19347498696603,-26.1611593867153,-1.3456445110951
-9051,13947,-500,6.0289304800221,-25.2437500062391,-0.741082721190753
-9051,14447,-500,5.81199353184382,-21.5644466443565,-1.27236547932896
-9051,14947,-500,7.14681478081735,-19.8533584319126,-3.8179050068263
-9051,15447,-500,1.32605435665822,-17.9313705199102,-4.54720585279438
-9051,15947,-500,3.23992771225768,-17.3461136585311,-3.28873256196425
-9051,16447,-500,2.86851566781852,-18.7055719682764,-3.09770232137487
-9051,16947,-500,3.93033134915842,-14.8801412026172,-2.20596894616969
-9051,17447,-500,5.91195880558533,-15.167276054794,-4.34027808461223
-9051,17947,-500,2.58109145011671,-13.2171290760616,-1.54161574223494
-9051,18447,-500,0.610192227375779,-13.9459997843196,-5.21303735647547
-9051,18947,-500,-2.0718425730097,-11.1532224977619,-2.72771079722758
-9051,19447,-500,-0.408036888747057,-9.23004071310484,-1.78740594392952
-9051,19947,-500,0.0474369284916908,-14.3005038682957,-5.68084143920958
-8551,-20053,-500,-0.907434176212315,4.73694077808651,-1.21294468523656
-8551,-19553,-500,-0.770289080430889,7.93427365384422,-3.24222644127875
-8551,-19053,-500,-0.096219373233905,8.85507372417793,-3.21655292508252
-8551,-18553,-500,-2.16882687011665,8.64662326949504,-4.31320683861141
-8551,-18053,-500,-0.585211493549698,12.1628737379932,-2.72409971241526
-8551,-17553,-500,-4.19291695136477,11.4875024865021,-3.54881758480463
-8551,-17053,-500,-3.18093262681455,12.6923504815941,-6.29852648027968
-8551,-16553,-500,-3.60307668761608,15.2723005835532,-5.710765340368
-8551,-16053,-500,0.0699152780002149,14.805340023919,-7.62397313285311
-8551,-15553,-500,-2.80666908069314,16.4122466181803,-8.10136181118911
-8551,-15053,-500,0.523222250188907,18.7668089300989,-2.24128989180028
-8551,-14553,-500,-1.89333412208447,22.2063088967811,-5.68439844664108
-8551,-14053,-500,-0.79032813659605,20.5981739698689,-1.49656510575511
-8551,-13553,-500,0.943005991126613,22.2104668066747,-6.95449558624665
-8551,-13053,-500,0.778039499215782,26.3955309601675,-5.1772632443101
-8551,-12553,-500,-0.278495977712976,30.7635498444059,-1.88414440995678
-8551,-12053,-500,0.925351376388387,33.7689033472154,-6.74880565303284
-8551,-11553,-500,5.0867353030366,39.0664940905896,-2.45507969958319
-8551,-11053,-500,4.21366528152171,45.113237352793,0.128559857928859
-8551,-10553,-500,6.94487127303491,48.2772660142472,3.63444813305452
-8551,-10053,-500,8.63340292729849,55.9938300757131,4.9962147339872
-8551,-9553,-500,11.6520127174598,62.4435771368102,9.70917789171163
-8551,-9053,-500,15.8180593906904,71.2325436848881,12.1916391344311
-8551,-8553,-500,22.8047275929619,80.5295526363626,15.7259185262703
-8551,-8053,-500,31.5845164571738,91.179881191112,27.5536534857914
-8551,-7553,-500,38.7599150208144,96.5176041613266,43.2029707565922
-8551,-7053,-500,53.600969828104,105.880490397224,52.6149156752506
-8551,-6553,-500,67.1579774234536,113.808389911684,68.4475454108235
-8551,-6053,-500,84.7179966912489,114.827858280418,88.8733990866752
-8551,-5553,-500,96.3768576490958,111.066401366507,109.561424366181
-8551,-5053,-500,113.875711607846,103.393065674895,122.489298312477
-8551,-4553,-500,130.09814800923,94.719011203504,142.065661341339
-8551,-4053,-500,137.42949912869,80.6143544893747,154.550185233828
-8551,-3553,-500,146.214888908625,69.0973824172909,164.500178138098
-8551,-3053,-500,156.853790626753,51.4489878277074,169.36306586344
-8551,-2553,-500,160.634885977327,35.402074460818,173.32004127068
-8551,-2053,-500,164.324442191995,20.4809760427975,178.055814906282
-8551,-1553,-500,165.322261352326,2.92867830152923,177.497991957038
-8551,-1053,-500,166.443321012745,-12.9298247470214,171.694496044591
-8551,-553,-500,159.765442288216,-29.5053109296663,164.954781862345
-8551,-53,-500,155.434199424586,-44.9719826092054,155.706198143598
-8551,447,-500,146.700640572273,-56.845732442553,143.974673131066
-8551,947,-500,135.677302519282,-69.7008884127756,130.199659773398
-8551,1447,-500,123.525691689141,-71.0482661326184,115.328784049011
-8551,1947,-500,112.379808385243,-74.8557304490776,100.575538819463
-8551,2447,-500,103.522279019059,-76.5493826336203,84.6924659632091
-8551,2947,-500,94.096754154995,-74.2156906898251,73.5255462856791
-8551,3447,-500,88.1331229413355,-72.77698509358,61.2536088065586
-8551,3947,-500,80.48206176684,-69.6725146424761,58.3443292305078
-8551,4447,-500,74.6749205253113,-66.9802230998662,48.9397898404634
-8551,4947,-500,68.0039192194459,-66.9738105758816,45.0837689430751
-8551,5447,-500,64.3802225356732,-60.6730410638265,37.3629568300013
-8551,5947,-500,57.4114766038465,-63.5681823308355,31.5744790874992
-8551,6447,-500,51.8926521799184,-62.2249777912097,26.2502294154081
-8551,6947,-500,48.8450246474923,-61.5007697978999,29.0645833306408
-8551,7447,-500,42.9673698691529,-58.9130858229256,19.2741764542769
-8551,7947,-500,38.0038147632635,-53.8873929643679,14.4938346298634
-8551,8447,-500,33.636715795419,-52.6718702169676,16.9450027486721
-8551,8947,-500,30.0531130361177,-52.2186675253887,12.0462071676664
-8551,9447,-500,24.2589914971308,-46.9803525095762,7.56362084309435
-8551,9947,-500,19.140832707483,-44.2287787162862,4.06387685141362
-8551,10447,-500,19.5187571856163,-41.6264860254725,4.79947129125126
-8551,10947,-500,14.0042355704457,-37.2277850852829,4.31581969118137
-8551,11447,-500,13.7918799193297,-36.7481517273746,-0.732412218856032
-8551,11947,-500,9.63950974704893,-34.6453444723195,2.35599567621086
-8551,12447,-500,8.45937056420418,-32.823054843381,-2.39308554636535
-8551,12947,-500,4.56524925970632,-30.9842251792947,-2.74683942686117
-8551,13447,-500,6.50559026322269,-27.6778075321478,2.86378716233768
-8551,13947,-500,5.91776857671241,-23.8767158649161,-3.79908461651891
-8551,14447,-500,2.37308665805146,-23.7539168171178,2.04806046167671
-8551,14947,-500,2.74908231625838,-20.3250742042415,-1.1763432803736
-8551,15447,-500,6.71982577661342,-21.2204744824056,-4.43569426815109
-8551,15947,-500,1.88199574080102,-18.6170018586333,-2.87285717393741
-8551,16447,-500,2.79677845188096,-16.820054744824,-2.73591801148564
-8551,16947,-500,4.32798520793138,-16.105793759097,-0.330790976669
-8551,17447,-500,4.26447894235634,-15.0183732424686,-3.60719817813375
-8551,17947,-500,2.12490241311743,-16.1662177125753,-3.30707810767905
-8551,18447,-500,-0.372732899903457,-14.2662372504889,-3.45285483856847
-8551,18947,-500,2.83363862150141,-11.6115793993089,-6.1688370883436
-8551,19447,-500,1.2058507940441,-13.1270866047892,-6.3865594814293
-8551,19947,-500,1.56116824539456,-11.1505345318906,-1.01273244439819
-8051,-20053,-500,-4.42911160078945,7.09916119120989,-5.77195432442735
-8051,-19553,-500,-1.03574251284614,7.40159694806305,-2.34570130336911
-8051,-19053,-500,-2.02928977421202,9.45800228810572,-3.28926149019033
-8051,-18553,-500,-1.14631736937075,10.3271309165956,-7.19478308194536
-8051,-18053,-500,-3.55812315728161,12.2590177581167,-6.36561284902751
-8051,-17553,-500,-3.18466824225244,11.2445270295747,-7.91658711056784
-8051,-17053,-500,-0.472266878039597,12.892291164578,-4.2487420435851
-8051,-16553,-500,-2.36853857818927,15.5951916033515,-4.00767425189641
-8051,-16053,-500,-2.65680845823258,16.1038783200809,-5.12815239946341
-8051,-15553,-500,-1.39196978574926,15.5716836902593,-4.1398120001094
-8051,-15053,-500,-5.44989401022482,15.7960246925354,-5.06521959295267
-8051,-14553,-500,-2.14097100381459,22.6477409468471,-3.7499955783743
-8051,-14053,-500,-2.20119834856148,25.0293304138485,-5.44268112028386
-8051,-13553,-500,-1.98927943169083,26.1660492894226,-4.266914399543
-8051,-13053,-500,-2.41858948192144,27.5297154593458,-5.32790916851507
-8051,-12553,-500,-1.78571929426673,32.0674183884024,-4.95430290241045
-8051,-12053,-500,-0.777216418411933,34.7759301812025,-2.14721738374284
-8051,-11553,-500,0.955403783226673,39.5865156782312,-5.49024488113517
-8051,-11053,-500,4.3021703179514,44.7085187550627,-1.38065327256983
-8051,-10553,-500,3.3792032534125,53.0519308334492,1.433110803194
-8051,-10053,-500,4.43433801997244,56.3003832371079,3.37636411039529
-8051,-9553,-500,7.09022363559472,66.5631299933411,7.11587184076836
-8051,-9053,-500,12.8229915168698,75.0832567596545,11.9196604276716
-8051,-8553,-500,18.8859396573925,86.7839723645581,18.7863847501627
-8051,-8053,-500,22.4895760969924,98.1411553827688,31.0832823111053
-8051,-7553,-500,32.037816150445,110.750640573753,43.3211599196037
-8051,-7053,-500,44.7981758232376,119.828466382031,64.4338857642652
-8051,-6553,-500,59.7453934396622,127.950964421515,80.7218123799938
-8051,-6053,-500,75.0873522780725,132.908332482999,107.386971903445
-8051,-5553,-500,93.0334083145978,128.025051240911,133.441381708555
-8051,-5053,-500,109.954470459683,119.25711299952,160.375946574529
-8051,-4553,-500,124.083789853636,107.063916857818,177.594464986873
-8051,-4053,-500,132.046774848256,92.582907573889,192.253928995314
-8051,-3553,-500,144.368191503491,72.7790085789938,202.655552874197
-8051,-3053,-500,150.156473016816,57.225280921239,213.246512107961
-8051,-2553,-500,155.330337508624,40.6643027349299,217.909190840132
-8051,-2053,-500,158.686766879286,19.6156209193045,220.924878547706
-8051,-1553,-500,162.224230357008,3.33865121282385,223.776395068139
-8051,-1053,-500,159.750697578863,-14.2407847107042,217.310613435119
-8051,-553,-500,156.553923249108,-34.5518550900436,208.880698819874
-8051,-53,-500,152.064620603745,-50.6255227317583,199.218200199261
-8051,447,-500,143.858733617874,-67.6571921639709,179.188773283466
-8051,947,-500,132.263240432014,-79.4262728969688,163.51052507594
-8051,1447,-500,123.429188807677,-83.4968263727569,136.494260228939
-8051,1947,-500,109.945347952687,-86.9532314908299,117.190215789985
-8051,2447,-500,101.022504652575,-85.2239024931081,99.6434157833702
-8051,2947,-500,92.1663193827786,-80.3050360305145,86.5165083401309
-8051,3447,-500,87.4091997756017,-77.7946787861454,76.0367187745598
-8051,3947,-500,80.2179004922246,-75.9331666293041,64.0595527418728
-8051,4447,-500,76.0235293675389,-73.6696704692089,58.9390395419581
-8051,4947,-500,69.8864772333385,-71.9006211020171,51.4162080994652
-8051,5447,-500,63.261280387847,-70.1667552126192,41.388045432975
-8051,5947,-500,61.2928914148045,-67.1249718547088,40.0838163992114
-8051,6447,-500,54.743436738524,-66.5441776165385,35.0685614262421
-8051,6947,-500,48.1135605751309,-65.2895866000904,27.9149735097726
-8051,7447,-500,39.5307386950999,-63.556798665278,20.7054333914493
-8051,7947,-500,39.2230121735651,-61.7215466154623,21.9346387790646
-8051,8447,-500,30.9778529700408,-58.2371817099126,20.481618237414
-8051,8947,-500,31.6727418068513,-56.4634833015754,11.1655695163109
-8051,9447,-500,24.4247827333241,-52.8109727080747,11.6211079164645
-8051,9947,-500,19.8159573951101,-49.2146918569813,7.35559752075978
-8051,10447,-500,19.0570421690445,-45.1669168489003,7.96693563159453
-8051,10947,-500,17.692405356291,-41.1981247955732,5.52898208663706
-8051,11447,-500,12.0552263005694,-40.1475141152629,7.46392491655185
-8051,11947,-500,9.6398130092391,-35.081667270724,2.4336050985065
-8051,12447,-500,8.42242893889121,-32.9361475948511,-2.35616055078443
-8051,12947,-500,9.63936482076312,-29.4614358785354,-5.89811210657604
-8051,13447,-500,6.46756311108739,-27.7914017292492,-1.0618089640558
-8051,13947,-500,3.82460103884694,-26.4439417079869,-3.58425919730523
-8051,14447,-500,2.89870357852981,-24.7343412425811,-2.26372748224507
-8051,14947,-500,1.66228601742371,-24.5796663444783,1.17336721807506
-8051,15447,-500,1.10758253544605,-20.0333979533947,-3.85647160611306
-8051,15947,-500,0.616089957752855,-19.3764754650138,-2.94103753570444
-8051,16447,-500,1.4190656882031,-18.4566754565908,-3.68483513739094
-8051,16947,-500,-1.00343455908607,-15.9218332989761,-2.56658323135082
-8051,17447,-500,-0.276155946566202,-16.1909318720125,-4.2507231317819
-8051,17947,-500,0.405388898465301,-14.7278714379532,-5.70295546371806
-8051,18447,-500,-1.82999337491173,-14.1366075778341,0.345625468862257
-8051,18947,-500,-2.79072648878673,-12.0559679003506,-0.966918013277389
-8051,19447,-500,-1.26626880315268,-9.89869472270979,-3.31359447868393
-8051,19947,-500,-2.58088212261576,-10.1549624079062,-1.70225224772728
-7551,-20053,-500,-0.647325027701347,7.87767169400561,-5.27183268109523
-7551,-19553,-500,-2.43919423230917,6.18909409798685,-5.13579618081128
-7551,-19053,-500,-4.56981569051524,9.32008278484474,-5.20142398613681
-7551,-18553,-500,-3.28544122726027,8.28509409691808,-6.24508017760918
-7551,-18053,-500,-4.73519939067697,11.2313616287361,-5.50894546051641
-7551,-17553,-500,-2.58458518440101,10.4337155223664,-6.43856311668904
-7551,-17053,-500,-2.80157713085104,12.093330885295,-4.58441146404402
-7551,-16553,-500,-3.01289004500037,14.7812030440206,-5.77526911518722
-7551,-16053,-500,-4.10856046724944,15.5845215718344,-4.17859517159248
-7551,-15553,-500,-4.26659208660737,16.3554062940026,-5.45430145057758
-7551,-15053,-500,-1.92046495519806,18.9800044763974,-3.02647442490613
-7551,-14553,-500,-1.19047309337231,20.5709987904417,-7.05108240335152
-7551,-14053,-500,0.685182958616713,21.7916025806388,-4.08809922911808
-7551,-13553,-500,-3.41133246520128,26.1310951346569,-4.94591784806549
-7551,-13053,-500,-1.76340742145517,26.5142448981624,-3.15328446860607
-7551,-12553,-500,-0.928653434546927,32.8553509271897,-5.85694772758899
-7551,-12053,-500,0.333499150684161,32.3464119763812,-5.57118592964497
-7551,-11553,-500,-2.19104030990258,39.8933976876122,-5.52642365252673
-7551,-11053,-500,0.0860224837333252,44.64073101355,-4.44601481619962
-7551,-10553,-500,-1.56488941544852,52.35432427818,-0.557922413921733
-7551,-10053,-500,1.94393498248384,60.2013604153068,4.16613830165994
-7551,-9553,-500,2.18895248070127,69.95168164844,5.81807373861198
-7551,-9053,-500,5.98127897505073,79.9599380566969,9.85465767383382
-7551,-8553,-500,12.0035049138612,92.946325809138,19.4684213518653
-7551,-8053,-500,14.0455178450909,104.865976512356,30.062138115493
-7551,-7553,-500,22.0610786085005,118.766823519138,50.2539218294456
-7551,-7053,-500,30.2874060830675,131.566840122045,71.1399003339175
-7551,-6553,-500,44.4090269396561,143.083686529545,96.8346765022437
-7551,-6053,-500,59.6079727811154,148.621796800614,128.357064985562
-7551,-5553,-500,73.6286855349139,144.044811907928,165.112767923991
-7551,-5053,-500,92.3551843692004,134.052831388829,195.902160357292
-7551,-4553,-500,101.508389177888,117.734230314065,218.014267320847
-7551,-4053,-500,113.022881652947,100.902361314955,233.986853462424
-7551,-3553,-500,121.98000575925,81.607307860356,248.080295892198
-7551,-3053,-500,129.985243625057,64.2440853783368,265.995787620625
-7551,-2553,-500,133.650486078794,44.7430960480449,266.23628125395
-7551,-2053,-500,134.694996059886,26.1103762049876,270.052449404639
-7551,-1553,-500,141.014074831802,5.44965021690347,272.464789291893
-7551,-1053,-500,139.337029708875,-14.4897058032526,265.551817744045
-7551,-553,-500,141.828869387671,-36.2778603749191,254.909733947443
-7551,-53,-500,137.131366176321,-57.4400582316298,236.317333991251
-7551,447,-500,132.332707564355,-76.7571739786853,218.251237532488
-7551,947,-500,119.415303310655,-90.8613943309725,190.450170066157
-7551,1447,-500,112.856538138851,-94.3469813751966,161.443446866169
-7551,1947,-500,105.485476219418,-98.3061780914558,139.49509514075
-7551,2447,-500,98.3915521461275,-93.3832707811066,113.160389855657
-7551,2947,-500,88.8956154730484,-88.3383063111429,97.7803786930785
-7551,3447,-500,87.6064563642674,-83.2950056759491,86.1420138300007
-7551,3947,-500,79.688223717275,-82.6910461424851,76.700627492111
-7551,4447,-500,78.1149063371117,-77.1680350841031,69.0179713002603
-7551,4947,-500,72.9658697366616,-76.384598218136,61.5723844722656
-7551,5447,-500,65.9437446290822,-75.3825249874697,53.6335297498534
-7551,5947,-500,59.1377713593024,-74.7390960188713,48.603360993152
-7551,6447,-500,55.8806116856877,-72.7383579479412,39.5427164298597
-7551,6947,-500,49.1025599351052,-72.6305175577648,34.3703370405785
-7551,7447,-500,42.0084992678894,-70.480616757051,29.8986200302566
-7551,7947,-500,39.3812188746085,-66.5626479171653,23.0072077031769
-7551,8447,-500,36.1294284558874,-62.1936917557724,18.2948056512196
-7551,8947,-500,29.0709814761504,-59.1037157691909,15.0632404665071
-7551,9447,-500,23.2278643030582,-55.8646206556276,12.2836204558004
-7551,9947,-500,17.9461290236795,-51.8619093970801,9.087211614973
-7551,10447,-500,18.2262334337263,-48.2238303768792,7.28358187584574
-7551,10947,-500,14.2345869770248,-46.0511044771553,4.38548427922233
-7551,11447,-500,12.5190384681722,-44.1509684376795,4.62851536700132
-7551,11947,-500,11.7083592982851,-38.1819166354255,0.512074602523213
-7551,12447,-500,7.35959507691256,-35.2729606880274,0.617131217774276
-7551,12947,-500,4.81550179505007,-32.453127093919,-2.42653947816164
-7551,13447,-500,8.28054960280061,-30.555896844538,0.113648911145667
-7551,13947,-500,4.13844775933613,-26.7798094100276,-3.19196765944912
-7551,14447,-500,3.55505542705715,-25.4390350840817,-3.57563649507851
-7551,14947,-500,3.79018454361668,-25.4515892708052,-2.40533195094571
-7551,15447,-500,4.16932681529258,-19.9594980336838,-7.34439628209674
-7551,15947,-500,1.19000308816719,-21.1792703488395,-2.64810748047657
-7551,16447,-500,-0.157480502794666,-21.1323078871264,-4.3334262832431
-7551,16947,-500,2.3959906827276,-18.0383741705025,-3.90508811913937
-7551,17447,-500,1.88245055433484,-15.859234438083,-0.405623160485304
-7551,17947,-500,-1.01878037939948,-14.0045141058631,-2.2029993243991
-7551,18447,-500,-0.28054240104112,-13.1220929121729,-3.51155273155893
-7551,18947,-500,-1.15609701417819,-11.2997593931097,-2.80923002923739
-7551,19447,-500,0.438888473760233,-12.8740097558724,-0.801987848728275
-7551,19947,-500,-1.15764090606343,-10.9777233016116,-0.86741695375762
-7051,-20053,-500,-1.21249279300516,7.64547591401618,-7.65408871965073
-7051,-19553,-500,-0.699214108537783,10.0043282885488,-5.37075433906458
-7051,-19053,-500,-1.54794057052139,7.48548741874398,-5.76122409885053
-7051,-18553,-500,-1.76252211285655,12.1128985450915,-5.63949789142456
-7051,-18053,-500,-0.711572413049747,9.19664983928604,-8.78502569804743
-7051,-17553,-500,-3.71458593361037,12.4282654210935,-7.31325361208757
-7051,-17053,-500,-3.76137798454348,12.9516026887218,-4.04251299278179
-7051,-16553,-500,-2.2957052623523,14.3336001295595,-5.23002596231494
-7051,-16053,-500,-3.48771219049724,13.0912374329386,-6.27811014694637
-7051,-15553,-500,-5.60745985395931,15.8794287513267,-5.37609588478111
-7051,-15053,-500,-5.83000747754906,17.3162912292722,-4.78696808086715
-7051,-14553,-500,-4.86179803615042,21.0469595231419,-7.38162065920353
-7051,-14053,-500,-2.23913178250672,22.9476399183399,-6.41071507310957
-7051,-13553,-500,-2.55148545894643,27.1365885172195,-7.2332842242438
-7051,-13053,-500,-4.5092960975938,28.2719255094291,-5.75011155517158
-7051,-12553,-500,-0.635776089273941,30.0158989003098,-6.84281133532944
-7051,-12053,-500,-4.43536741705733,35.0931331071563,-5.49025344208399
-7051,-11553,-500,-2.44715300552763,38.8144542205882,-5.26993347321836
-7051,-11053,-500,-3.40091758774659,47.9836725908258,-2.12527674972674
-7051,-10553,-500,-2.57658311833874,53.9923171442993,-1.20535075623328
-7051,-10053,-500,-3.26838425554525,62.4522445578983,0.451619061382393
-7051,-9553,-500,-2.42458595311263,69.2585793252782,2.21950708560934
-7051,-9053,-500,1.37257105042432,80.5082371297645,11.4710317265058
-7051,-8553,-500,-0.776337395442386,94.7352281794715,20.9118203847617
-7051,-8053,-500,6.04380708358819,111.698682009681,33.7593808837773
-7051,-7553,-500,9.28812246609084,124.045277344464,55.2048783859671
-7051,-7053,-500,14.6669401008777,141.135023356304,71.700621848864
-7051,-6553,-500,24.3610698279801,156.696299619493,104.968314881897
-7051,-6053,-500,31.4276595607815,161.958727610368,146.726706193317
-7051,-5553,-500,46.2242861401293,156.733269495657,185.024685579914
-7051,-5053,-500,57.8077928527149,147.339119461716,220.228015075746
-7051,-4553,-500,65.6922296440229,125.952268810671,250.39894771183
-7051,-4053,-500,74.2902998977619,110.256147453318,271.395926480956
-7051,-3553,-500,79.089347960236,87.1761864768705,287.616879410954
-7051,-3053,-500,85.6668636242081,67.4962897290657,304.451858073243
-7051,-2553,-500,92.3602752921856,49.3602094681,305.136528188284
-7051,-2053,-500,93.5250920205974,26.9124696162121,307.999822055403
-7051,-1553,-500,100.025032759958,8.20877023546396,309.215316026125
-7051,-1053,-500,102.703710338088,-13.3190876180386,306.401102052382
-7051,-553,-500,104.684688708451,-37.9427404826762,295.783309192076
-7051,-53,-500,105.201106564071,-60.9992386178549,272.271449586504
-7051,447,-500,102.894807288819,-82.591923093656,249.840818306272
-7051,947,-500,96.0164493715965,-98.7138559460696,221.378527688479
-7051,1447,-500,95.1706736896384,-100.632766600789,183.366296804122
-7051,1947,-500,91.7924557509242,-100.062702928556,158.527052875481
-7051,2447,-500,86.0484736770302,-99.565334690094,132.323150366507
-7051,2947,-500,84.2234603966767,-91.9112659434625,111.774605375403
-7051,3447,-500,83.8020204589784,-86.37572767203,102.014756036086
-7051,3947,-500,81.5675201978254,-86.428728555375,86.7663674454071
-7051,4447,-500,78.4773636511684,-82.0224623229441,78.8892338250374
-7051,4947,-500,74.29328020279,-81.2689259842502,69.9000127128102
-7051,5447,-500,65.8533562851401,-81.8118056251299,64.1250151539884
-7051,5947,-500,62.8012335806412,-82.2824190666464,52.9771556324898
-7051,6447,-500,57.5865723048299,-78.2603644806644,47.4935132400441
-7051,6947,-500,49.2512614031196,-78.182390062121,36.9622236001348
-7051,7447,-500,43.4072367174883,-76.9887687980592,35.871942272759
-7051,7947,-500,37.7045887999749,-71.0910774095256,26.6947033362479
-7051,8447,-500,33.0068091575333,-66.9582069414598,21.0773576019444
-7051,8947,-500,26.0429097989904,-64.7242596498206,18.2665572006667
-7051,9447,-500,22.1969501599185,-58.615955100557,15.7743386390332
-7051,9947,-500,16.4872808322844,-55.1042107100151,11.6058715999363
-7051,10447,-500,15.7005252544187,-52.5697831513759,6.90356196638784
-7051,10947,-500,12.3980300188826,-48.1890194339569,7.20588571181814
-7051,11447,-500,12.3036501382707,-42.4150854393332,3.01916256615837
-7051,11947,-500,5.70737646232012,-41.5979324206484,-0.295944138894162
-7051,12447,-500,7.5964222681875,-37.5493368840627,2.61216988703411
-7051,12947,-500,8.17042256325773,-33.5371127366445,-0.320072432847531
-7051,13447,-500,5.34162896512363,-31.5134798811517,-0.963960348386542
-7051,13947,-500,4.17429851287907,-28.6847188920818,-0.0585770478022731
-7051,14447,-500,1.31129423934914,-26.534479732708,-1.75715795927234
-7051,14947,-500,1.11815235089347,-26.4836706227177,-6.90226410557238
-7051,15447,-500,-0.805222184785005,-23.0316004118414,-1.70904153160815
-7051,15947,-500,2.73208482104518,-20.8013834497585,-3.63767968391687
-7051,16447,-500,-0.891437386912332,-17.0601285042843,-3.28133597624242
-7051,16947,-500,-0.0797608952845355,-17.6344045804634,-4.74142556481955
-7051,17447,-500,1.66611852387443,-16.8011976903803,-5.13798932275593
-7051,17947,-500,0.280319899378294,-13.1241776046329,-2.50189125361085
-7051,18447,-500,-0.379144575542876,-14.55815901447,-3.64793533973631
-7051,18947,-500,-0.178087614475782,-14.5356121109759,-2.66496995264732
-7051,19447,-500,-1.33383029886146,-12.5697294632898,-2.25012860286246
-7051,19947,-500,-0.870860074442199,-13.136478171493,-4.14097431020678
-6551,-20053,-500,-4.77610354904907,7.66344737272832,-3.8708601031682
-6551,-19553,-500,-1.75244802625754,7.02888970157837,-3.13509773043511
-6551,-19053,-500,-2.90219382845628,7.90567569449761,-3.9720218178806
-6551,-18553,-500,-4.94183708409021,8.13506866519453,-4.75952056861841
-6551,-18053,-500,-2.05901335581843,10.7870264395619,-6.14250970810194
-6551,-17553,-500,-3.66685515264464,12.8109556876369,-5.66466702066842
-6551,-17053,-500,-2.80684133209286,13.1961702687803,-5.79738394860359
-6551,-16553,-500,-2.5017329796385,12.7958903893979,-6.55019636758931
-6551,-16053,-500,-2.25106789119917,15.1662835103106,-4.94137163875586
-6551,-15553,-500,-6.69578666436302,15.2196042074975,-7.7649038684674
-6551,-15053,-500,-5.89632680261006,17.6436250224888,-5.56792647169447
-6551,-14553,-500,-3.3118085325846,21.9955354191074,-5.44998888806164
-6551,-14053,-500,-3.93607459439422,22.5079695519043,-7.82495357783651
-6551,-13553,-500,-5.11238932865537,23.746978921274,-7.98915678306276
-6551,-13053,-500,-4.99288487112885,28.0881387418397,-5.07346368601564
-6551,-12553,-500,-7.87591181971195,30.8263858758837,-5.00169618741985
-6551,-12053,-500,-2.26792404389498,35.6156708327559,-3.5229350921466
-6551,-11553,-500,-7.76782822547199,40.5644859913152,-6.97052792464233
-6551,-11053,-500,-7.12006847111847,45.4861802980013,-7.40007255279724
-6551,-10553,-500,-5.79210411663808,55.1391530056368,3.16157993990735
-6551,-10053,-500,-7.96463886301972,61.115378959816,-2.27177864311313
-6551,-9553,-500,-4.50780314587719,72.0844402507256,4.86502593076343
-6551,-9053,-500,-8.68777704863052,82.7273368698135,5.51386037415769
-6551,-8553,-500,-10.8326438758268,96.8158093284654,19.1362209196522
-6551,-8053,-500,-7.57758177759606,111.914201349954,28.5265843128733
-6551,-7553,-500,-6.86931496394166,128.278944641246,49.8228050443905
-6551,-7053,-500,-7.31776053711093,147.31380744465,75.656940568526
-6551,-6553,-500,-1.95285488130289,161.341124404071,111.219812812776
-6551,-6053,-500,2.05043339447077,169.596944551082,152.482901933305
-6551,-5553,-500,7.947228700834,167.763268137001,192.158742993245
-6551,-5053,-500,10.7455752073714,155.943242103186,237.372445849828
-6551,-4553,-500,17.6291343871003,134.784606765329,268.489978056583
-6551,-4053,-500,20.7886053560668,114.962126625909,291.813916823067
-6551,-3553,-500,23.1888808723083,95.0723059953591,305.895941417069
-6551,-3053,-500,25.6154920591731,73.7675618261002,320.187390539747
-6551,-2553,-500,33.3693818515998,53.4543279209268,327.253023212237
-6551,-2053,-500,37.0264755751078,32.548403298159,331.316098710713
-6551,-1553,-500,43.0564448421932,14.2435610871552,333.694573367845
-6551,-1053,-500,48.4580769040896,-12.2615148214013,324.450018099541
-6551,-553,-500,55.7423051011404,-35.6264826225092,318.427911570781
-6551,-53,-500,60.2975062667167,-59.7308902444523,302.66518928479
-6551,447,-500,60.5758207378074,-80.9295956967402,274.199332080661
-6551,947,-500,67.5843069324571,-95.8930551000364,240.694681337373
-6551,1447,-500,71.9435481103682,-104.321759228993,201.808890464619
-6551,1947,-500,70.7754713467919,-99.4275399367607,172.596287640878
-6551,2447,-500,77.8768485447181,-99.822978914904,143.868734304695
-6551,2947,-500,77.2060679210827,-93.2018303935201,122.584463414921
-6551,3447,-500,79.6612105946449,-86.7672943407244,113.563200272328
-6551,3947,-500,75.5032823806603,-85.9847492748052,104.148464122659
-6551,4447,-500,78.8779474019978,-86.3022902957387,88.7074762865164
-6551,4947,-500,72.8419986036535,-85.631318089945,81.450803343741
-6551,5447,-500,67.9578332197259,-84.3130446009028,74.0397392311417
-6551,5947,-500,62.3041521229609,-84.2500094475613,63.4205864901348
-6551,6447,-500,54.6037812171604,-83.3501478803301,56.2810960972051
-6551,6947,-500,51.3495668287816,-83.1173731089028,44.8304076180897
-6551,7447,-500,44.5128459723062,-79.5406099672247,35.095571897421
-6551,7947,-500,34.9056600829188,-77.2234307480252,32.3409796461278
-6551,8447,-500,28.5186703634764,-72.5670563130297,27.8899404720856
-6551,8947,-500,23.6060877760757,-68.3819690885543,21.252192689063
-6551,9447,-500,22.2459051639704,-64.3946358410671,18.2162898325818
-6551,9947,-500,18.5348870116687,-59.9946580484038,8.16621773397214
-6551,10447,-500,14.2550959694965,-55.8198313811004,11.0028948124807
-6551,10947,-500,10.574206586254,-50.251203735329,5.00960111578255
-6551,11447,-500,9.13579749914193,-47.9382477982814,4.94477852123441
-6551,11947,-500,7.07446811875105,-43.783260977349,1.69599938351879
-6551,12447,-500,3.57284533772273,-40.2400547940711,-1.68371461404649
-6551,12947,-500,3.16441518077918,-37.6755460170159,-4.07223078157516
-6551,13447,-500,0.310198697910421,-32.0125049488644,-0.959789172901442
-6551,13947,-500,3.82559147378736,-30.8455242173607,-6.82494510290452
-6551,14447,-500,1.72936488633714,-28.8022907079592,-0.424866320411602
-6551,14947,-500,4.81614553828763,-24.2457782926606,-4.53992788887398
-6551,15447,-500,1.72778606453929,-21.5656558044952,-4.22158610587707
-6551,15947,-500,0.0601256760665416,-22.9838950032258,-4.98514735521612
-6551,16447,-500,-1.0883083011021,-20.8209834225382,-6.99317274398823
-6551,16947,-500,-2.0970145606663,-17.4526948183294,-2.67230324197046
-6551,17447,-500,0.184473932122043,-17.5284773923055,-2.98772069828058
-6551,17947,-500,-0.526942162145798,-14.3220719073335,-1.36012050125818
-6551,18447,-500,-2.89092497065484,-15.9140060181913,-7.68744887231636
-6551,18947,-500,-2.78090483671408,-14.6906479534238,-0.19564905864064
-6551,19447,-500,-0.759544507938179,-13.7238990293331,-4.27562616786976
-6551,19947,-500,-0.360252261247556,-12.6375950884226,-1.02596637698857
-6051,-20053,-500,-1.86944171097709,7.40753960600987,-5.81374934793015
-6051,-19553,-500,-4.18813372615362,9.4451741616398,-3.69643562685067
-6051,-19053,-500,-4.24056389053742,9.88759556440161,-4.47669175152568
-6051,-18553,-500,-4.61044968357074,9.70241242181717,-5.62490643799468
-6051,-18053,-500,-2.63880467046504,11.9034560216637,-8.1914339012333
-6051,-17553,-500,-3.06703175084739,11.4796600111347,-5.1264923325442
-6051,-17053,-500,-3.77880785437509,12.967219089131,-6.86651178084412
-6051,-16553,-500,-4.93242688848423,11.6692275675389,-6.14140360143896
-6051,-16053,-500,-3.75710395128861,13.9262531512337,-5.92157768296867
-6051,-15553,-500,-4.48516523275714,16.6934710854321,-6.02911147961254
-6051,-15053,-500,-2.82528365518491,20.073410129401,-4.56225653917734
-6051,-14553,-500,-5.11349292557132,20.8376236727172,-8.13031608949973
-6051,-14053,-500,-4.49594205395679,25.3985747141067,-8.0685535977763
-6051,-13553,-500,-4.23668354069656,24.9011850249188,-8.10180534175251
-6051,-13053,-500,-6.41852537001499,29.58558848494,-6.0453167681659
-6051,-12553,-500,-5.34020225067979,32.8877173899394,-6.02279108269655
-6051,-12053,-500,-10.885720837224,34.096321624664,-5.15900313437202
-6051,-11553,-500,-6.30332419658188,41.4500478273385,-3.18972451345694
-6051,-11053,-500,-6.85775296309628,45.595742517069,-6.29472386566062
-6051,-10553,-500,-9.69333365880722,52.797287935392,1.31408893101978
-6051,-10053,-500,-9.89309958377153,61.5735612632329,-0.980516771671716
-6051,-9553,-500,-11.9511078955674,69.0519894418208,-1.15653918873771
-6051,-9053,-500,-11.8190248584736,80.5332962759064,4.33873585677572
-6051,-8553,-500,-14.3220842177418,94.5010127668178,12.2614963296849
-6051,-8053,-500,-18.1856104931797,108.891108565458,27.7555667608877
-6051,-7553,-500,-20.1552962702751,128.734982997142,44.2562085099838
-6051,-7053,-500,-26.5574057283566,146.657319677456,68.7412449204929
-6051,-6553,-500,-30.6257854393622,163.598617160856,107.62319363818
-6051,-6053,-500,-32.7612924980393,169.199210909535,143.64648462761
-6051,-5553,-500,-34.0884793178599,167.534297233588,193.688600977472
-6051,-5053,-500,-37.4997181667877,156.284339649553,233.677351244703
-6051,-4553,-500,-37.2166406367357,137.940435700792,263.870541435588
-6051,-4053,-500,-38.2484042169472,117.825226030192,283.241934970309
-6051,-3553,-500,-35.0266568954367,97.5197915857499,304.79784284992
-6051,-3053,-500,-36.6637274615008,77.0540773914648,313.991921231654
-6051,-2553,-500,-28.3015223140999,58.0925426923002,322.657338736158
-6051,-2053,-500,-23.9249730856537,37.5617585584429,328.319311251177
-6051,-1553,-500,-15.1012624178403,20.6897248737065,330.955063671125
-6051,-1053,-500,-9.02583814158478,-3.56888512098366,330.10879476591
-6051,-553,-500,0.733213723436514,-26.5028665680662,319.419837050161
-6051,-53,-500,13.053432186419,-52.4523107640774,306.918587311568
-6051,447,-500,21.9594177430528,-74.7148425571685,275.278113205237
-6051,947,-500,30.8206886059717,-90.3422054802586,244.901933006721
-6051,1447,-500,43.780678028969,-96.6022709691003,210.772452308699
-6051,1947,-500,53.6945967829108,-97.9244470613269,179.281016995557
-6051,2447,-500,60.1115295171395,-93.2157098718004,158.166036977824
-6051,2947,-500,67.8123065769027,-89.3169522811447,141.335417691879
-6051,3447,-500,73.5319040620433,-89.0358147908902,126.164407233782
-6051,3947,-500,75.3244739552283,-85.9323700709529,115.947598714703
-6051,4447,-500,74.1994489023108,-88.4828624909244,105.444075934222
-6051,4947,-500,69.6668027966001,-91.7895536235196,93.4469681492464
-6051,5447,-500,66.3523573864142,-90.1849781576192,85.6589492026382
-6051,5947,-500,59.8093944413289,-91.843409508861,75.9973720725744
-6051,6447,-500,53.1688625563589,-92.5172791121091,67.3655131894318
-6051,6947,-500,50.2465807173435,-91.8272046473301,52.0260976767338
-6051,7447,-500,40.8440129703154,-87.8755599351926,45.0789748348616
-6051,7947,-500,35.910779305241,-83.5034452177613,34.209424190651
-6051,8447,-500,29.6249899265622,-77.7982087207601,27.0866939514867
-6051,8947,-500,26.9587133760223,-72.9426383944991,23.0850411910479
-6051,9447,-500,17.5818531736539,-69.7921059567556,16.0044983289835
-6051,9947,-500,14.8008553774714,-62.3244298550508,13.3574606333084
-6051,10447,-500,12.1831776112517,-58.2427251974347,9.02627673573349
-6051,10947,-500,9.07108031421733,-53.3386616301119,3.95804219299732
-6051,11447,-500,8.65357526424134,-47.6892434992653,3.63294050010032
-6051,11947,-500,7.09109828376203,-44.9425568481608,-3.82149466546908
-6051,12447,-500,3.72547917578771,-41.2821144141906,-4.13581792028899
-6051,12947,-500,3.83958424772943,-36.2365228389248,0.278010532981247
-6051,13447,-500,0.580667507518539,-35.7914268938817,2.35602331028124
-6051,13947,-500,1.54618063964025,-31.4132188107324,-0.0581619689631071
-6051,14447,-500,-1.39965585170585,-27.6005153170748,-5.211600672963
-6051,14947,-500,0.207185021516862,-25.1269445945452,-5.26846760030389
-6051,15447,-500,-1.26170405539033,-22.7460809770089,-2.92036955402437
-6051,15947,-500,-3.38904574009515,-23.7552474044729,-2.06360165128218
-6051,16447,-500,-3.03508660727641,-20.9945323036622,-4.72048470907078
-6051,16947,-500,-2.00318322891173,-19.6506808677154,-4.47701766092717
-6051,17447,-500,-1.22875370099376,-16.9362309054828,-5.20921910136728
-6051,17947,-500,-3.21993876746621,-16.2701423062119,-4.66568323320963
-6051,18447,-500,-1.70611773709379,-13.8213569267576,-3.29268741650215
-6051,18947,-500,-1.71912554907317,-15.0110149689772,-6.61027632214254
-6051,19447,-500,-1.49180484570506,-12.8872434183561,-6.31875744705103
-6051,19947,-500,-0.956018827716372,-9.96699255458054,-6.93185272192752
-5551,-20053,-500,-5.88394800985424,7.6111590037963,-5.09881809178559
-5551,-19553,-500,-3.54848403455068,8.93832380542652,-6.84265847329517
-5551,-19053,-500,-2.01101119213032,7.59256624756531,-5.31149444457308
-5551,-18553,-500,-3.13572770689098,7.18718359474636,-1.4990728633276
-5551,-18053,-500,-3.93401357723643,9.20733745274489,-4.4465820380922
-5551,-17553,-500,-3.51504288183074,11.4354632078834,-7.03254095411746
-5551,-17053,-500,-6.651479492213,10.5194409991425,-8.05570574886691
-5551,-16553,-500,-2.95481709495998,12.5567649564489,-10.5986690759429
-5551,-16053,-500,-3.62557713133499,10.351297010565,-5.80746731746969
-5551,-15553,-500,-8.17957000263843,15.9979036885315,-6.66405487729749
-5551,-15053,-500,-4.28214458511077,16.463443766191,-8.8115637916872
-5551,-14553,-500,-7.88046798155371,17.426610475058,-5.39728998126903
-5551,-14053,-500,-6.97635234633458,21.7048312241047,-6.39746333780165
-5551,-13553,-500,-5.77925649078829,23.8658314953846,-9.3129518577912
-5551,-13053,-500,-5.41529183115117,27.7406557403677,-6.95088073934035
-5551,-12553,-500,-6.00662232184241,31.9449320162752,-10.0729856109873
-5551,-12053,-500,-7.33572575541169,34.2367876797728,-6.92193087579227
-5551,-11553,-500,-10.0335989033618,40.2036790712835,-8.75280451962313
-5551,-11053,-500,-10.1678893553157,43.0000183194885,-6.93601512857603
-5551,-10553,-500,-12.5064566803255,50.5927643595622,-5.86267726119501
-5551,-10053,-500,-15.6777289453131,58.630874883656,-6.0304615775338
-5551,-9553,-500,-16.7684276053326,69.2868804221388,-0.547466884786618
-5551,-9053,-500,-18.4904147603026,78.3515995225537,1.09502500143408
-5551,-8553,-500,-23.7106479593351,90.385561929735,7.25338311707192
-5551,-8053,-500,-26.3596129799799,106.170208516048,15.8439643926532
-5551,-7553,-500,-33.96106129142,123.131236728389,33.6295317108241
-5551,-7053,-500,-46.0228342413106,141.179677188847,59.4766402244772
-5551,-6553,-500,-52.5075030064382,155.178178916193,92.9761441917647
-5551,-6053,-500,-63.2564711492349,164.344211182257,131.04021310726
-5551,-5553,-500,-72.7786420965154,161.050532573881,172.218466057058
-5551,-5053,-500,-78.1783672135615,152.190715257126,203.220511737428
-5551,-4553,-500,-86.6121637942547,134.920831802093,232.385744122131
-5551,-4053,-500,-90.1285835816805,114.814562102241,257.711857378323
-5551,-3553,-500,-91.2466406620003,100.172719392691,280.59032890503
-5551,-3053,-500,-90.1528909890099,81.1394924685426,282.254755362839
-5551,-2553,-500,-85.3698405110325,62.8397775459195,291.185273832147
-5551,-2053,-500,-83.4363852687968,45.2210934863813,298.741554487876
-5551,-1553,-500,-75.8846356021773,28.3373990749242,305.108196896547
-5551,-1053,-500,-64.6662058404169,6.85154262789608,297.539555035743
-5551,-553,-500,-51.0259290447667,-12.196250636734,298.745523585958
-5551,-53,-500,-37.0776386739296,-40.1313620036793,287.988429291113
-5551,447,-500,-16.2331347157645,-60.60403116214,269.426701044618
-5551,947,-500,-0.892376981183136,-74.2528933123089,240.504217562446
-5551,1447,-500,17.3284252161023,-81.2000803211376,207.483007385663
-5551,1947,-500,32.2198227017215,-86.9850159977416,185.613135999717
-5551,2447,-500,45.1215036219112,-81.2274354064402,163.910618798991
-5551,2947,-500,55.7845729082863,-83.1318803709052,153.473875832594
-5551,3447,-500,65.6332600986649,-81.1642576229414,138.576117605923
-5551,3947,-500,68.0972631756926,-83.4878293003125,129.785307909214
-5551,4447,-500,69.3825698907357,-88.4199377183426,116.001188755135
-5551,4947,-500,67.9195662318445,-95.6277247001816,108.103424387069
-5551,5447,-500,65.4471024957065,-97.0704534131954,100.125877727728
-5551,5947,-500,56.9694846237965,-100.057365096333,89.3624701876589
-5551,6447,-500,53.2110205658578,-96.7390993861477,74.5824033380411
-5551,6947,-500,45.4443706957621,-97.7716855287366,62.3591234504721
-5551,7447,-500,39.1512129283962,-93.8789082571233,52.935845422784
-5551,7947,-500,31.1066151318032,-88.949413913594,39.8870715108298
-5551,8447,-500,26.0237332295164,-84.2251619711814,33.2883632336598
-5551,8947,-500,20.5274318017169,-78.6641862814616,24.6147978328001
-5551,9447,-500,19.3794706413329,-74.345772670379,19.3946153872508
-5551,9947,-500,12.9843963424035,-66.2711857366186,17.0470296548003
-5551,10447,-500,12.251845853899,-62.4048820591171,9.35543845760765
-5551,10947,-500,7.27392045860948,-54.3229374136093,5.53996846975141
-5551,11447,-500,4.00333591687615,-51.7452415780518,5.46884460314157
-5551,11947,-500,3.48112224110667,-45.2359445401214,3.73572202257705
-5551,12447,-500,-0.528352407395241,-41.0533678455812,2.70082091185909
-5551,12947,-500,1.82238574019252,-37.6020941561783,-0.927520633966668
-5551,13447,-500,2.80403439675772,-36.1895584358053,-3.51015918287636
-5551,13947,-500,-0.0453550765577029,-31.8477671903863,-3.56128762302205
-5551,14447,-500,-0.952526880633955,-27.1707786043033,-6.29111365129413
-5551,14947,-500,-1.36933882906809,-27.0976413402851,-1.69080862466929
-5551,15447,-500,-0.24223913705513,-25.1167435038785,-5.66511143964459
-5551,15947,-500,-4.38930390544712,-21.5797393319092,-3.54912605008188
-5551,16447,-500,-1.91301008658558,-17.8699498994343,-0.727650045917629
-5551,16947,-500,-2.33389139115905,-18.5929689423499,-1.52605276043492
-5551,17447,-500,-0.839142009888856,-16.4326262820971,-6.04209108785535
-5551,17947,-500,-1.28486598360322,-15.3235461780275,-1.98165614258334
-5551,18447,-500,-3.72112724143542,-15.5423071302507,-3.93046519823612
-5551,18947,-500,-2.74766972751509,-12.6326640485942,-2.17018649076433
-5551,19447,-500,-1.46032956146219,-10.4296508782909,-2.47100499228534
-5551,19947,-500,-1.16541429819612,-8.97570034463516,-4.34719225046459
-5051,-20053,-500,-5.89269857008025,5.32295426287097,-5.84289039349406
-5051,-19553,-500,-2.63213440684027,7.71503281639169,-5.57565761240786
-5051,-19053,-500,-5.64739836206058,7.7571742776883,-3.97082340253003
-5051,-18553,-500,-3.78884258188319,7.53511129203789,-6.55024192370206
-5051,-18053,-500,-6.17239450516886,9.83375278617653,-4.8187777509941
-5051,-17553,-500,-5.68249944891941,8.38487115357355,-2.49336064354249
-5051,-17053,-500,-4.73995173382317,11.2840483184568,-7.47208602376269
-5051,-16553,-500,-6.21773698979053,12.2630391238707,-3.95490972045272
-5051,-16053,-500,-8.67623423861559,14.0015662335068,-6.31004342179181
-5051,-15553,-500,-7.04331744416075,15.9182257805676,-5.93005854511119
-5051,-15053,-500,-6.5977570134544,17.2186892248602,-11.5123111651163
-5051,-14553,-500,-6.60770529712079,19.9399242217927,-10.2658294128764
-5051,-14053,-500,-7.98499426602188,21.1198094550952,-9.56480657609847
-5051,-13553,-500,-7.31754608745189,25.168210274238,-9.37023805512715
-5051,-13053,-500,-9.20602018432977,28.8212907043194,-12.8380868588807
-5051,-12553,-500,-8.22076747906686,28.2885844022562,-6.51897300892082
-5051,-12053,-500,-8.40129031526863,34.0504614898873,-9.60150945831236
-5051,-11553,-500,-8.96226370292977,38.5667680836877,-4.53778548670112
-5051,-11053,-500,-9.74035823244401,43.5482008957381,-8.17127350898216
-5051,-10553,-500,-14.5080589370235,48.2349940699236,-10.2616137379148
-5051,-10053,-500,-17.2404102772279,56.760386048563,-6.29030295545321
-5051,-9553,-500,-16.7412959816132,62.0363037508779,-2.05897379972138
-5051,-9053,-500,-24.001144951412,73.7793899808473,-0.903763131399559
-5051,-8553,-500,-30.5011203641405,85.6567240396234,2.10974696018598
-5051,-8053,-500,-37.0922808743398,97.5789814850079,12.5195953559413
-5051,-7553,-500,-45.2576150547938,114.573486631013,24.4327457844531
-5051,-7053,-500,-56.307059750392,130.905320724621,42.1429709469243
-5051,-6553,-500,-71.4580776776692,144.942223390125,67.6133888040001
-5051,-6053,-500,-87.2376701696976,149.975775707973,104.459704748427
-5051,-5553,-500,-98.9707492706643,154.020460670907,139.370674434379
-5051,-5053,-500,-115.376074270009,141.908207441073,166.405857199873
-5051,-4553,-500,-120.03947627172,127.132891303511,188.890027017739
-5051,-4053,-500,-130.060953409873,110.530302949134,209.097260444916
-5051,-3553,-500,-130.219492709854,97.8108759317833,222.533603112436
-5051,-3053,-500,-132.117192829152,83.4897995349961,235.511818418778
-5051,-2553,-500,-132.192805063083,68.5529421948489,242.357671005972
-5051,-2053,-500,-122.857027532719,54.0885559594211,248.674316515633
-5051,-1553,-500,-113.992091101283,36.934016648119,256.273028486074
-5051,-1053,-500,-101.181488231819,19.4883562394355,260.615353006819
-5051,-553,-500,-87.1261311027798,-0.565271512408419,260.601319973765
-5051,-53,-500,-74.048636479479,-19.5625212069994,252.667471531304
-5051,447,-500,-49.9615235042583,-40.3943743611254,240.619562698584
-5051,947,-500,-27.317202507249,-56.3055839599447,220.194518898825
-5051,1447,-500,-5.05335570323702,-64.3138419306597,200.918041087887
-5051,1947,-500,16.6552943806578,-64.792378141943,186.291489026633
-5051,2447,-500,35.6829266915829,-66.905763434734,171.129600674667
-5051,2947,-500,47.4961374640141,-72.1928738963472,160.629070771598
-5051,3447,-500,57.0808915227953,-71.8204991198644,153.537201938075
-5051,3947,-500,62.8021457667215,-82.6420539921868,148.361206926391
-5051,4447,-500,66.0358577046625,-90.8237810628719,136.930124727082
-5051,4947,-500,60.9654204785351,-96.0882982500404,125.718522578917
-5051,5447,-500,59.9265091216698,-102.207773632421,116.074091607482
-5051,5947,-500,56.9988740356473,-104.791108546388,96.5528550715628
-5051,6447,-500,45.8744665795999,-103.950133954728,84.289618459573
-5051,6947,-500,41.0635406445272,-103.46310665501,74.0393938677898
-5051,7447,-500,37.3055407618478,-99.9004100199101,56.5072143533832
-5051,7947,-500,29.9662205134687,-94.339220671956,44.3473545828631
-5051,8447,-500,21.7313918492168,-88.1113668917107,35.6315849662543
-5051,8947,-500,17.9296651691268,-84.1206693455683,24.4942687814532
-5051,9447,-500,13.1862883277365,-75.668905213217,20.3553929889288
-5051,9947,-500,10.1166169568524,-69.5231882431155,12.7893589058069
-5051,10447,-500,6.82643089252741,-61.3504093535143,9.91925238535211
-5051,10947,-500,3.76815452004509,-57.8772501054603,6.86695355785795
-5051,11447,-500,3.72250420481422,-54.8529526526007,2.94091208059127
-5051,11947,-500,2.8938502252564,-46.7218170225267,0.600597951080973
-5051,12447,-500,1.80853670167762,-41.1735389511245,-1.70421963706165
-5051,12947,-500,-1.79721992922274,-39.7194994074155,-2.31347474974342
-5051,13447,-500,0.880466359840519,-34.9931082878768,-2.48523851517028
-5051,13947,-500,-3.36467604780566,-33.6766831354248,-3.549194534131
-5051,14447,-500,-2.61288101860348,-27.5412883392518,-2.94166298872294
-5051,14947,-500,-0.984215101420639,-27.4416040346244,-3.30743063490342
-5051,15447,-500,-3.1374246497314,-26.7434429065709,-5.9100045107721
-5051,15947,-500,-4.97503843358538,-23.6818882926499,-6.12728329308434
-5051,16447,-500,-5.01926847005452,-20.5561264623722,-7.12940343300927
-5051,16947,-500,-3.33902933553215,-19.0124325567191,-7.72024085545544
-5051,17447,-500,-1.03617119813217,-16.6327502330206,-5.12303768880618
-5051,17947,-500,-0.178962820417008,-13.9266563222353,0.585464800221779
-5051,18447,-500,-2.52678823561811,-15.9712396423665,-3.91012692983003
-5051,18947,-500,-1.34985427901715,-12.8371526511887,-2.53991657847572
-5051,19447,-500,-2.08434905688532,-13.4520540768528,-7.921185287564
-5051,19947,-500,-0.522031584115836,-11.6763167861628,-7.05298113845944
-4551,-20053,-500,-4.91771035227449,4.97007101514672,-8.90448933540712
-4551,-19553,-500,-2.68136322294076,5.60528802375338,-3.48213998939291
-4551,-19053,-500,-5.03327542104268,8.79718954532537,-6.43218372788287
-4551,-18553,-500,-3.82831141506431,7.78841213724125,-6.36357259975082
-4551,-18053,-500,-6.81979045883218,11.7267426202911,-7.01259609742248
-4551,-17553,-500,-4.27053111604611,11.3197484369773,-5.69501655932181
-4551,-17053,-500,-4.83427213901656,12.7955017889399,-7.80586346965907
-4551,-16553,-500,-3.60471164165956,12.8831596161407,-7.17050741134215
-4551,-16053,-500,-5.04197272235004,13.9989886338006,-4.21680367388821
-4551,-15553,-500,-7.33908883987794,14.9016999215608,-8.65049432299603
-4551,-15053,-500,-6.87831818776553,18.3637068244701,-7.9829481696416
-4551,-14553,-500,-7.90573144161268,19.5149173556787,-8.68250228105879
-4551,-14053,-500,-9.01686435810542,23.4266611853217,-7.58171028892099
-4551,-13553,-500,-10.2534838926104,22.383185027477,-10.0668814851686
-4551,-13053,-500,-10.5858502696048,25.4823629199651,-11.1710351385456
-4551,-12553,-500,-9.86455172721879,28.5571656916513,-8.53562358731086
-4551,-12053,-500,-9.12197095891681,33.9929233844549,-10.6898552574286
-4551,-11553,-500,-11.6486780165036,35.718064709257,-5.68723100726041
-4551,-11053,-500,-16.5734521833348,41.3700829697518,-8.77378902010505
-4551,-10553,-500,-16.4831705738722,46.8632565682404,-9.38307688080029
-4551,-10053,-500,-20.2357770694392,50.9138729661414,-12.6574445839627
-4551,-9553,-500,-22.2053152676765,59.9554639713214,-6.36732061650829
-4551,-9053,-500,-27.6849152062696,69.0474792032218,-4.74799044124987
-4551,-8553,-500,-31.8893468810368,76.0939116826627,-1.05614690134781
-4551,-8053,-500,-38.7743583565722,90.5601895323878,2.34110361581591
-4551,-7553,-500,-48.8652233285794,104.532544411467,16.4334665751308
-4551,-7053,-500,-62.4256537965274,118.290191081034,25.4491838567068
-4551,-6553,-500,-78.7549691121507,128.410110144884,44.2041554777573
-4551,-6053,-500,-95.3454983980009,135.13187525362,70.6887318482498
-4551,-5553,-500,-110.806834244732,134.124045757934,95.4747105224162
-4551,-5053,-500,-128.467792269404,129.840955787893,117.058796122544
-4551,-4553,-500,-141.531145712679,118.512004770578,142.061904585894
-4551,-4053,-500,-147.405887844208,105.219027050988,147.641919235925
-4551,-3553,-500,-152.944703585106,95.1431842202883,162.875099938294
-4551,-3053,-500,-151.312672893074,81.869133867274,175.856858948373
-4551,-2553,-500,-150.23487817743,74.0439987795911,180.103284505504
-4551,-2053,-500,-142.611235964421,60.8933323962161,197.694271302279
-4551,-1553,-500,-134.12749931667,47.9073952297417,200.330641253241
-4551,-1053,-500,-120.466670767831,31.88823348642,203.657343108973
-4551,-553,-500,-108.91755152858,18.4938294210113,210.682152107319
-4551,-53,-500,-87.3890127837914,-1.4111077753501,204.704608612146
-4551,447,-500,-66.5191117775988,-16.1535494850054,205.494752134786
-4551,947,-500,-39.8357807207204,-30.0657297784192,201.780315098997
-4551,1447,-500,-19.4327751960645,-42.0861688947434,188.693089728567
-4551,1947,-500,5.95999773089609,-47.0196003183162,179.100733528292
-4551,2447,-500,24.2439825635752,-52.7131562028721,173.642459540091
-4551,2947,-500,37.9258073563956,-57.6820630588176,171.197525726966
-4551,3447,-500,47.4574539761362,-68.9663755862683,167.320582740152
-4551,3947,-500,54.6185218222823,-77.8941496717244,159.597180475556
-4551,4447,-500,55.0370904270744,-88.6349599597914,152.202701676771
-4551,4947,-500,54.4362716624794,-99.2896139086228,139.900908301226
-4551,5447,-500,50.6011499090005,-106.373693267213,123.903887925654
-4551,5947,-500,49.5217472353083,-108.179404047887,111.728071515131
-4551,6447,-500,42.6428568856417,-112.864827868336,90.8319774864549
-4551,6947,-500,37.7130033861042,-109.856936054191,80.3113738802285
-4551,7447,-500,29.6732128071612,-104.832914189402,60.523097926481
-4551,7947,-500,25.3098679319014,-100.431599811304,49.22500737587
-4551,8447,-500,18.976801318782,-95.5623737000827,38.1936750406922
-4551,8947,-500,14.5718608725328,-87.1552781429447,28.816371778876
-4551,9447,-500,13.7191248321736,-80.5293516172039,21.2440024438209
-4551,9947,-500,4.84237378016149,-72.866617260899,12.6661061582814
-4551,10447,-500,4.76402299902747,-66.2404687467949,10.3323490495312
-4551,10947,-500,2.61752675664043,-59.7079475216307,6.41037946237029
-4551,11447,-500,3.38606096376914,-53.1383358107732,1.40790768189191
-4551,11947,-500,0.869495440630362,-47.5116329024107,6.68997096638409
-4551,12447,-500,0.27579410995018,-44.4942199546974,0.254602253169176
-4551,12947,-500,0.0638232430839755,-37.1875300898492,0.0249153832445924
-4551,13447,-500,-2.74384980087785,-34.0354823154771,-1.16530114609232
-4551,13947,-500,-5.57421304380698,-32.8819277374552,-4.64660861011754
-4551,14447,-500,-5.26193373896564,-31.9278898491198,-3.70370856019501
-4551,14947,-500,-3.57309405434768,-26.7444597498407,-3.57960744822536
-4551,15447,-500,-4.47610891534161,-23.7651921073346,-7.32796963880601
-4551,15947,-500,-4.2833973911798,-23.293908295841,-4.7273095423322
-4551,16447,-500,-4.1959541352427,-20.8536803500427,-5.95233782641672
-4551,16947,-500,-3.40636225145011,-17.7421528980154,-6.07330534927331
-4551,17447,-500,-4.51835629315622,-16.7752288203403,-5.16639996296367
-4551,17947,-500,-1.63752452746312,-17.3667248895577,-2.12022107321894
-4551,18447,-500,-2.29718574558463,-12.3212926159337,-4.11531680446488
-4551,18947,-500,-3.63361046396146,-12.6237680433116,-5.54086469298704
-4551,19447,-500,-3.93146103463475,-12.5965732569067,-3.70487690604529
-4551,19947,-500,-2.28173495743905,-10.2876591059933,-5.24393697563295
-4051,-20053,-500,-3.78578080239948,4.93004864893873,-4.73074849677114
-4051,-19553,-500,-5.97188073183848,6.78602554818507,-1.05008547958747
-4051,-19053,-500,-6.66372210898742,6.23174150822449,-5.51631372798714
-4051,-18553,-500,-6.14455176554941,5.99930359701393,-5.16045168007393
-4051,-18053,-500,-6.87058528386414,8.68602614343238,-6.91996272341788
-4051,-17553,-500,-6.61798986642833,9.42180494073112,-6.83851292248935
-4051,-17053,-500,-7.40817826728435,12.0110533556634,-5.51853888562135
-4051,-16553,-500,-5.87753532661277,12.9220567996564,-3.18912470720144
-4051,-16053,-500,-5.18090967866775,12.3176755294205,-6.63754515509055
-4051,-15553,-500,-6.14648353157147,12.8706821752983,-5.35344671950504
-4051,-15053,-500,-6.45547949003327,17.7784791085806,-7.86094189886395
-4051,-14553,-500,-7.36317357911763,16.3478611464965,-6.08034754702911
-4051,-14053,-500,-7.46221507466083,20.7361132339153,-6.3773384358993
-4051,-13553,-500,-9.96379629635159,24.4914896308895,-11.9008019382806
-4051,-13053,-500,-10.635410654821,27.6672553273689,-10.6419166391741
-4051,-12553,-500,-9.92986168357643,29.7418612798792,-10.2620813507583
-4051,-12053,-500,-9.71508216828432,31.2475226915377,-11.034795904507
-4051,-11553,-500,-13.3889479629677,36.1099038536972,-7.40144232333737
-4051,-11053,-500,-16.7303058297055,39.8794785290036,-16.3618133881007
-4051,-10553,-500,-15.9297500027415,45.2402153292777,-12.4371847207994
-4051,-10053,-500,-19.509555801077,50.8289597844706,-7.99360340299739
-4051,-9553,-500,-25.2919024318948,55.097061908136,-11.9344655722093
-4051,-9053,-500,-25.259089692324,63.1318919396579,-10.398476218454
-4051,-8553,-500,-32.069707679829,74.5261367940167,-7.53027334353241
-4051,-8053,-500,-38.7369707968072,82.8701222519967,-2.01911086947291
-4051,-7553,-500,-47.2516048902101,92.52052599625,2.47487702420587
-4051,-7053,-500,-61.4784066716275,102.355292553417,12.8903413212085
-4051,-6553,-500,-76.8231240024447,112.774679181811,20.3221277445249
-4051,-6053,-500,-94.5584922456717,118.157125320486,39.4821195965869
-4051,-5553,-500,-110.575793262508,118.896434184763,52.4070494449935
-4051,-5053,-500,-123.673344704217,114.667377165836,68.3104849429899
-4051,-4553,-500,-136.068972287059,108.273192854997,83.6419843468449
-4051,-4053,-500,-144.187669850792,101.704496241651,91.0034756916117
-4051,-3553,-500,-149.975045065902,93.1589476334774,105.334411880052
-4051,-3053,-500,-146.999237138603,84.8904358204079,114.566294813541
-4051,-2553,-500,-144.091251715901,77.408916548917,123.701070520982
-4051,-2053,-500,-137.317967006156,66.4248977357712,135.620028593517
-4051,-1553,-500,-129.484903764288,58.944912130812,142.261951813113
-4051,-1053,-500,-118.486782431038,44.6414768987743,154.738124176
-4051,-553,-500,-103.626070782563,33.5421308733665,163.056194756455
-4051,-53,-500,-84.3047162267837,20.3260117729703,164.65192472505
-4051,447,-500,-66.3778329477032,5.6901196618294,171.13801834284
-4051,947,-500,-42.5001824114609,-7.33441957487837,174.050308372305
-4051,1447,-500,-20.9568436245572,-17.8453509706361,175.884414999728
-4051,1947,-500,0.200365122165872,-26.8305970686531,179.896395649859
-4051,2447,-500,14.5214158637027,-35.4414828235972,179.207822580865
-4051,2947,-500,33.868586071227,-47.5213287171163,175.189271576007
-4051,3447,-500,38.4436502561433,-58.9626666281132,178.547064395734
-4051,3947,-500,45.2366903829018,-75.7643759789818,176.077067019378
-4051,4447,-500,44.5873543380192,-84.5977607065668,166.314646393673
-4051,4947,-500,45.6969366789481,-97.6508912574906,155.840390611984
-4051,5447,-500,44.005420240974,-108.039895157789,140.230482330364
-4051,5947,-500,37.9169115771732,-112.700664790743,115.722303301787
-4051,6447,-500,32.7849585732189,-117.041738765499,104.016818143304
-4051,6947,-500,27.8988606031843,-117.369549255186,88.0180660332659
-4051,7447,-500,19.2994241881606,-110.928168433872,66.1923837795741
-4051,7947,-500,17.3680413086829,-105.943087826987,51.0178127601005
-4051,8447,-500,10.3424359944602,-98.8028292954246,40.7804169692794
-4051,8947,-500,7.56933121605852,-90.0686527051588,33.9310681831867
-4051,9447,-500,5.71886429650439,-82.3443273567385,21.4988615858577
-4051,9947,-500,1.52223415157506,-74.4690228016291,14.2175059320663
-4051,10447,-500,2.77033271107461,-69.2884461539453,10.3818754879
-4051,10947,-500,0.185128070488877,-61.2744650980167,4.83715784844544
-4051,11447,-500,-1.92212271442515,-51.9734831174714,2.2158020747807
-4051,11947,-500,-1.10681487508125,-49.372896841394,1.65789927810377
-4051,12447,-500,-1.99040665873161,-42.4232196077961,3.9506627285885
-4051,12947,-500,-4.95498554379298,-38.8427791132269,-1.28218767474749
-4051,13447,-500,-3.1348550723891,-35.7451140765124,-1.57599198162079
-4051,13947,-500,-5.47232953567331,-33.4169032644172,-2.43343360560756
-4051,14447,-500,-5.44447139215906,-30.2218412126666,-3.8720757660634
-4051,14947,-500,-4.86104485445217,-26.1498740290027,-5.44880818384706
-4051,15447,-500,-4.5888626933338,-24.8177226835544,-5.24054455917222
-4051,15947,-500,-6.34857532417346,-20.9110364610122,-6.10193719047133
-4051,16447,-500,-5.70095549177272,-18.6245332235103,-0.286752703844348
-4051,16947,-500,-4.11514133456451,-19.4056300335183,-1.8654408905188
-4051,17447,-500,-5.08378566084668,-15.8710224414757,-4.67030641905526
-4051,17947,-500,-3.87543365497023,-15.4834983283332,-3.8354143674758
-4051,18447,-500,-3.65644605533326,-14.703159949766,-1.101551002129
-4051,18947,-500,-5.46694382684175,-13.5886331320459,-1.70119879270894
-4051,19447,-500,-4.77689565032206,-10.7229494386014,-5.81187920507175
-4051,19947,-500,-3.41578222165808,-11.9728283115871,-2.97745014573825
-3551,-20053,-500,-4.89168474394507,5.04054646355258,-5.14683142695823
-3551,-19553,-500,-5.9452156234211,5.60071788079382,-3.3086155431122
-3551,-19053,-500,-5.90209187751816,5.34872536197643,-8.23478166257606
-3551,-18553,-500,-5.89245199216563,8.16888277736422,-4.22385638733201
-3551,-18053,-500,-7.99055464622119,7.39487641812268,-7.13699427685069
-3551,-17553,-500,-5.78727775134709,11.5018830475576,-4.14522790390333
-3551,-17053,-500,-5.2346264234064,9.98037151426641,-5.58135118548983
-3551,-16553,-500,-6.69801454411587,12.0511696007221,-9.26896505094608
-3551,-16053,-500,-5.63055124316276,11.9027448285618,-10.1078105626291
-3551,-15553,-500,-9.67428663276356,16.6215590912299,-6.29712029607302
-3551,-15053,-500,-8.7609472823907,16.1816470461218,-8.69520098415035
-3551,-14553,-500,-8.2820810139752,19.2565201133539,-9.22244422799784
-3551,-14053,-500,-8.50855421346891,20.7462205886305,-6.07458339220066
-3551,-13553,-500,-9.47019805060078,23.0307723349988,-8.60898988708642
-3551,-13053,-500,-9.87573552902368,25.8193450795744,-13.0514545401085
-3551,-12553,-500,-11.0960592333645,26.4649092160527,-10.7421391422772
-3551,-12053,-500,-13.0338331730992,31.4080655114682,-9.06242512734566
-3551,-11553,-500,-13.1241191845128,33.3862954349163,-9.24462194135877
-3551,-11053,-500,-14.2578891546638,39.1491778373207,-12.9010377698092
-3551,-10553,-500,-14.5494532922603,46.0141047779856,-18.1141648502119
-3551,-10053,-500,-17.7385870671286,49.3658588465778,-13.4576512774143
-3551,-9553,-500,-21.5786906375435,52.4659592174677,-9.3319045199878
-3551,-9053,-500,-25.8881137581763,59.1261594293723,-11.9958790093379
-3551,-8553,-500,-28.2547522152581,65.6923136351535,-11.1685277725974
-3551,-8053,-500,-36.9019541259635,73.5274026385321,-12.3155333593426
-3551,-7553,-500,-47.2179358490421,79.0041576103772,-10.3679463569898
-3551,-7053,-500,-55.1078464097072,89.381652883372,-1.09489440755366
-3551,-6553,-500,-66.4071986636587,98.8905882533143,4.58728996315277
-3551,-6053,-500,-79.8878673791586,102.523251512791,13.0577550293402
-3551,-5553,-500,-96.0792332654871,104.558208441521,18.7014512194017
-3551,-5053,-500,-105.545350284541,103.250097834831,30.7299250927145
-3551,-4553,-500,-116.670775883374,101.939438757563,42.9609597606204
-3551,-4053,-500,-119.15961261588,100.316905680062,48.6559764170649
-3551,-3553,-500,-126.250138279673,93.1317027212073,60.3833281109708
-3551,-3053,-500,-123.039334295333,86.269593212019,65.365515170054
-3551,-2553,-500,-122.036275703,81.8918631831465,74.5386945842473
-3551,-2053,-500,-112.613422621727,76.9559308004056,87.4861866180229
-3551,-1553,-500,-109.665303774543,66.5931394860972,101.10242725243
-3551,-1053,-500,-94.5475395191316,58.7885950867515,108.828072231355
-3551,-553,-500,-81.9677926661956,47.401111838131,122.887675972839
-3551,-53,-500,-67.7013439813066,34.9620018723033,134.109820828311
-3551,447,-500,-54.5374309792023,26.3763212588136,143.21943571042
-3551,947,-500,-34.1743810390621,12.3540978074319,153.810883749726
-3551,1447,-500,-19.1994741193975,0.300829070356298,169.515200463848
-3551,1947,-500,-1.03254280367577,-10.79461719235,173.808170189477
-3551,2447,-500,12.0728912453012,-21.2118167086446,183.591840733356
-3551,2947,-500,17.6943928017611,-39.9405803330862,191.009488299219
-3551,3447,-500,27.4075495204247,-52.4854204138493,185.852990272606
-3551,3947,-500,31.5133715325249,-70.7354292413806,184.851990982743
-3551,4447,-500,35.2590018319355,-84.9080711109526,175.759874356164
-3551,4947,-500,32.5280352709409,-101.951913675829,163.593822801911
-3551,5447,-500,31.6260637645587,-112.673935822248,146.227448841944
-3551,5947,-500,27.7037155812675,-117.882111095539,130.449349465343
-3551,6447,-500,24.4662140784621,-123.558623998611,110.792126587633
-3551,6947,-500,19.776159884439,-122.03348422137,91.834529180692
-3551,7447,-500,13.6236113614604,-118.142522940397,76.0936321869836
-3551,7947,-500,10.7350158494411,-111.496674121049,52.953430339822
-3551,8447,-500,7.07624409552632,-105.047761942657,41.3361254436602
-3551,8947,-500,4.93129773134371,-92.8426986483111,30.1130762242809
-3551,9447,-500,-0.502350008300163,-83.7633377840942,20.4763102152596
-3551,9947,-500,-2.04366968605061,-77.6018654535705,13.3923542702781
-3551,10447,-500,-3.94143419436301,-68.8232234087606,10.1459172287897
-3551,10947,-500,-4.54080741194606,-61.9041312100066,6.7796539002014
-3551,11447,-500,-6.18936077736172,-54.1954149470184,4.99073469009098
-3551,11947,-500,-5.67493684050874,-50.0301633881267,-2.47057930156563
-3551,12447,-500,-5.57137595027655,-44.8876215362214,2.33729404151363
-3551,12947,-500,-6.29429539408292,-39.7034875215641,0.663930655359424
-3551,13447,-500,-5.60135396512663,-35.60852847511,-4.21383146709094
-3551,13947,-500,-9.42800111836567,-33.4575542515099,-5.44495056517185
-3551,14447,-500,-4.81734948681614,-29.9984546976868,-1.9867473822215
-3551,14947,-500,-4.49003365009191,-27.4499088145859,-4.44592821612467
-3551,15447,-500,-5.51377978331382,-23.8805661865454,-1.61468474186368
-3551,15947,-500,-4.57252318408019,-22.3574561986842,-5.20167974533107
-3551,16447,-500,-7.8329583768249,-19.8190755131349,-5.80614172903424
-3551,16947,-500,-4.57412142036288,-18.7434216238241,-8.21837331924135
-3551,17447,-500,-7.79536572450559,-14.2909906875601,-2.42241681443527
-3551,17947,-500,-5.43375090631322,-17.150243612814,-6.08045777132025
-3551,18447,-500,-6.81906982734388,-13.5280112459301,-6.47467881223841
-3551,18947,-500,-4.42301175473575,-12.1680632965692,-4.61478556211806
-3551,19447,-500,-5.91130785281806,-12.337663123132,-5.272968298744
-3551,19947,-500,-3.77707211592029,-11.4198779013158,-6.24974106218144
-3051,-20053,-500,-5.46053933469556,6.73679369891,-4.66977668252206
-3051,-19553,-500,-4.21945967637725,5.24044541985218,-7.1080395016691
-3051,-19053,-500,-4.72293174042098,7.59286020404099,-6.61484788042812
-3051,-18553,-500,-6.94177030315105,9.92375671857016,-9.68643839084514
-3051,-18053,-500,-6.8630615539482,9.43407197944387,-6.18629193766657
-3051,-17553,-500,-5.61507474544271,10.4395197219676,-8.90622822805992
-3051,-17053,-500,-7.98566023446211,11.012411951252,-9.10761515389085
-3051,-16553,-500,-7.31904485786744,11.7629993463518,-6.52329087503473
-3051,-16053,-500,-7.39445826856326,15.8235391298559,-8.7109341932695
-3051,-15553,-500,-9.57121344578155,13.8131965980976,-12.0731218727745
-3051,-15053,-500,-10.3662407917481,13.813382839497,-9.06452432466389
-3051,-14553,-500,-9.48712214647995,16.9434826711465,-10.4324868661113
-3051,-14053,-500,-11.9551241932097,20.1010931663825,-11.2069536616494
-3051,-13553,-500,-11.313981673405,20.6824149640467,-10.0396678578446
-3051,-13053,-500,-12.2775989987766,24.7775733695804,-10.111265422917
-3051,-12553,-500,-13.4486297169601,26.5895100771501,-10.433744493584
-3051,-12053,-500,-14.2032479572697,31.0810168946536,-12.328305206419
-3051,-11553,-500,-12.5950716635916,31.857007450938,-12.9179963772998
-3051,-11053,-500,-15.2765485167173,36.4729758549663,-12.2878913373074
-3051,-10553,-500,-16.1558452196625,38.3960730537634,-14.7731632088052
-3051,-10053,-500,-21.6560171644127,42.9479858341128,-16.3998840965963
-3051,-9553,-500,-24.6198812880621,50.275281985479,-12.8590928841245
-3051,-9053,-500,-23.1950705143399,57.4285246235057,-14.4100288769317
-3051,-8553,-500,-27.1874613758967,60.9728879016387,-12.8170866831885
-3051,-8053,-500,-33.7549394787119,67.682731053165,-16.8870360766117
-3051,-7553,-500,-39.34860397223,73.7106491624246,-13.4801893610472
-3051,-7053,-500,-46.1270998985398,77.1659567290019,-6.74062326106136
-3051,-6553,-500,-53.1076172242375,85.7832578718249,-7.53294254183094
-3051,-6053,-500,-65.6036867840703,87.4505770880181,-3.26949248649833
-3051,-5553,-500,-72.5688173303058,94.0808121625626,-1.59483121211905
-3051,-5053,-500,-80.5190373262866,95.2331406636431,5.8909128858821
-3051,-4553,-500,-85.3378569157984,94.4747224196576,10.9868457246796
-3051,-4053,-500,-88.7327972854655,94.7270476727287,20.4526310068667
-3051,-3553,-500,-92.6522756252743,90.8971259025625,30.680220757168
-3051,-3053,-500,-89.3593727649407,90.6253614767805,39.2370506624536
-3051,-2553,-500,-84.6496230191759,88.5227173861419,49.4897832549351
-3051,-2053,-500,-78.1372001974856,84.7103681049581,63.1844187177598
-3051,-1553,-500,-70.5254749012063,75.4203624596919,73.4111107383913
-3051,-1053,-500,-61.9977354912406,68.2723118000086,86.2888698384017
-3051,-553,-500,-55.0139754386172,59.8125672202407,98.9427573291322
-3051,-53,-500,-46.6469634206718,52.3468237176786,117.041566862747
-3051,447,-500,-32.241498303082,40.8245083917569,129.158380773238
-3051,947,-500,-23.1207351820748,26.4313502717907,146.060391045983
-3051,1447,-500,-14.0235119711002,16.2701781098701,162.151502487637
-3051,1947,-500,-2.30821116887533,2.20087065980047,173.080456566435
-3051,2447,-500,7.27422526723447,-14.6636658763605,183.215465732845
-3051,2947,-500,9.5593721117139,-29.3223463342614,192.129542091361
-3051,3447,-500,17.3926573625127,-50.0752240498081,196.456652830537
-3051,3947,-500,16.9059051095339,-69.6038036337044,192.750606906513
-3051,4447,-500,18.1842657688201,-87.0073090811438,186.200773963183
-3051,4947,-500,19.6494942342879,-101.733634808155,171.070209445252
-3051,5447,-500,17.0017098662295,-113.335214855984,156.108865419182
-3051,5947,-500,18.0436056335779,-122.492500327311,134.883633400003
-3051,6447,-500,14.2495231728775,-127.981733412465,117.283562403835
-3051,6947,-500,9.09242261677869,-126.548896854033,93.3926770427938
-3051,7447,-500,4.2807959416217,-121.045121445823,74.9043634555572
-3051,7947,-500,2.05200434692527,-113.91118170294,58.2717886995088
-3051,8447,-500,-2.0444346854757,-105.357360690898,42.806530119486
-3051,8947,-500,-3.9355675186328,-99.0190686253893,30.3051619583177
-3051,9447,-500,-4.5565318469045,-86.688335900884,22.3525301845349
-3051,9947,-500,-5.05074658309068,-76.8164428768223,15.7996439816368
-3051,10447,-500,-9.85519913389995,-70.5630245012679,9.40024111905008
-3051,10947,-500,-8.70136850231592,-62.0909331459195,2.04685960658631
-3051,11447,-500,-6.98752034747314,-54.3955066067911,0.374714933107741
-3051,11947,-500,-8.65278083263117,-50.1551847311045,-0.840352807929533
-3051,12447,-500,-6.26388915897391,-44.3251721910266,-2.61113747524524
-3051,12947,-500,-6.72708796292655,-39.7270434059212,1.35052411926711
-3051,13447,-500,-8.02153131607995,-36.86275749379,-5.8659892869262
-3051,13947,-500,-8.92882862444849,-32.2685617660562,-4.85106168524655
-3051,14447,-500,-6.20265678740989,-28.06595077063,-3.14319516391793
-3051,14947,-500,-10.3671783708913,-27.6110132176809,-3.23341554951885
-3051,15447,-500,-8.81224822568618,-23.2261231643193,-5.48409567840376
-3051,15947,-500,-5.97928880901682,-21.0502348901027,-7.30302003279965
-3051,16447,-500,-6.93221968841441,-19.8972522301232,-6.74455965327325
-3051,16947,-500,-6.52948643389546,-17.6422665521244,-5.67881584644054
-3051,17447,-500,-5.57713276762024,-16.8267285812808,-6.03640387522807
-3051,17947,-500,-4.99735543693469,-13.714406174701,-5.83894824650733
-3051,18447,-500,-7.29504936738186,-13.9091056861679,-7.76983868414432
-3051,18947,-500,-5.79166720175775,-10.8659807850617,-4.36694863083793
-3051,19447,-500,-5.96074928976532,-11.5962615975012,-5.26595288513917
-3051,19947,-500,-5.05399458968442,-9.67489472844016,-1.79705057349519
-2551,-20053,-500,-4.2273735778222,6.97334384122378,-5.05990048377005
-2551,-19553,-500,-3.77372549914584,6.93261056612899,-7.18770026327237
-2551,-19053,-500,-3.95753187710324,4.22011688426688,-9.54487130418512
-2551,-18553,-500,-8.88428647065142,9.05141772319634,-4.78274916279512
-2551,-18053,-500,-8.27628615923434,8.62396348083109,-10.7208229384074
-2551,-17553,-500,-8.46970272106013,11.2876423547749,-6.1600888339115
-2551,-17053,-500,-8.71028477751937,11.7693701213989,-4.79642691761591
-2551,-16553,-500,-9.82507564262493,8.86913648095119,-12.1748782218678
-2551,-16053,-500,-8.38876096649614,11.4477939416903,-7.03501613787294
-2551,-15553,-500,-10.1903259439136,13.9686333531425,-9.47680675269205
-2551,-15053,-500,-8.28934100928436,15.3041245651973,-5.82526879600011
-2551,-14553,-500,-8.68491068210938,14.9429880012117,-9.83584970571861
-2551,-14053,-500,-10.1290766081113,16.9677264975831,-8.70946444807616
-2551,-13553,-500,-13.6051840259597,21.2224746689394,-10.3733273342492
-2551,-13053,-500,-9.44521862798437,22.8276151738145,-14.2961424265777
-2551,-12553,-500,-12.1473493906215,26.9521954145923,-12.9180322413136
-2551,-12053,-500,-12.3404705518988,30.5124480457737,-17.4334630417998
-2551,-11553,-500,-13.503863872976,32.7991026758872,-14.3365917493344
-2551,-11053,-500,-15.3144107533291,32.9859091399451,-16.221483496926
-2551,-10553,-500,-17.7937173961765,38.1598712478868,-14.7788108988053
-2551,-10053,-500,-18.1789889493812,43.6632604164312,-15.692787170788
-2551,-9553,-500,-19.7577815208754,50.1963198046533,-11.8355292952888
-2551,-9053,-500,-22.6057716782187,51.8822682695137,-14.2775926746077
-2551,-8553,-500,-21.4289946865532,57.1902553218097,-14.4632058321698
-2551,-8053,-500,-27.3014031575685,61.3221426774144,-15.476712677995
-2551,-7553,-500,-32.2795286603357,69.0251061040601,-16.7371890123047
-2551,-7053,-500,-35.7655198359878,74.6465111190455,-14.5584451301365
-2551,-6553,-500,-40.700806720334,76.8781718795779,-12.2389031991988
-2551,-6053,-500,-48.1470636829267,82.7595824375465,-9.5962900060765
-2551,-5553,-500,-52.6270598381636,87.2030857109978,-10.3004785172346
-2551,-5053,-500,-52.7722775579335,89.0856114794535,-2.18717145858115
-2551,-4553,-500,-58.7506313391929,92.0686004587534,2.54236193285542
-2551,-4053,-500,-61.8419725124987,93.238572073987,8.0029017753022
-2551,-3553,-500,-61.9708073132717,93.8384409284196,13.8514363710685
-2551,-3053,-500,-57.1513273925285,94.2141275898572,25.7528293205934
-2551,-2553,-500,-52.0682132972148,94.8304476533225,37.5351396775445
-2551,-2053,-500,-46.7394353544554,90.9566123183423,51.1730313521527
-2551,-1553,-500,-37.8191700883518,84.1107667549862,65.9668261134623
-2551,-1053,-500,-32.4229864159587,75.8517294607085,79.1615862603484
-2551,-553,-500,-25.9441929120864,68.6867058367942,95.6211430541395
-2551,-53,-500,-17.352435494242,56.4498598481374,111.263779866249
-2551,447,-500,-16.5799994873542,47.7077822419586,130.094041343923
-2551,947,-500,-7.84529347403959,31.6989331442464,146.318027818422
-2551,1447,-500,-7.15519550906025,23.0356189275031,161.671805568663
-2551,1947,-500,-0.536298379499224,6.96995326320072,176.028804819481
-2551,2447,-500,1.68148989347778,-6.80185615894629,190.035490588635
-2551,2947,-500,4.35340119991701,-28.3512904929156,198.855050981961
-2551,3447,-500,8.03244172940205,-48.2192431641224,199.535477189573
-2551,3947,-500,7.55712608671316,-69.4838524005145,197.670284806556
-2551,4447,-500,8.8005835852154,-85.6595997019944,192.7870513607
-2551,4947,-500,6.79751156094702,-103.241077275088,178.573135030007
-2551,5447,-500,5.78892502782192,-115.545010528924,159.085281344586
-2551,5947,-500,3.30171152699183,-124.60897513348,140.48710081983
-2551,6447,-500,1.22729054350975,-126.519503000857,116.35828343416
-2551,6947,-500,-1.3980093037298,-127.967857997316,95.7207994615182
-2551,7447,-500,-2.84955511420131,-123.827959625621,76.8241548337904
-2551,7947,-500,-5.10281759638755,-115.867513508203,55.4755835584116
-2551,8447,-500,-8.14778860174068,-106.866809688663,45.6624294915157
-2551,8947,-500,-8.59417992252827,-99.5658048148864,29.6616717812537
-2551,9447,-500,-11.1645003222022,-90.9723637938501,21.8799121253667
-2551,9947,-500,-11.2458060385221,-81.6860885614667,14.0841094279844
-2551,10447,-500,-11.5128354890685,-71.55455587985,9.61415903397628
-2551,10947,-500,-10.6781839861508,-63.5815102437833,2.41213696711965
-2551,11447,-500,-10.8371959429198,-56.1816738572762,2.54140346395264
-2551,11947,-500,-9.51926704040392,-48.5601222304664,-0.349474516672721
-2551,12447,-500,-11.2513867242967,-45.9538272078683,-2.69503926781469
-2551,12947,-500,-10.3387505828891,-39.2272058536261,-5.96749153081575
-2551,13447,-500,-8.52255726916198,-36.0195110235916,-6.58432661803028
-2551,13947,-500,-10.256787314988,-33.7384430053734,-4.34850652069469
-2551,14447,-500,-9.95345930569702,-28.5829509906234,-3.3220711607486
-2551,14947,-500,-8.82165136144419,-25.0173899065048,-6.1569482617929
-2551,15447,-500,-7.14911161779575,-25.2506006532239,-5.68858535337984
-2551,15947,-500,-7.82527963441231,-21.4905346546416,-8.0112856624557
-2551,16447,-500,-7.37370383819953,-20.1834398735161,-6.3292634351717
-2551,16947,-500,-5.74345346730473,-18.8275524258367,-7.13295906651096
-2551,17447,-500,-8.22379801730352,-15.809438575804,-4.41377600198434
-2551,17947,-500,-4.9509077821892,-14.2431455721269,-4.2357563781932
-2551,18447,-500,-6.89390687074691,-12.7396800086164,-3.35201918632979
-2551,18947,-500,-5.71377312325036,-12.6037637779697,-9.24379045701689
-2551,19447,-500,-4.09933614043572,-9.48147451140885,-4.52947323509693
-2551,19947,-500,-4.17757814175509,-11.4981701137786,-7.30735554841648
-2051,-20053,-500,-4.92547192155786,5.70124037853901,-7.65955426169573
-2051,-19553,-500,-4.61222122725971,5.31668326047629,-7.46204536791994
-2051,-19053,-500,-6.71980943017746,7.36293898631698,-7.74112501618725
-2051,-18553,-500,-7.87506474802589,8.12662730732561,-5.57007392849343
-2051,-18053,-500,-7.13236410847455,9.89435704202257,-7.23631993192075
-2051,-17553,-500,-5.03383349323141,7.32239539916928,-5.66698668407017
-2051,-17053,-500,-5.58903570410109,10.6857152521622,-10.9829468947006
-2051,-16553,-500,-5.45881230310133,11.9182402331418,-8.93035025407024
-2051,-16053,-500,-9.70723163460864,13.3425264049644,-9.90135889647819
-2051,-15553,-500,-8.72262696244103,13.0473876700815,-11.6027498265765
-2051,-15053,-500,-8.83065113555034,12.4811092590106,-8.25415966860804
-2051,-14553,-500,-9.06897765291183,14.791070409614,-11.6918623697726
-2051,-14053,-500,-9.98512104420164,16.9021615953087,-8.32929277654075
-2051,-13553,-500,-10.3963672309182,22.659896968484,-12.2931689074151
-2051,-13053,-500,-12.4516048822042,24.5860943883704,-13.8329922079758
-2051,-12553,-500,-12.9875316800755,22.9348562306773,-16.3241051134676
-2051,-12053,-500,-14.6422591561335,28.3359869714951,-9.44104948801475
-2051,-11553,-500,-16.432594938707,29.8801352254353,-16.3280470078592
-2051,-11053,-500,-16.0387156109492,34.1028219533658,-11.465431097107
-2051,-10553,-500,-16.8878624120465,37.3227631782563,-15.266772040034
-2051,-10053,-500,-18.5163414739339,43.0762669885192,-16.6106701220527
-2051,-9553,-500,-17.8633911860984,46.6933403697665,-15.4280191724526
-2051,-9053,-500,-18.0685562835087,50.3470632387492,-18.9691839023625
-2051,-8553,-500,-20.4610151593668,56.8101546777575,-21.1548081885707
-2051,-8053,-500,-24.0341221006943,59.3153397837805,-13.4148695034973
-2051,-7553,-500,-26.6813028591553,64.9228582608385,-16.3274195018243
-2051,-7053,-500,-29.1183595183493,69.3908281514191,-15.1732267705172
-2051,-6553,-500,-27.2629018037666,73.125095544126,-17.3028950086131
-2051,-6053,-500,-31.1339163827551,80.1845961179831,-15.4721498350942
-2051,-5553,-500,-35.2236614795113,83.4863027616446,-11.5667133524215
-2051,-5053,-500,-33.0682999824607,85.8992833437822,-6.50945201916322
-2051,-4553,-500,-36.6406266312611,88.8165310295201,-1.17607151497737
-2051,-4053,-500,-34.3376758621005,91.7873815451182,5.12488456613524
-2051,-3553,-500,-35.1109311836491,94.691610249473,14.5423320318149
-2051,-3053,-500,-30.4244661421095,97.7955221978071,23.0100426676405
-2051,-2553,-500,-24.7267606676345,97.4482977437576,34.6187776031315
-2051,-2053,-500,-16.8203986661433,97.5096597242163,53.524268846439
-2051,-1553,-500,-8.37587647152341,91.3594077000848,76.0836056299718
-2051,-1053,-500,-3.52148764431861,82.6308712692186,93.619262645409
-2051,-553,-500,0.258458370064449,74.2926025265734,107.317619471589
-2051,-53,-500,2.85145584011706,59.5854991569587,123.641667989839
-2051,447,-500,5.39935855452002,47.38407563541,142.155934285108
-2051,947,-500,2.49352103188493,35.0608695492678,158.031597479575
-2051,1447,-500,0.538713309416341,20.3272134947406,170.381632848469
-2051,1947,-500,-1.87150825091068,6.32933408708118,179.85502023577
-2051,2447,-500,-2.58168260420446,-8.27552476856119,193.289231835429
-2051,2947,-500,-3.63278359442606,-25.3714454583476,201.486901440767
-2051,3447,-500,-3.04239524439155,-45.614997629703,201.999697130121
-2051,3947,-500,-1.46609006772189,-66.3689528642107,201.415205068592
-2051,4447,-500,-5.10341712668971,-87.0866205027328,190.761212548944
-2051,4947,-500,-6.35133363579797,-104.485202124233,178.975944259611
-2051,5447,-500,-8.28707057225546,-119.84254505835,164.013556846295
-2051,5947,-500,-11.717791518916,-128.26265125252,141.708851976214
-2051,6447,-500,-8.88774969627213,-131.977256752777,116.653200352944
-2051,6947,-500,-13.0720711859513,-130.526574138892,92.1023581199021
-2051,7447,-500,-12.6408869741897,-128.502310579846,75.3128347873867
-2051,7947,-500,-12.4807160006783,-119.412221047953,54.3198797371367
-2051,8447,-500,-13.7135336003915,-109.427561331969,40.8283396428291
-2051,8947,-500,-13.1284666568194,-99.6966923897511,28.3182990599899
-2051,9447,-500,-14.9446401007547,-89.7586611759466,20.4097081117825
-2051,9947,-500,-11.896678361659,-82.9505043999643,10.0486217822432
-2051,10447,-500,-16.6657735466213,-71.7995939822809,8.06285505569765
-2051,10947,-500,-14.2185768002628,-64.5725379254582,6.35292513700166
-2051,11447,-500,-13.2151904354912,-57.9385260325373,2.17730525644015
-2051,11947,-500,-14.2634850535246,-51.3223902760643,-1.98930329658961
-2051,12447,-500,-11.9983425175482,-46.1981832423344,-4.53252700629303
-2051,12947,-500,-11.1174673935019,-39.0902551069413,-3.56046924749372
-2051,13447,-500,-7.67826823718631,-35.8613385203187,-2.95507365229015
-2051,13947,-500,-11.8683434236028,-32.4613184875235,-8.30456552080429
-2051,14447,-500,-8.85399472374704,-29.9829281941744,-6.17144155274679
-2051,14947,-500,-10.4916837065818,-26.0879851674256,-7.37873786584066
-2051,15447,-500,-7.77564358745635,-24.2682155504805,-7.05524188240051
-2051,15947,-500,-8.75434426273396,-19.4690068620656,-6.84178706081436
-2051,16447,-500,-7.73451537847233,-17.212257861366,-1.99065665887541
-2051,16947,-500,-7.99684005922961,-18.3543994688714,-6.57229859431274
-2051,17447,-500,-8.57096251431028,-15.2203783333993,-5.90594982164363
-2051,17947,-500,-9.80908189440195,-15.7187101206061,-2.39375626509862
-2051,18447,-500,-8.26355537485259,-14.3813486371213,-5.55527549015721
-2051,18947,-500,-5.24970149111454,-11.8058614013162,-2.42567722464381
-2051,19447,-500,-3.77310182321364,-13.4098103276312,-7.73642575388889
-2051,19947,-500,-7.43149703954065,-10.5115719732933,-2.21591797593443
-1551,-20053,-500,-7.39148204887465,4.92027120580616,-7.86595150571254
-1551,-19553,-500,-5.98667258486013,5.34380578960685,-1.03803026979687
-1551,-19053,-500,-5.64064575139151,7.46539497799834,-10.2434473612899
-1551,-18553,-500,-8.61604673893988,7.35451151434775,-7.66699481767268
-1551,-18053,-500,-8.69487201888001,9.38612778533477,-9.35710259533389
-1551,-17553,-500,-8.1980203288537,7.11566663209074,-8.07885580911494
-1551,-17053,-500,-8.62752949968617,5.90652113310972,-9.73216275428239
-1551,-16553,-500,-9.17740882758319,10.8524373163272,-4.30293679475832
-1551,-16053,-500,-9.4998923709754,14.0509582443682,-10.916900953922
-1551,-15553,-500,-8.50112431633608,11.0968733811295,-8.99138656141193
-1551,-15053,-500,-9.64811136835343,13.5124656438768,-13.3741214472341
-1551,-14553,-500,-11.2325845757092,13.5439330510995,-9.67772208738681
-1551,-14053,-500,-10.585266889858,17.3934353774771,-11.2818814154759
-1551,-13553,-500,-11.7965411461016,21.8139204122642,-9.15997562410748
-1551,-13053,-500,-11.4515001484075,21.3192191272943,-13.2561099784499
-1551,-12553,-500,-13.6445685156978,28.1646388797473,-15.6971539506658
-1551,-12053,-500,-13.6595077403157,27.2251966232487,-15.6381983459951
-1551,-11553,-500,-15.8588793005221,30.0701227403465,-13.447080391008
-1551,-11053,-500,-12.5597539693215,34.8394406617661,-13.7025664965599
-1551,-10553,-500,-15.8664223827204,35.2655618665226,-13.4536091319146
-1551,-10053,-500,-16.1033376485734,42.5731399645172,-18.9644214172743
-1551,-9553,-500,-19.1376759690515,44.4077947427354,-15.5822704436843
-1551,-9053,-500,-17.8749818971201,49.4714222565814,-11.4448355342192
-1551,-8553,-500,-17.6146170934508,54.9113737679935,-18.3754929668743
-1551,-8053,-500,-19.0039505370178,60.615955059262,-17.1015791487076
-1551,-7553,-500,-18.9302468444338,64.505611778031,-13.6257228553675
-1551,-7053,-500,-19.4973735681087,69.2871229985075,-14.8883006090122
-1551,-6553,-500,-18.9305474282961,74.5489313004243,-12.0863116690464
-1551,-6053,-500,-19.4936270655151,76.1803985891795,-10.5593857196525
-1551,-5553,-500,-20.4772396801892,82.8895486056925,-4.70371290831101
-1551,-5053,-500,-19.1452428314829,85.9294151715325,-1.73615996929217
-1551,-4553,-500,-19.3262625601949,89.5913624186771,2.41029302906906
-1551,-4053,-500,-17.935378880667,93.8163791426432,7.02050088883747
-1551,-3553,-500,-15.3576523157653,97.1060841193875,17.291663012218
-1551,-3053,-500,-12.4368721594971,101.165576612822,33.8012119180818
-1551,-2553,-500,-5.25742728970692,103.893077365228,49.4003825417977
-1551,-2053,-500,-0.0450472257841537,102.018552886382,71.005653568113
-1551,-1553,-500,4.87430776982567,99.2485801190389,90.8985985856669
-1551,-1053,-500,9.61721701992585,88.5925007255171,110.174256000331
-1551,-553,-500,12.8822486161437,75.7518158913017,129.243047893051
-1551,-53,-500,14.2576516917536,59.9704984135114,143.029396798452
-1551,447,-500,9.32372366316583,46.6663603843949,159.353393222453
-1551,947,-500,5.85866115058698,29.4325367537644,169.465718010381
-1551,1447,-500,-0.372942663321757,18.6276919718568,174.208472308862
-1551,1947,-500,-2.65336267259599,4.7420909931926,186.67260474989
-1551,2447,-500,-10.4601943008194,-9.83704929585191,197.508982670769
-1551,2947,-500,-12.0352081552264,-28.2497272318556,201.987101979146
-1551,3447,-500,-12.814732148509,-47.0369245764817,203.436980838202
-1551,3947,-500,-15.9402739326406,-67.0949845472657,199.224092257087
-1551,4447,-500,-16.6955376279058,-86.9101470216156,193.532756762146
-1551,4947,-500,-17.2931357450924,-105.921305358845,177.371151406691
-1551,5447,-500,-20.5825514201162,-120.40653694513,162.840940127476
-1551,5947,-500,-20.8373777585236,-126.154394319036,139.160082272503
-1551,6447,-500,-19.8207568370305,-132.373481699864,117.581537296233
-1551,6947,-500,-20.9228223468724,-130.033420728241,94.8377124579527
-1551,7447,-500,-21.434624176874,-126.181656993022,74.0177077858001
-1551,7947,-500,-23.1182060149449,-116.329444849002,52.9646291592172
-1551,8447,-500,-22.012540062722,-106.686356337239,38.9964185865268
-1551,8947,-500,-18.5831519568231,-98.013164469068,26.0891352632827
-1551,9447,-500,-21.9556569463305,-90.3428502790217,15.4229710454966
-1551,9947,-500,-18.5929364710156,-79.508550209307,8.54030732610096
-1551,10447,-500,-20.0708243545901,-68.1184036910996,6.02316757801608
-1551,10947,-500,-15.8677011092226,-61.9897341845777,-2.13637162198379
-1551,11447,-500,-17.1859796486592,-57.1716159475613,-0.856613044904942
-1551,11947,-500,-17.4518506804413,-49.6913280077003,-0.762357909951603
-1551,12447,-500,-12.2920962781207,-42.788959843427,-2.58889034316823
-1551,12947,-500,-15.9017760661239,-38.6202958961391,-2.96198005532164
-1551,13447,-500,-14.8398458350941,-34.2057225669203,-6.57286812101125
-1551,13947,-500,-13.3299762338472,-29.9232149628517,-6.21376279870415
-1551,14447,-500,-11.1718364557142,-26.8408282744195,-7.60910967327468
-1551,14947,-500,-8.7087671104967,-25.4422039395028,-6.74066914733102
-1551,15447,-500,-11.1022296793694,-23.7192749242194,-6.50509703308861
-1551,15947,-500,-9.63758858218989,-22.467713232877,-8.49694374974596
-1551,16447,-500,-10.246936985456,-15.4396194536288,-8.11768270842603
-1551,16947,-500,-6.54994460906564,-16.808398344915,-5.54154133676782
-1551,17447,-500,-9.11061241639173,-16.7568220221173,-4.74824149638276
-1551,17947,-500,-8.54718737071436,-15.6954830609887,-5.36584574464649
-1551,18447,-500,-8.63787198794411,-13.1538214355689,-7.65282008930859
-1551,18947,-500,-6.16787913955936,-10.8648878983176,-6.27730840747234
-1551,19447,-500,-2.92024574906479,-9.81953935500021,-8.26055160402718
-1551,19947,-500,-5.60515212616529,-9.12604838847714,-2.152710737474
-1051,-20053,-500,-8.91174995003986,2.84270879387781,-3.74322904359537
-1051,-19553,-500,-5.79688793240385,6.9965682176719,-11.3207400196007
-1051,-19053,-500,-4.94171014679625,4.81928502427989,-9.97198225752711
-1051,-18553,-500,-8.50858994965344,6.71228523104492,-6.62066898302013
-1051,-18053,-500,-11.5066599237789,5.15101909210924,-9.16793404581941
-1051,-17553,-500,-8.56899905981114,5.29154858969588,-4.67478799146205
-1051,-17053,-500,-7.48833751514716,5.23104662695641,-7.85723215907137
-1051,-16553,-500,-8.16413785879582,9.96060300488179,-11.4569800630205
-1051,-16053,-500,-9.03479044754494,11.1976514853779,-12.6586704823626
-1051,-15553,-500,-11.0209458098408,9.86136445187556,-8.25293964052259
-1051,-15053,-500,-11.7864512675517,12.916063791554,-10.9937822640903
-1051,-14553,-500,-7.09305602809269,17.8438667324029,-11.127621946963
-1051,-14053,-500,-12.3348923633945,14.6407935904499,-13.4336274160437
-1051,-13553,-500,-11.0635204364799,17.9064871942519,-11.3677881284944
-1051,-13053,-500,-12.4376737570294,20.8069938743051,-13.2076069399785
-1051,-12553,-500,-15.3438979657194,24.9836833655571,-16.8100044483804
-1051,-12053,-500,-14.2871659250544,26.12840835452,-16.2127473792081
-1051,-11553,-500,-12.0835591828483,32.149245727187,-14.3776559016116
-1051,-11053,-500,-15.6724953744179,32.5525054103117,-13.8316834111172
-1051,-10553,-500,-14.8531091219926,36.0140575114491,-16.1629156122641
-1051,-10053,-500,-17.5218857285594,39.6375120611083,-13.7068308087851
-1051,-9553,-500,-16.0023142650329,46.2411184419748,-17.7192213327418
-1051,-9053,-500,-15.6657012694656,48.528431606462,-16.3376302590422
-1051,-8553,-500,-13.2854596865118,55.3783847665922,-14.424731657809
-1051,-8053,-500,-15.3759855827308,58.6826481482884,-13.7288222454625
-1051,-7553,-500,-13.7039112459629,64.1169171183006,-14.8810130541425
-1051,-7053,-500,-15.3069720037897,71.5857784846519,-13.7795311657345
-1051,-6553,-500,-12.2171070625947,75.5027594533885,-12.5331146117335
-1051,-6053,-500,-11.1760604779606,77.8352662500129,-3.92884608842324
-1051,-5553,-500,-10.6928776362203,83.8121275479161,-6.01986734324525
-1051,-5053,-500,-7.51232169855114,88.8567061738599,0.178773690806807
-1051,-4553,-500,-6.00975614264734,89.5311578792221,6.41614884827752
-1051,-4053,-500,-0.251291862937615,95.8497904729432,16.1756014361725
-1051,-3553,-500,-0.521900411969218,99.408627814861,28.6520244090389
-1051,-3053,-500,0.643165564543944,105.707128427277,40.5525493209836
-1051,-2553,-500,7.66341496447352,111.782620833479,60.9109624707929
-1051,-2053,-500,5.73102952371302,108.112774248513,82.4402711269798
-1051,-1553,-500,11.6049098836033,101.67552529028,110.817197373082
-1051,-1053,-500,14.3236727906944,90.1472447209258,133.367325861782
-1051,-553,-500,11.8782431006538,76.6553523367625,151.85850430481
-1051,-53,-500,12.9787692534166,59.162459028703,165.20141903465
-1051,447,-500,6.32573235251684,38.3535356268236,177.487597364776
-1051,947,-500,-0.561494053245021,24.3971634878473,182.296256786692
-1051,1447,-500,-6.67697105575059,10.2767390136542,184.524751297214
-1051,1947,-500,-10.1243603729552,0.284121789180302,186.838743684102
-1051,2447,-500,-15.1149155853954,-14.075101312689,194.339069024935
-1051,2947,-500,-19.6528471370319,-28.5597071275831,200.425007220583
-1051,3447,-500,-23.1604168769293,-50.7758638680753,204.231127333578
-1051,3947,-500,-27.4230914832019,-69.9592852148671,200.913455417212
-1051,4447,-500,-27.5876572585743,-89.2105410578004,189.85142150556
-1051,4947,-500,-30.227970993235,-106.480804263806,172.530190507768
-1051,5447,-500,-32.1533625580648,-120.660007090416,156.338535151113
-1051,5947,-500,-30.686352395428,-128.164110078239,132.601530378615
-1051,6447,-500,-32.7360268045413,-133.492961850402,112.474629842334
-1051,6947,-500,-33.2279449011172,-131.469635673668,87.5925650392426
-1051,7447,-500,-28.6571808498087,-123.786403746844,66.3777306945994
-1051,7947,-500,-28.6284964049425,-116.610784795206,48.0106276460574
-1051,8447,-500,-28.2093501600727,-107.43879100287,35.7939776109604
-1051,8947,-500,-27.5330388721806,-98.0985982122434,25.840704317084
-1051,9447,-500,-26.3457116962718,-86.513467391294,17.2675411253021
-1051,9947,-500,-23.6928595783001,-81.4714363799826,11.340107886928
-1051,10447,-500,-22.1092589377909,-71.2628496460535,6.09081722163182
-1051,10947,-500,-21.1056350903603,-60.9699947714959,-0.880124047325651
-1051,11447,-500,-16.8079028224564,-54.7477802068763,-2.21339234950195
-1051,11947,-500,-16.4748150103287,-46.0089526864087,-3.83086431885266
-1051,12447,-500,-17.3371428766767,-43.0968924501413,-3.36220451462958
-1051,12947,-500,-14.4384692139257,-38.4227853184976,-8.23806692800915
-1051,13447,-500,-14.6200903136534,-33.4177759779643,-8.38874962430893
-1051,13947,-500,-13.7011372194973,-29.2289398256807,-8.44565729745858
-1051,14447,-500,-14.6711733103763,-27.2479369125757,-3.48005829758353
-1051,14947,-500,-11.5566960886671,-26.046267904228,-6.41645256267577
-1051,15447,-500,-8.77185752387162,-21.5230736547647,-7.51422376497953
-1051,15947,-500,-8.61581515907966,-20.4013696019381,-3.96752770335497
-1051,16447,-500,-8.11734332693017,-19.4537242104597,-9.54561115697408
-1051,16947,-500,-9.99374380886556,-16.0041022993179,-7.7034313061492
-1051,17447,-500,-8.97668215585432,-16.8703464111179,-4.12747346130762
-1051,17947,-500,-8.39977256060295,-12.5462711611376,-9.96275404158224
-1051,18447,-500,-8.16429378421337,-12.3213804161193,-8.38643678214772
-1051,18947,-500,-6.1961254222411,-8.47834325112439,-2.66385495845338
-1051,19447,-500,-7.1759361942772,-11.0875174552275,-5.00083885142927
-1051,19947,-500,-5.90618408074683,-8.63081151766337,-3.34215980328854
-551,-20053,-500,-6.09151739333688,3.02180780373537,-10.9075925568981
-551,-19553,-500,-6.65158482015414,1.48544724691824,-7.70463718153051
-551,-19053,-500,-7.76660987711077,2.73198348623286,-8.42331296017397
-551,-18553,-500,-5.29267672526451,5.31219345021575,-5.67447172486681
-551,-18053,-500,-9.27637825687876,3.94179918668919,-10.1883888843711
-551,-17553,-500,-5.27659122655832,7.12857155970339,-8.6360262738268
-551,-17053,-500,-7.32914918536609,7.25837775409088,-10.4157613888275
-551,-16553,-500,-12.1830155651234,7.99226339940903,-8.27870128245789
-551,-16053,-500,-10.2505181281393,10.554723457273,-11.8443491452746
-551,-15553,-500,-6.86910022071356,9.35907699157727,-13.7127502657386
-551,-15053,-500,-9.15143753865594,14.1529629807969,-11.4070265487251
-551,-14553,-500,-11.0840082773719,14.7209803505867,-11.7302010751019
-551,-14053,-500,-12.8301322501262,17.4462683788352,-15.2708962497427
-551,-13553,-500,-14.5349330776534,17.5208104360584,-16.973252749912
-551,-13053,-500,-15.3326251056093,22.3809600212243,-11.9315180703361
-551,-12553,-500,-13.6942307715585,23.2559993512549,-17.9629157502138
-551,-12053,-500,-17.709448677556,30.0504620910884,-19.5044243509555
-551,-11553,-500,-13.8506135956811,27.0654740426768,-16.3987287468356
-551,-11053,-500,-16.8659781632498,32.7825378198019,-13.8336532037434
-551,-10553,-500,-14.9067687043948,37.8129415413341,-20.9181639414771
-551,-10053,-500,-17.4089786275197,38.3004881482931,-15.0692856870112
-551,-9553,-500,-15.3788167989262,45.672299675049,-13.921778668422
-551,-9053,-500,-19.427202101071,51.4424382097696,-16.1473004430209
-551,-8553,-500,-14.0211252357802,55.2584612766593,-15.7262655787148
-551,-8053,-500,-12.7396183147739,59.5844279686617,-11.6497167359017
-551,-7553,-500,-14.0427158056182,66.3830779303199,-9.52364578858229
-551,-7053,-500,-7.92392950613411,70.0966782182606,-6.4388333119355
-551,-6553,-500,-6.3599385349519,78.191140004616,-3.59651243695465
-551,-6053,-500,0.762073780371411,79.7972081376279,-2.27485726662775
-551,-5553,-500,1.4440172299265,84.5255429669831,4.79925139600768
-551,-5053,-500,3.08836166278962,88.538792900583,6.52425892792672
-551,-4553,-500,1.81931636559728,94.1105401883304,16.7927384095917
-551,-4053,-500,3.33972909823697,98.4647458781124,25.9009470744978
-551,-3553,-500,10.701874328748,100.527963246672,35.3047488593976
-551,-3053,-500,8.43381536781857,106.447785121139,46.5840684677925
-551,-2553,-500,6.30667088978375,110.785848125073,70.7493398817297
-551,-2053,-500,10.2685914141018,112.945351096364,97.3130187344954
-551,-1553,-500,4.93672951670489,103.376526124412,128.750108167739
-551,-1053,-500,5.84172751825328,89.6098903967229,149.237711870614
-551,-553,-500,4.4187788660115,73.2031128905533,168.643008431811
-551,-53,-500,0.582336237370844,53.450673178189,176.70303425432
-551,447,-500,-5.46016757739202,35.5283543191572,182.588317668593
-551,947,-500,-9.78172400971806,18.4859802259622,187.523733822233
-551,1447,-500,-14.6920263755327,6.44910844778032,187.121079550231
-551,1947,-500,-19.0924152174295,-3.20207671243685,191.301708496147
-551,2447,-500,-25.9781417524816,-16.833789383486,196.6915360681
-551,2947,-500,-28.2052399444489,-35.2905764740682,197.509139477063
-551,3447,-500,-32.0511072045554,-53.5102033988194,198.520288599887
-551,3947,-500,-35.4445683766474,-73.7265357425046,191.618701912957
-551,4447,-500,-36.0434560168505,-90.9592496908808,181.857899415556
-551,4947,-500,-40.3868699403636,-108.255298030944,166.579673327998
-551,5447,-500,-40.6969955831347,-118.521222295753,151.227353784448
-551,5947,-500,-39.5875862832313,-131.307893743195,129.0202955681
-551,6447,-500,-42.2109434211737,-129.963998999991,104.233417914558
-551,6947,-500,-39.6014161297939,-129.132993321457,84.8050039375864
-551,7447,-500,-42.0620578808018,-125.470368127401,64.6940076764901
-551,7947,-500,-37.9422935236567,-115.221262875548,44.6243234217682
-551,8447,-500,-34.1588340281187,-102.998235103835,33.8401967049514
-551,8947,-500,-31.656912189674,-94.1014469710645,22.5340446865456
-551,9447,-500,-30.0566428395676,-84.4925305353791,12.0938764562969
-551,9947,-500,-27.6374088096858,-79.5367541398819,7.54001630940782
-551,10447,-500,-24.2977889449543,-65.9865863308562,-0.318217177385951
-551,10947,-500,-21.7409280466051,-59.430262466726,-0.447661532588151
-551,11447,-500,-22.5711059195469,-53.3541150708378,-1.3455623583598
-551,11947,-500,-20.4697325472828,-47.4683259268336,-5.64981702135248
-551,12447,-500,-19.6486909884552,-42.999280263679,-8.12741782262618
-551,12947,-500,-18.4193865264531,-38.6129295274255,-7.45527456781089
-551,13447,-500,-16.67094421369,-31.6433473120122,-8.64920837121748
-551,13947,-500,-14.2737687028941,-30.3093699197502,-9.8834696987583
-551,14447,-500,-11.9263214570109,-30.0086721278739,-8.89833711047953
-551,14947,-500,-10.2974600921971,-23.8439670661503,-7.50362216228899
-551,15447,-500,-13.3991168038804,-21.2621193363028,-6.23177451323003
-551,15947,-500,-11.0436770026505,-19.7380908949913,-12.578866255872
-551,16447,-500,-12.5508559574464,-19.3003654565975,-6.05223132127149
-551,16947,-500,-11.3757077589703,-17.1188063287272,-4.64905894019736
-551,17447,-500,-6.84130983927412,-13.2914873168006,-8.09653980112372
-551,17947,-500,-8.41303241102517,-14.6855124234771,-6.9356122677909
-551,18447,-500,-6.01755061354516,-11.7797500349989,-4.82810436939464
-551,18947,-500,-9.08731922123691,-12.150088739405,-4.95382029156819
-551,19447,-500,-7.15934041687238,-10.9881715164165,-7.0334795096751
-551,19947,-500,-5.54921552315377,-9.66966121747237,-7.37422095747152
-51,-20053,-500,-8.44248299499243,1.94649457040315,-5.59126883527816
-51,-19553,-500,-7.19208779329678,2.56341018436314,-5.7565980163377
-51,-19053,-500,-9.36468686328962,3.69925781131472,-6.43148472933384
-51,-18553,-500,-7.04923089174857,4.07940754514169,-5.70541322260402
-51,-18053,-500,-4.02091275601576,6.83699876303077,-7.498351514131
-51,-17553,-500,-6.16166130807907,5.83053764712524,-6.85852455579753
-51,-17053,-500,-6.79300101557466,9.52758147536388,-8.12890986050783
-51,-16553,-500,-7.85670227952845,9.71991971172502,-7.92368411263432
-51,-16053,-500,-8.97867804611413,10.6896903021066,-11.2243611741616
-51,-15553,-500,-9.90025237237688,9.96620984897787,-9.17730843792246
-51,-15053,-500,-10.9256378061951,13.7495857604112,-12.8759559772532
-51,-14553,-500,-12.1674178731682,11.7497917846797,-15.6251829084962
-51,-14053,-500,-11.6382686351639,12.8044616361952,-12.3314179296559
-51,-13553,-500,-14.0607659162964,14.3459646773994,-15.0418482764814
-51,-13053,-500,-15.5799570749231,22.3700241580013,-16.4847381150028
-51,-12553,-500,-12.828882056726,21.2255658022979,-11.6305328476105
-51,-12053,-500,-16.9705636546013,25.9866968649701,-14.4098430626391
-51,-11553,-500,-13.9186660983812,27.2422271195811,-10.6537736002117
-51,-11053,-500,-14.902012550213,32.9645403949467,-11.7105562646378
-51,-10553,-500,-16.8609390798517,38.4375125712439,-16.9020433087629
-51,-10053,-500,-14.4778760304752,41.8095626383654,-17.4533675524438
-51,-9553,-500,-14.2994917288442,45.6466249371034,-15.2494574421738
-51,-9053,-500,-16.1922271087428,51.8616867545216,-13.2948292875181
-51,-8553,-500,-12.8601597563709,58.2379214314444,-13.1661667863228
-51,-8053,-500,-10.3177891056447,61.760577872527,-11.7882878504668
-51,-7553,-500,-11.27712094441,68.1948511644486,-9.43842648807319
-51,-7053,-500,-7.03040130062178,75.4565698360374,-5.20943874082364
-51,-6553,-500,-3.83989721159741,78.5561882850855,-1.85159475810386
-51,-6053,-500,0.31893590856671,86.2389918759372,8.21108444711036
-51,-5553,-500,3.11347671013854,86.7367952353425,8.86487711076061
-51,-5053,-500,10.2688166832683,93.1750755925559,17.6115129487321
-51,-4553,-500,12.1018876869492,93.6540124462641,24.6127727648657
-51,-4053,-500,15.2972267219496,98.4609535413062,38.1970184751436
-51,-3553,-500,13.5689489046843,101.585091962842,45.1153470396052
-51,-3053,-500,13.9226756501871,108.357366497001,58.9297716728754
-51,-2553,-500,11.4930387028729,108.086304962461,80.2439164166677
-51,-2053,-500,8.95401773074329,108.418427049024,105.627091140693
-51,-1553,-500,0.0875753129880402,101.448402140855,131.272168288979
-51,-1053,-500,-6.77497585507343,86.061734728428,150.291404765554
-51,-553,-500,-7.64168157762839,68.2767958565337,170.268053733692
-51,-53,-500,-15.6498910624588,50.3683114032311,177.488339704881
-51,447,-500,-20.0416006170667,32.322014522015,184.56147224244
-51,947,-500,-20.828207683111,12.0126521237484,188.39569566099
-51,1447,-500,-21.1373234776306,2.44449332581675,185.463711590836
-51,1947,-500,-28.0295896018529,-8.12378547799248,191.341939792389
-51,2447,-500,-30.0084993566829,-23.7238881592913,195.72759131871
-51,2947,-500,-34.4371357896282,-38.8300018211762,190.53330014522
-51,3447,-500,-37.1976818625965,-55.922552978065,192.909082636404
-51,3947,-500,-45.9676206374789,-75.2855283283747,188.678459245953
-51,4447,-500,-49.0921756724865,-93.8500914352901,179.148867953356
-51,4947,-500,-50.6395861960838,-109.011299737439,167.442482418776
-51,5447,-500,-51.7610496059657,-122.49208711151,147.540073988997
-51,5947,-500,-50.074035351049,-127.195822408211,123.283355856637
-51,6447,-500,-49.6401293185759,-129.837920853269,99.0158490499234
-51,6947,-500,-47.6587292555009,-128.488785133963,79.9344635056904
-51,7447,-500,-45.7926125248928,-122.753606661596,57.870612323448
-51,7947,-500,-41.5701577560715,-113.85602563886,45.436360602362
-51,8447,-500,-40.9834034973094,-104.082247332421,27.1999769738142
-51,8947,-500,-36.0210481575746,-94.5896800411164,19.0608734041966
-51,9447,-500,-36.1468982335543,-82.5928756523993,7.66013428359997
-51,9947,-500,-29.7802087710152,-73.3003282325455,3.69142844216334
-51,10447,-500,-29.4929891964766,-65.2063999105324,0.730386783355594
-51,10947,-500,-25.0777285876472,-58.028880356634,-2.02246886685947
-51,11447,-500,-24.9285274423365,-49.9591039068601,-3.56722105922666
-51,11947,-500,-21.4909193522332,-45.8478155252182,-6.18739194896323
-51,12447,-500,-18.9233408819834,-40.5736895625269,-8.73678097135453
-51,12947,-500,-18.0127057412315,-34.9050231769337,-4.37350638497325
-51,13447,-500,-15.8909217160793,-31.6133776882235,-7.33149509525232
-51,13947,-500,-18.8497824243917,-29.9824471820344,-10.3869335346861
-51,14447,-500,-16.715023908048,-25.6470438315542,-6.84144869156841
-51,14947,-500,-11.8143462621118,-21.3391707704463,-6.96757294395495
-51,15447,-500,-11.602037574826,-19.6120679158452,-7.61530583659663
-51,15947,-500,-11.4731222483293,-18.8318125212762,-9.57625464821809
-51,16447,-500,-11.1304590433867,-17.4208662157716,-6.50763348510903
-51,16947,-500,-13.347754331541,-14.1414762717987,-8.42660456291017
-51,17447,-500,-10.3029537056244,-10.5506414342593,-5.7612882684626
-51,17947,-500,-8.70667754195856,-11.4427886772866,-6.18671363339964
-51,18447,-500,-10.2989384555303,-10.1626299455695,-4.74828436741562
-51,18947,-500,-9.56551473480371,-10.336046570365,-4.97914486369038
-51,19447,-500,-7.05570078722775,-8.48232759877958,-7.25599638830301
-51,19947,-500,-6.30565404922869,-7.53162260366462,-3.62456386053244
449,-20053,-500,-8.45900579108218,4.75093552004329,-7.20766643095778
449,-19553,-500,-5.9805886133678,5.19744960954151,-8.78331063133573
449,-19053,-500,-5.33933694879839,3.77196061299146,-7.87368156088469
449,-18553,-500,-7.48308852247235,5.92187864259682,-7.46762546447129
449,-18053,-500,-6.06834795983939,5.50720964822471,-7.42638374722805
449,-17553,-500,-6.35324814013146,7.83954652366985,-9.95343644075307
449,-17053,-500,-11.0434977441279,5.22167680808766,-7.92642621734862
449,-16553,-500,-11.3576918496308,8.14718055842343,-9.40897743946452
449,-16053,-500,-10.1806755268358,10.3163790164171,-10.6368723243833
449,-15553,-500,-10.0275400252948,9.3526997097777,-9.09024039853366
449,-15053,-500,-12.1420577740185,12.2422713517796,-11.5117162057055
449,-14553,-500,-13.0172661384645,14.2487461746068,-11.6542618800031
449,-14053,-500,-11.6471115728936,14.2696471804186,-14.171883964736
449,-13553,-500,-15.5547780700026,16.467474375141,-15.4627071530434
449,-13053,-500,-13.3329927823445,19.3020829711422,-10.2757516884626
449,-12553,-500,-16.2713203218759,21.8199830194004,-12.4534737039325
449,-12053,-500,-16.8362147613569,23.2784756653516,-15.1001036989222
449,-11553,-500,-17.2266341662838,25.749818671837,-12.5578185062746
449,-11053,-500,-14.0535519739046,31.5107628140465,-15.991002425681
449,-10553,-500,-19.6947371195879,35.3313391623146,-15.7523487297735
449,-10053,-500,-16.0954680022822,39.805527395159,-16.7669877728223
449,-9553,-500,-12.5700220189211,46.524261422549,-13.0358820578603
449,-9053,-500,-14.4378729339205,52.2128652177158,-14.9910569760523
449,-8553,-500,-14.8089461210384,59.039351309765,-12.1634075869659
449,-8053,-500,-9.73794931070531,64.1944283400234,-5.9788309609296
449,-7553,-500,-6.68445094450175,71.2278023284694,-6.52516160159518
449,-7053,-500,-5.31427447048562,76.9905924053655,-2.46330888426364
449,-6553,-500,-0.290202575087656,84.8738179242618,1.63003076374972
449,-6053,-500,5.52277665893951,90.1985058983807,11.1150668894993
449,-5553,-500,11.2840557028138,97.526060400704,19.4070236946609
449,-5053,-500,14.2493135613538,94.2493601661691,27.8911800376657
449,-4553,-500,20.3632981311077,99.822205714402,38.5902058550271
449,-4053,-500,19.8078566972835,101.080151321076,49.025155559306
449,-3553,-500,22.1276480151086,103.464019458168,60.3905017919676
449,-3053,-500,18.6309262920393,103.266046600191,72.0668034396584
449,-2553,-500,13.6125314287885,103.538774668317,84.9030242480955
449,-2053,-500,8.0767192263674,99.1807620164194,103.739458416909
449,-1553,-500,-1.43064217967565,92.374895456617,129.456455783798
449,-1053,-500,-10.804781845194,78.2318018148513,146.51476574922
449,-553,-500,-17.2992926584586,61.9877939499132,159.106105800271
449,-53,-500,-22.2327132115486,46.7182275944716,168.952305224461
449,447,-500,-23.094927647813,31.8219005021553,179.705724773538
449,947,-500,-25.2150250111379,17.5711999012996,182.767147535604
449,1447,-500,-28.8472340082231,3.73367902083831,184.692058867781
449,1947,-500,-28.3851078714138,-11.518628672477,184.962079867922
449,2447,-500,-36.5542738970188,-25.3896616078608,190.782053011708
449,2947,-500,-40.3973129713141,-45.0071009933007,192.958048847956
449,3447,-500,-45.4522051426895,-64.3156928056418,191.842700634552
449,3947,-500,-52.9652668044329,-80.4613692434694,184.540106815079
449,4447,-500,-56.1213476357471,-98.0607351932009,172.121251817656
449,4947,-500,-60.5562389696183,-113.312014632839,157.135551996497
449,5447,-500,-62.6617815946245,-122.303985682442,136.68307784379
449,5947,-500,-60.3220339289293,-128.207966644568,113.288869578776
449,6447,-500,-57.0485859738777,-127.781414153511,95.5815402666788
449,6947,-500,-56.8988104795844,-125.198247638888,72.4520529873734
449,7447,-500,-50.578125550123,-119.236126711593,53.9260086151552
449,7947,-500,-48.663294705313,-110.863978010949,42.1656591339302
449,8447,-500,-47.1324459551264,-100.435952529686,27.2819500985154
449,8947,-500,-43.3050673566016,-86.8807225821331,15.2141282880099
449,9447,-500,-38.7256396951324,-82.2108051250991,4.31604346268855
449,9947,-500,-35.5261649366907,-70.902044504996,1.1699089255447
449,10447,-500,-35.2560448951369,-61.9992749834355,0.542417429937969
449,10947,-500,-25.831271810881,-55.1471421422446,-6.67881654363574
449,11447,-500,-26.6878653721311,-50.5607903277918,-3.44637298998256
449,11947,-500,-24.8141108399168,-43.5845474140099,-7.5287740001021
449,12447,-500,-22.0273418228833,-39.1163355872951,-8.71162131798604
449,12947,-500,-22.4601926415214,-33.9648038704562,-11.4044011631459
449,13447,-500,-18.7201394142599,-27.1860423167846,-5.25541674425753
449,13947,-500,-12.1668891186735,-26.5550844932953,-8.95968577124908
449,14447,-500,-13.8641982135665,-24.498898169747,-9.94723473001381
449,14947,-500,-15.1770202407498,-21.6623845072246,-9.5591868550454
449,15447,-500,-13.1255748992957,-20.6483994003662,-8.03514496651724
449,15947,-500,-11.715510487617,-16.8235485875383,-9.29939104214703
449,16447,-500,-11.8421086646173,-16.0122042849437,-3.2637940179165
449,16947,-500,-11.8338133581939,-13.5331777236417,-8.72341944290014
449,17447,-500,-9.62580102582471,-11.6284847805384,-8.05973296463784
449,17947,-500,-8.47453907508904,-12.4801247553868,-9.39130261376877
449,18447,-500,-10.0266399206622,-12.1791246194874,-7.34337769641508
449,18947,-500,-9.54025904056208,-12.283141772192,-7.8827752170241
449,19447,-500,-8.11896837707716,-9.06882093547851,-3.89184367828385
449,19947,-500,-7.17810373081782,-9.08461274927652,-6.77686635652372
949,-20053,-500,-5.81725445163505,2.49408630810576,-8.08192072820526
949,-19553,-500,-8.17677799357167,3.94164438918855,-6.04535995149597
949,-19053,-500,-7.38546783161521,2.59042048605127,-4.57433830132128
949,-18553,-500,-5.13773481048061,3.72652112341079,-6.25824529938741
949,-18053,-500,-9.35349206253934,5.61419346671757,-12.8003341201502
949,-17553,-500,-8.36499149480232,5.48028787883034,-7.68783083144333
949,-17053,-500,-6.39823933437603,7.26325485093133,-7.88903658715011
949,-16553,-500,-9.06079574176126,6.74151299228942,-9.70398433365104
949,-16053,-500,-9.80898087297494,7.67520265289751,-11.1692553639454
949,-15553,-500,-10.9647423334284,8.56396468996197,-9.46592743089261
949,-15053,-500,-12.808750739456,12.4603794461292,-12.0944400353821
949,-14553,-500,-11.9671023614984,14.9345651595214,-14.1529974147549
949,-14053,-500,-12.4580383871906,16.0675322607255,-14.6740784241408
949,-13553,-500,-15.396436339326,15.8814999232697,-14.1399457987509
949,-13053,-500,-14.6686095763697,19.7353247585982,-15.698099367814
949,-12553,-500,-13.6882722367427,20.8279025006747,-14.532850204805
949,-12053,-500,-16.7323062396566,23.9030454941161,-13.9318762849387
949,-11553,-500,-16.6222388357395,29.5311605890702,-14.7550938217451
949,-11053,-500,-17.251419808386,31.2366570344362,-16.4014287994901
949,-10553,-500,-16.340748357905,35.5217494849869,-14.6030757663024
949,-10053,-500,-14.9617005331593,40.4945334278522,-14.1802454462677
949,-9553,-500,-15.8005532101431,49.7614621196697,-15.0057182313516
949,-9053,-500,-17.0725182001339,52.7490529801468,-12.5492569222472
949,-8553,-500,-16.2164673303857,59.6247441794057,-9.10040746376798
949,-8053,-500,-12.6183419728373,69.3038468235362,-9.18493794744181
949,-7553,-500,-8.18221141475585,73.6992508382257,-3.65794566157815
949,-7053,-500,-3.94415106471565,82.9007713326859,-0.115198235923755
949,-6553,-500,2.50454029134933,89.8035288186155,16.1201080988015
949,-6053,-500,5.68932374179319,93.5260240855258,18.0828245183878
949,-5553,-500,12.3688832656376,99.7378650563971,28.450936975835
949,-5053,-500,18.5604607318353,100.128222869359,39.6425612791694
949,-4553,-500,21.1308813482485,103.7700499477,53.1379720879483
949,-4053,-500,27.5670508811478,102.039559684604,60.8608311287314
949,-3553,-500,29.8681557019493,100.49306208598,74.960829060557
949,-3053,-500,28.9248864004852,99.7823560420175,85.5719011898968
949,-2553,-500,23.2336665003834,100.698996045213,98.2449918481075
949,-2053,-500,18.7859071904399,91.8394599630526,113.998502066077
949,-1553,-500,6.31948256425622,84.0156991305295,125.108870293795
949,-1053,-500,-5.33855796993941,71.5631901652594,143.412139539635
949,-553,-500,-12.5968433545778,54.9114886169209,154.772177603033
949,-53,-500,-19.6604491842379,41.5098700556175,163.729090163924
949,447,-500,-21.7269354674992,29.0224563720825,172.071814030791
949,947,-500,-26.7603191184393,13.0469757115518,178.544365365567
949,1447,-500,-27.8101720432945,-0.0149730157163586,179.895146853369
949,1947,-500,-30.8776845594292,-18.7477047543031,185.071457985874
949,2447,-500,-37.6028015708311,-35.3755351329633,187.755365329943
949,2947,-500,-43.8468363436344,-52.5207959515489,185.962114543918
949,3447,-500,-54.6442993224995,-70.0957600060907,185.192074058526
949,3947,-500,-60.5072366938959,-87.8548686484896,173.122666232554
949,4447,-500,-66.3288398937003,-102.30915898869,158.371940648793
949,4947,-500,-66.27312196466,-113.588783492419,147.912822443914
949,5447,-500,-71.8503146287698,-123.231269817532,129.339456869235
949,5947,-500,-69.8234397223019,-129.283076529381,108.246889557898
949,6447,-500,-66.8987338915025,-125.493250448123,87.5971023980437
949,6947,-500,-64.0772792635949,-123.100510271384,65.0384331432021
949,7447,-500,-59.8318515469363,-115.392063496179,49.0259532324891
949,7947,-500,-57.4556175533912,-106.649208440488,31.6498702801606
949,8447,-500,-51.7678530985403,-95.2598643854528,22.3107167319884
949,8947,-500,-45.2659218138056,-85.9814851147776,9.48204159689036
949,9447,-500,-42.563338807794,-74.0554769328537,8.19194302520419
949,9947,-500,-39.3932720331992,-67.3269564564006,-0.630406159814795
949,10447,-500,-37.0438392100763,-60.0060687758976,-4.44291675206236
949,10947,-500,-29.850343907234,-52.7197437086475,-5.7647460482413
949,11447,-500,-26.1532116193208,-45.8119188940583,-7.42117849447655
949,11947,-500,-25.8669264924164,-40.3800412485882,-4.97786715532513
949,12447,-500,-22.0111347288382,-34.8382337472358,-11.6652824264454
949,12947,-500,-21.4988305848594,-33.0156447581499,-12.8139859404616
949,13447,-500,-21.4139460090839,-27.7335854195352,-11.9403194722814
949,13947,-500,-20.0005392021,-23.8827280414343,-11.1943110678751
949,14447,-500,-15.1976956213878,-21.5772135865697,-11.3619347559732
949,14947,-500,-15.1137448295568,-20.1041019628242,-7.12940649260866
949,15447,-500,-12.7695020131801,-14.8781152894899,-9.05196286290722
949,15947,-500,-11.6016357592246,-16.6423162218938,-6.85670395272685
949,16447,-500,-10.232937558904,-15.556149957778,-8.21952876720187
949,16947,-500,-10.7980180112261,-12.338362863326,-7.29843535811894
949,17447,-500,-10.4474034894753,-13.3245746118877,-11.2697049107018
949,17947,-500,-10.3963396285278,-10.9699706634524,-5.08426324025503
949,18447,-500,-8.65254194147489,-10.6353598132385,-4.71200045853815
949,18947,-500,-6.03535539849579,-10.1495979611766,-6.73695048129013
949,19447,-500,-9.65079153851505,-10.0881796607973,-6.40380800621754
949,19947,-500,-4.61976825952576,-8.43667151481429,-6.69869667156882
1449,-20053,-500,-2.8936884616002,-0.155062638769038,-5.10692842092329
1449,-19553,-500,-6.22081114688691,1.45471063017594,-4.93320808974488
1449,-19053,-500,-7.90939491432696,4.61018196490244,-6.72733619024684
1449,-18553,-500,-9.03348028709769,5.02232851509624,-8.50564085081137
1449,-18053,-500,-9.15829559139999,5.57589769922497,-11.2918954511896
1449,-17553,-500,-10.4472934341579,6.69399744320631,-15.2719107872568
1449,-17053,-500,-9.07061611132505,5.31414704189336,-11.9867948537348
1449,-16553,-500,-11.3469207976187,7.78878961547517,-11.8979119300766
1449,-16053,-500,-8.96731195937114,7.58472686546472,-11.7092954447603
1449,-15553,-500,-11.4977851541841,8.46190045364445,-10.9795103181047
1449,-15053,-500,-12.769830501783,10.8828621741833,-12.6920863046004
1449,-14553,-500,-12.1903036553345,10.4510088569408,-13.3008732470602
1449,-14053,-500,-10.0846062242855,13.8792002601115,-12.6900286801502
1449,-13553,-500,-13.7162732831869,14.8878413751433,-12.7715482176956
1449,-13053,-500,-15.0019647853747,16.4307731921798,-14.2803443166584
1449,-12553,-500,-15.1600821955719,17.3600521530305,-16.6967126191738
1449,-12053,-500,-15.5166287998125,21.9525124433558,-14.7113275778249
1449,-11553,-500,-15.481628408061,27.2021723501593,-12.4358586948615
1449,-11053,-500,-18.7299218633363,31.9523789722052,-17.0917965701149
1449,-10553,-500,-15.7297625954507,35.3258888499389,-18.9795209231833
1449,-10053,-500,-19.5023360330412,40.7959207056119,-14.7123607049642
1449,-9553,-500,-17.3223556415665,45.5157986053942,-11.4888347808121
1449,-9053,-500,-19.0037204218377,56.1590896325159,-15.1142976727851
1449,-8553,-500,-14.101267812096,59.4611951174301,-12.4466250447505
1449,-8053,-500,-10.2367930496775,72.0073938765611,-4.27937987035773
1449,-7553,-500,-12.508099552763,79.1296743051395,-0.768375744033932
1449,-7053,-500,-5.100991889865,89.4914503958443,10.4878074244792
1449,-6553,-500,-1.90624859858262,95.0586414782944,13.6322888254107
1449,-6053,-500,3.81974571021422,102.615661025722,28.4150742210383
1449,-5553,-500,12.5240850440135,107.107959827838,35.4852719147648
1449,-5053,-500,24.7069762013946,110.66350246436,51.6837380860071
1449,-4553,-500,27.6674941897625,109.873097479165,68.4078146959432
1449,-4053,-500,34.7415865109572,108.899663086502,77.6607632771759
1449,-3553,-500,37.9719719419244,105.515773050914,89.6354768736037
1449,-3053,-500,37.129090891553,98.4871009596358,104.744408504938
1449,-2553,-500,32.6444857218232,88.7231642735298,111.310058263695
1449,-2053,-500,26.8348340695616,82.4780719829833,121.954324912475
1449,-1553,-500,17.9213156048795,74.4696372080515,132.961132049795
1449,-1053,-500,11.7863640089144,60.9411933321019,144.692737642033
1449,-553,-500,2.3574169237569,48.9408302199593,153.872793206211
1449,-53,-500,-4.60956877394156,35.5380625078869,163.376086212436
1449,447,-500,-9.89291217762456,22.8416100470727,169.780644149241
1449,947,-500,-16.176604531318,7.74203093795157,176.525545076669
1449,1447,-500,-23.3987441164737,-8.90040121270651,182.72790390166
1449,1947,-500,-32.1959471556808,-26.4408008860853,188.39526405658
1449,2447,-500,-41.2161127789805,-42.0726514675747,190.034201942445
1449,2947,-500,-50.5468090080096,-57.767525490899,187.667479483346
1449,3447,-500,-57.2920337255959,-79.2587457491263,182.958346964548
1449,3947,-500,-69.1530593073655,-94.1691753848617,167.919416181954
1449,4447,-500,-74.9531333091594,-106.016758211224,154.882366278171
1449,4947,-500,-76.7504944273349,-114.549794412299,137.59023431622
1449,5447,-500,-78.23229330899,-122.029580639606,115.37137775187
1449,5947,-500,-77.4447430580027,-124.613055950809,92.8132876698822
1449,6447,-500,-72.5720441050351,-121.845418323279,80.6181121086727
1449,6947,-500,-68.8944017354491,-120.463201783893,56.4122193954695
1449,7447,-500,-67.0422231244576,-111.734341410959,39.6780612512508
1449,7947,-500,-59.2601499606067,-100.988974093069,25.7490828253039
1449,8447,-500,-55.665320773272,-89.1181091708171,16.016636525417
1449,8947,-500,-51.5437279034198,-81.0552194802935,4.14440889794123
1449,9447,-500,-46.8014093324651,-69.2790417485048,0.854289247762451
1449,9947,-500,-43.1081208256737,-62.2173021129038,-4.35911860203951
1449,10447,-500,-38.6443439425139,-55.0537922309774,-5.31909277250534
1449,10947,-500,-36.0012051926156,-51.037939446651,-8.8849123242886
1449,11447,-500,-31.9610142924144,-44.5451957907254,-6.05885223516835
1449,11947,-500,-25.6698097797259,-36.0253234974873,-11.5364313304809
1449,12447,-500,-21.201630429647,-35.8379254552368,-7.61694818663326
1449,12947,-500,-21.9138075799998,-32.2969127089388,-9.05595503727606
1449,13447,-500,-18.6368805327596,-22.3823795695431,-10.5942945241506
1449,13947,-500,-19.8589540417179,-22.1088781240438,-11.6984485633583
1449,14447,-500,-15.8558678883661,-22.7339166790976,-11.6523869513378
1449,14947,-500,-15.6003855860436,-17.8408372508426,-8.52036558858627
1449,15447,-500,-16.7729502268999,-17.8067979816755,-8.76935334020407
1449,15947,-500,-14.7691213819668,-16.1858987884248,-9.42595332481197
1449,16447,-500,-13.032973526137,-13.3121261706992,-7.34978349894338
1449,16947,-500,-13.138333602337,-10.7314513131638,-6.19246180601052
1449,17447,-500,-11.1425034252861,-13.3588002354955,-11.5200519304513
1449,17947,-500,-11.6653451052451,-11.6348261040341,-13.5172066950208
1449,18447,-500,-10.8322657512329,-10.0921404099969,-8.23157391523143
1449,18947,-500,-8.55121158783359,-9.29759569459318,-7.90146975641069
1449,19447,-500,-4.50928316077656,-9.5434011650918,-6.64054540428834
1449,19947,-500,-8.16621284305252,-6.97848086253006,-3.7702491483611
1949,-20053,-500,-7.76527580454453,2.56402317044868,-7.83663040168066
1949,-19553,-500,-5.10265908298704,3.9963845159101,-8.1184646858648
1949,-19053,-500,-5.78728943757377,1.90823964564633,-7.57547327241543
1949,-18553,-500,-7.76468117331886,4.41023553896541,-4.02677006209854
1949,-18053,-500,-6.86229565222407,3.70891970738016,-8.79436773900954
1949,-17553,-500,-9.08594405034215,3.74693219827996,-6.06521770963338
1949,-17053,-500,-10.9789668481758,4.09399683814169,-11.2432868123606
1949,-16553,-500,-10.1474422903622,6.05569561762346,-12.9380801179805
1949,-16053,-500,-10.3252975823603,9.37649424676001,-10.3080917222141
1949,-15553,-500,-11.9611122662754,9.01544125778631,-11.5029002574548
1949,-15053,-500,-11.1864884489868,9.8342087283139,-11.4090592901029
1949,-14553,-500,-13.9360684567303,9.56037839103617,-12.0105657707068
1949,-14053,-500,-12.753639451572,11.8262623969066,-15.3560706985576
1949,-13553,-500,-15.551971125902,14.3633270329223,-12.7051575598499
1949,-13053,-500,-15.7206258201832,17.8061300642021,-14.4858498061978
1949,-12553,-500,-16.3016746844357,20.3926531492927,-14.3380606645858
1949,-12053,-500,-16.3419604591604,21.6159206907156,-16.6849608449052
1949,-11553,-500,-19.4800342769759,25.1509793405132,-19.0025470887228
1949,-11053,-500,-17.3182968165889,29.9794030650134,-16.4353449010513
1949,-10553,-500,-18.5773028393753,37.3934230697863,-14.1345221784506
1949,-10053,-500,-22.2885667909283,41.3112805634735,-19.4812665862142
1949,-9553,-500,-18.181817978701,46.9890979980846,-15.8532087781495
1949,-9053,-500,-19.4359165423702,54.3706985517555,-13.6267742994916
1949,-8553,-500,-19.6809634547858,62.6761307179099,-7.14661145263266
1949,-8053,-500,-19.5391099939013,72.3774513541509,-4.28059461354171
1949,-7553,-500,-14.4484380218531,83.6282484794252,0.208490870438433
1949,-7053,-500,-11.2314526493812,91.2090180669054,12.3300388701783
1949,-6553,-500,-4.88130199804544,102.891145640981,20.3802428817678
1949,-6053,-500,2.19707337153949,110.027146367496,32.8306725891329
1949,-5553,-500,11.5183734252899,112.862968551993,51.4206438142063
1949,-5053,-500,17.9728876422031,118.474498763303,68.1590639406494
1949,-4553,-500,30.3322354779408,118.917520890789,84.3054188461578
1949,-4053,-500,33.060461304922,112.293090683367,99.6206723244689
1949,-3553,-500,39.0008820957076,105.949254693899,114.724555776692
1949,-3053,-500,43.9549653987291,98.1211005043801,130.620770659007
1949,-2553,-500,42.0932635202383,88.6022128435915,137.914781535276
1949,-2053,-500,35.8033967961928,75.3804671064413,147.825819131727
1949,-1553,-500,31.3986171786151,64.8589944604366,152.449541733489
1949,-1053,-500,23.9616031633331,51.3735981438582,158.165687371642
1949,-553,-500,17.5988340945902,43.9652474167364,171.567355699408
1949,-53,-500,8.62621015005505,28.75657429491,173.545628184096
1949,447,-500,1.88279843929717,15.2332437605868,181.467577796253
1949,947,-500,-8.63499036189993,0.466766538751856,189.230217648224
1949,1447,-500,-20.505839673622,-17.7425800752174,193.841705104871
1949,1947,-500,-30.9679542574905,-33.7152523501352,196.6030295579
1949,2447,-500,-44.3255846876277,-53.945750238544,192.729420420073
1949,2947,-500,-56.1473695759993,-72.2188257991097,182.591556608092
1949,3447,-500,-67.1259056690523,-88.7257181623621,178.011646891191
1949,3947,-500,-76.8242715334123,-98.617343081162,165.068059084006
1949,4447,-500,-82.4634253670562,-110.924991666504,142.078077049419
1949,4947,-500,-89.3566260765485,-120.491683121666,127.359970472736
1949,5447,-500,-85.6681125168485,-121.347619225424,104.024910802598
1949,5947,-500,-87.1263663038242,-122.269047610859,86.1404471805229
1949,6447,-500,-83.2105078365023,-120.914526094873,62.6767641829097
1949,6947,-500,-77.4075057164567,-115.938700515867,46.8088525869849
1949,7447,-500,-69.953200757048,-105.59565741869,30.0356033558524
1949,7947,-500,-66.1192919013507,-95.1031747834215,18.6641511179834
1949,8447,-500,-58.9151708222357,-85.1208017120697,7.35132207223601
1949,8947,-500,-52.6548096872815,-76.5001342762666,1.08538339054425
1949,9447,-500,-46.7605209589447,-67.1642679974993,-2.33342450327777
1949,9947,-500,-45.8412991504418,-59.769223574399,-4.73075547447783
1949,10447,-500,-37.6261919649827,-52.8100955891101,-11.653330147196
1949,10947,-500,-33.7609727504638,-45.1933125577339,-9.761505014154
1949,11447,-500,-31.2624419914962,-40.4891001243078,-13.1554363520142
1949,11947,-500,-27.64606565932,-34.772708190812,-10.631077343402
1949,12447,-500,-23.9481397787247,-29.3494344171707,-12.2752791073012
1949,12947,-500,-23.6275526973187,-28.7246612965645,-9.74720181330022
1949,13447,-500,-24.2217034600496,-26.5430703463875,-10.8693490201407
1949,13947,-500,-19.49079225724,-21.668914373096,-11.2542211741125
1949,14447,-500,-20.2280130984927,-17.9422993358535,-11.6052338459486
1949,14947,-500,-16.7346083209015,-17.0009603528303,-7.8547202936586
1949,15447,-500,-14.457427056612,-15.5709032128959,-6.18928651423856
1949,15947,-500,-14.1116166764934,-14.4479113038121,-10.4998445341666
1949,16447,-500,-11.4180142424136,-12.9855789947539,-11.8243960441117
1949,16947,-500,-10.2471126743438,-12.0445289600653,-5.92867575276126
1949,17447,-500,-10.8938047083273,-9.81505552713823,-6.01474749098701
1949,17947,-500,-7.51063796518697,-11.5361513210459,-8.60269232774752
1949,18447,-500,-12.7816942278021,-8.04139036796512,-3.66356868016876
1949,18947,-500,-7.49279494967008,-7.60961254902854,-8.15807951172487
1949,19447,-500,-7.18470176240696,-8.37795046372771,-5.23116901284703
1949,19947,-500,-7.77213261762217,-6.92163437387587,-4.45932995185057
2449,-20053,-500,-7.42965828819268,2.28618483136271,-7.42698343920762
2449,-19553,-500,-7.22542383787692,0.141935348744999,-7.49499113442901
2449,-19053,-500,-5.55923869140001,1.13785139077712,-6.74251931788874
2449,-18553,-500,-5.92061834350577,2.74227853237553,-6.96446669568115
2449,-18053,-500,-8.66778746263418,4.28210142960726,-6.61118728434326
2449,-17553,-500,-8.48018177781586,2.44801780296907,-7.24957775354733
2449,-17053,-500,-10.7263554893837,6.98487098671892,-9.33100692546337
2449,-16553,-500,-10.040550750106,5.93846351077297,-6.25190567135327
2449,-16053,-500,-9.24116109457913,7.99926795040002,-10.2000214504823
2449,-15553,-500,-8.9871397601364,6.6258737343758,-10.3230308495299
2449,-15053,-500,-11.6002196349139,10.0234855070183,-11.1403911327871
2449,-14553,-500,-10.8026616681785,8.8297935056048,-10.3765389022304
2449,-14053,-500,-15.0798590668153,10.306150708404,-14.8090661714545
2449,-13553,-500,-16.6054857060738,14.759557754188,-14.1664723578655
2449,-13053,-500,-19.2003522652494,14.4378130111769,-15.5308162078676
2449,-12553,-500,-15.7745818003615,21.703825229951,-16.0889904965564
2449,-12053,-500,-17.7938371330511,21.3613822469117,-16.8309593732
2449,-11553,-500,-21.0666748335727,27.939056393033,-15.408562308978
2449,-11053,-500,-18.8093569244731,29.641257505635,-17.481843825185
2449,-10553,-500,-22.0505120144372,35.5375002640965,-17.3337152968764
2449,-10053,-500,-24.4150208368697,37.9414118070281,-19.6732054600533
2449,-9553,-500,-23.689972893688,47.451512130974,-15.946296280158
2449,-9053,-500,-24.9856215868518,56.3387910237368,-11.8110143567685
2449,-8553,-500,-24.0426440261494,64.8700340505734,-12.7585695377626
2449,-8053,-500,-22.5534485849659,72.9035702202133,-5.33251280615423
2449,-7553,-500,-18.8581099345876,85.2709736205304,5.22344290508099
2449,-7053,-500,-14.6904860872905,96.4287761477171,13.0934563386997
2449,-6553,-500,-10.7110096902248,105.011641223684,26.6808110925005
2449,-6053,-500,-3.2263772172608,116.472997030816,49.2648208187093
2449,-5553,-500,5.14842546481683,124.141502685055,66.6704533985875
2449,-5053,-500,13.5312918407062,125.298731052161,84.4953531984825
2449,-4553,-500,23.8522962545566,124.372922990567,105.644311262282
2449,-4053,-500,31.9291313097334,120.603201413768,130.604203124681
2449,-3553,-500,37.2530680791447,106.813084286358,138.457666871421
2449,-3053,-500,40.1411762324736,99.1350643565975,159.044246859951
2449,-2553,-500,41.1359773624951,86.806676054142,170.514790135632
2449,-2053,-500,38.4946278456102,74.5294938712409,179.762647096022
2449,-1553,-500,36.0226891513365,60.8574706770644,190.100483784139
2449,-1053,-500,27.7816193333131,48.1009369805102,191.06294329107
2449,-553,-500,23.8093145751079,31.2959328978327,196.686364832269
2449,-53,-500,12.6151210960164,20.4463201763669,203.076872970036
2449,447,-500,1.91712219400057,7.08660763237973,208.393069307082
2449,947,-500,-7.20772225398616,-12.2828042064202,211.805740276728
2449,1447,-500,-20.8754776470512,-30.7168152794437,209.81715420402
2449,1947,-500,-32.5894345538264,-47.492941959874,207.312845594936
2449,2447,-500,-49.0575715116507,-66.750997344014,196.716058040063
2449,2947,-500,-62.4001712905883,-85.1750565374828,185.408521565093
2449,3447,-500,-77.7822024071096,-97.103043730852,169.509260672313
2449,3947,-500,-88.3949164582874,-108.769523852992,152.793514906747
2449,4447,-500,-93.7331593033827,-115.084916653237,133.543883558017
2449,4947,-500,-96.0698206188492,-118.922242435225,112.497950574919
2449,5447,-500,-95.984438678682,-122.106748066961,92.457798936346
2449,5947,-500,-93.5756625424662,-118.928138778945,66.2598045185715
2449,6447,-500,-86.6612057527692,-113.974749101016,53.4791802249447
2449,6947,-500,-82.1323211337837,-106.473744112831,35.8219267255917
2449,7447,-500,-76.0302428396389,-97.4331977729011,23.4317410997241
2449,7947,-500,-70.5948415078403,-91.4483687313013,9.79586319940633
2449,8447,-500,-63.1828569284835,-79.9496508505976,3.62516439617741
2449,8947,-500,-59.4811209191952,-71.3125740617599,-3.86478556843447
2449,9447,-500,-50.2725465900756,-58.9438111214811,-7.3462679557515
2449,9947,-500,-44.9806843477361,-52.9043344514388,-14.5230015298185
2449,10447,-500,-40.1935392252022,-47.4186995801054,-12.87894339405
2449,10947,-500,-36.0457871399455,-41.3080325951731,-13.3894722892512
2449,11447,-500,-30.4399531482517,-34.9473975840982,-12.218777519829
2449,11947,-500,-28.296662751356,-33.1785063151027,-12.7719581594493
2449,12447,-500,-29.7558126743994,-29.9042892029267,-13.9769908441731
2449,12947,-500,-24.3815089959858,-25.0649462493396,-10.5617069759128
2449,13447,-500,-22.3529505686277,-21.4301098007258,-12.5333522038554
2449,13947,-500,-20.1503575572359,-19.3496663976383,-12.9169855481514
2449,14447,-500,-17.7503916288547,-18.204379049481,-10.4543345292131
2449,14947,-500,-16.2848663421072,-18.4444817853497,-13.9407000116407
2449,15447,-500,-16.1927929776039,-13.338939624025,-11.7588472955301
2449,15947,-500,-12.7557755269368,-11.3220010007753,-7.29539301806047
2449,16447,-500,-12.1920820783783,-10.7439157092885,-8.29362283458562
2449,16947,-500,-13.1347911994685,-11.027956928738,-7.21321157828203
2449,17447,-500,-11.4042752959399,-11.6048269019478,-9.62714195721901
2449,17947,-500,-8.22385992275606,-6.69615300827524,-4.90522653255743
2449,18447,-500,-9.08554413515736,-9.09334665324545,-5.99470373603779
2449,18947,-500,-9.36489965672876,-8.60704453005173,-3.08086694458109
2449,19447,-500,-9.30479771069578,-6.2405953008829,-5.38899754834342
2449,19947,-500,-8.89353989510872,-3.61202099855725,-5.14161859501409
2949,-20053,-500,-8.88927346734038,1.44543018423752,-9.51594085301966
2949,-19553,-500,-5.68924484441153,1.87918540213489,-6.32846570413661
2949,-19053,-500,-7.91254069449065,1.12185854806026,-6.25040545270926
2949,-18553,-500,-8.42456208657783,-1.5082556696533,-9.94483428918549
2949,-18053,-500,-11.2374994447594,1.03025531246065,-6.87153650441097
2949,-17553,-500,-8.16016939741554,3.54353445596875,-8.73462047001527
2949,-17053,-500,-11.6243197773549,2.12085634558296,-9.36341382522161
2949,-16553,-500,-11.121514440166,7.27743837001175,-11.4212919342345
2949,-16053,-500,-10.4565943001415,4.12902952709532,-14.8760983527098
2949,-15553,-500,-11.8599487226979,6.47153206949065,-14.0125979611846
2949,-15053,-500,-13.2253686108215,7.56955158986852,-10.4408862141453
2949,-14553,-500,-13.8187661530512,9.17513332123895,-14.2017241488028
2949,-14053,-500,-13.3531938530712,9.27614622049552,-16.4758537674063
2949,-13553,-500,-14.6699332620771,14.3676384857849,-14.3500664921195
2949,-13053,-500,-17.5107614321489,14.1937749639835,-13.2256810748326
2949,-12553,-500,-21.2491979591946,17.9555097061846,-15.7660925624036
2949,-12053,-500,-21.6343804030757,21.2154181801837,-14.7685735944434
2949,-11553,-500,-19.2084453623299,22.6339654145868,-13.074472566949
2949,-11053,-500,-21.8055437338528,28.5384154555093,-16.2660554697574
2949,-10553,-500,-22.7034680633457,33.49079021147,-17.5252862992341
2949,-10053,-500,-24.6468799588934,41.5375849029342,-19.1433572897835
2949,-9553,-500,-24.5150841591443,48.7960467340164,-15.6137060784019
2949,-9053,-500,-24.7116527058338,53.49089203278,-10.4716857201444
2949,-8553,-500,-25.0686804091361,62.7501985854868,-4.90676669660078
2949,-8053,-500,-27.4257239763005,74.9740134351583,0.690594629368606
2949,-7553,-500,-26.8856366292148,88.4339052066762,6.59099920462761
2949,-7053,-500,-23.5956850065335,101.242356841197,17.8720223934773
2949,-6553,-500,-19.4266104871494,113.650464590947,32.6558158313397
2949,-6053,-500,-12.859416783631,124.901197019831,51.2337261429403
2949,-5553,-500,-7.59017395766466,131.352927640745,78.1660187651771
2949,-5053,-500,3.86722975099712,134.913658311842,101.330609739592
2949,-4553,-500,11.3349305866611,132.743881197553,129.050854885425
2949,-4053,-500,19.5860850050314,125.061662338143,156.432602122954
2949,-3553,-500,22.490035833066,112.941852843996,172.253325067454
2949,-3053,-500,27.4569820965607,99.875213169145,194.423656393775
2949,-2553,-500,27.428235867702,86.1411702849845,205.123386651677
2949,-2053,-500,28.7820541007139,70.4385836602216,211.930341293704
2949,-1553,-500,23.7232515236353,55.4141093883512,222.254991554838
2949,-1053,-500,17.5089787551485,40.4757097119888,228.06333565699
2949,-553,-500,9.80132204873429,25.553288484862,230.376684177723
2949,-53,-500,4.21236358014132,10.9761044476032,233.624496805527
2949,447,-500,-8.14598566449819,-6.78053483810659,235.855862088164
2949,947,-500,-15.4242325050118,-22.1938283620337,230.90120779972
2949,1447,-500,-30.4707040369279,-44.0101335456827,229.109559447516
2949,1947,-500,-46.3361257956884,-61.915870233307,219.037162790141
2949,2447,-500,-58.4979997842238,-82.9861067345443,205.351585964607
2949,2947,-500,-75.6881412237173,-96.8192105571552,185.251616169603
2949,3447,-500,-86.5107065239662,-108.887697612006,164.696602865833
2949,3947,-500,-97.9362247564574,-117.918375855253,139.217038219479
2949,4447,-500,-101.649181725863,-120.411416612648,117.16830669794
2949,4947,-500,-105.59717596373,-123.088479139749,96.0547823087067
2949,5447,-500,-102.232864842218,-120.98596963111,75.7598480072574
2949,5947,-500,-103.889996517691,-115.423129588068,57.7437445299448
2949,6447,-500,-95.4324436147575,-110.286109789664,39.8905061924506
2949,6947,-500,-86.8996966408826,-101.353949421638,23.7577585797056
2949,7447,-500,-79.5553927788112,-91.0679797597781,16.620122991237
2949,7947,-500,-73.2557190943529,-84.8213681509384,3.18077553987264
2949,8447,-500,-64.8292637935976,-72.8608550676429,-3.6845869167158
2949,8947,-500,-58.9682242435274,-64.3306685918386,-7.65446820110691
2949,9447,-500,-51.0187819440041,-55.1937607238433,-9.94365627052971
2949,9947,-500,-47.231077235914,-47.40305327927,-15.9385035120531
2949,10447,-500,-41.7530637993605,-42.6579462662073,-16.5573730998697
2949,10947,-500,-38.0259090389791,-37.7750357627417,-14.505710112208
2949,11447,-500,-33.7212543914097,-33.881454917325,-15.090829401094
2949,11947,-500,-31.1078343209042,-27.332850793139,-15.172748592379
2949,12447,-500,-25.9845523301275,-26.306876935582,-10.9995087554966
2949,12947,-500,-25.0468341071607,-19.7203195862669,-15.7436199054551
2949,13447,-500,-19.2941273174627,-20.1589807739022,-12.1916754191052
2949,13947,-500,-20.3585137509129,-18.71139281107,-12.8067205436587
2949,14447,-500,-19.0092298037653,-13.9989707630038,-14.7035373318026
2949,14947,-500,-17.2027823165978,-12.0762446827392,-12.4725810020128
2949,15447,-500,-14.3278161412828,-12.0890525837429,-9.95337173908274
2949,15947,-500,-12.892924526948,-14.3482973331462,-13.914662551731
2949,16447,-500,-12.8473607082658,-9.10866694142042,-8.71002678071091
2949,16947,-500,-15.7443089414806,-10.611609928373,-5.68190039492901
2949,17447,-500,-8.77781356010361,-9.20441577641253,-7.54383170456899
2949,17947,-500,-6.39978711098973,-10.2433742747222,-8.92272111440405
2949,18447,-500,-9.72615679061201,-7.27959003147229,-8.81281931325977
2949,18947,-500,-8.16484115218528,-5.4039903238098,-6.97960491936364
2949,19447,-500,-8.20392830107367,-8.38403105623886,-7.17633147370469
2949,19947,-500,-8.15080433620511,-4.98250182039835,-4.44132009152086
3449,-20053,-500,-8.64499011622333,-0.157413128304067,-4.33676296400415
3449,-19553,-500,-6.88924938197457,-1.29798603463102,-7.73504803930398
3449,-19053,-500,-5.14137471387876,1.73988279283393,-8.96547835711571
3449,-18553,-500,-6.24380011191846,3.29817167907878,-4.27959768841155
3449,-18053,-500,-9.00369358273813,5.004899616478,-7.15116502269352
3449,-17553,-500,-10.7259553573287,3.02845592803671,-9.08626629205422
3449,-17053,-500,-8.77412425237052,1.17133920103711,-10.172305401749
3449,-16553,-500,-10.8123840480416,7.85318640061202,-10.6391052102668
3449,-16053,-500,-11.7200084194819,6.05448862520913,-9.3640827922024
3449,-15553,-500,-12.1436284670535,3.79768783991328,-12.6376368098718
3449,-15053,-500,-12.9495661841376,6.80474191498717,-11.5235619522181
3449,-14553,-500,-11.4121958596172,8.22208095263743,-16.1648690057418
3449,-14053,-500,-13.9945810500257,9.17408191238674,-12.2084370821133
3449,-13553,-500,-16.1627808631641,14.1136555198109,-15.292450917968
3449,-13053,-500,-16.9545908682038,12.0951802870928,-16.9089461786469
3449,-12553,-500,-17.1484674598316,16.3870484503818,-19.3733233974644
3449,-12053,-500,-22.1159115283178,17.1499379360503,-17.2680775448771
3449,-11553,-500,-22.8274396939158,22.442296960096,-19.880596787364
3449,-11053,-500,-22.2510109511099,28.2675787315758,-17.2342205681365
3449,-10553,-500,-24.1283721745818,29.8983046821733,-19.3599746314364
3449,-10053,-500,-28.3109138832796,37.4739909475342,-19.681926222864
3449,-9553,-500,-31.168163043751,47.7480646447634,-16.6120959054676
3449,-9053,-500,-30.9884172978869,55.0283506237329,-13.984550961929
3449,-8553,-500,-33.9469628484781,64.399877101174,-10.4418057319129
3449,-8053,-500,-33.2017600713794,75.4702310443065,-3.77615549094011
3449,-7553,-500,-37.6215425636853,88.5630520635855,6.34399261467892
3449,-7053,-500,-35.9402139275225,104.210582773892,19.08184089205
3449,-6553,-500,-31.432894221243,118.833996477395,33.3550584966939
3449,-6053,-500,-26.2614088330179,129.534857213614,57.5379904093529
3449,-5553,-500,-22.7574998786903,140.026866107545,85.6349724709358
3449,-5053,-500,-16.2052604281889,141.319794045851,120.544150794676
3449,-4553,-500,-3.64071002842815,139.602236602558,150.646119583433
3449,-4053,-500,-4.27865343085523,132.026386823412,179.485059998567
3449,-3553,-500,-1.32140741635239,117.596628910402,205.439496821948
3449,-3053,-500,2.2185543980416,100.589801462831,223.79511501237
3449,-2553,-500,1.56606232526552,87.3580470613358,239.22238927983
3449,-2053,-500,-0.890465456857158,68.4139691085786,247.433920694195
3449,-1553,-500,-5.24066367057562,52.7613340375842,258.367395141332
3449,-1053,-500,-9.43793969201334,36.240749505252,261.69830910499
3449,-553,-500,-14.3382538526984,21.0213537321983,265.558798828424
3449,-53,-500,-23.3691484089747,1.37881739858913,265.660808342642
3449,447,-500,-31.7821942512135,-15.9512023486469,263.396655376393
3449,947,-500,-39.4269118077058,-34.3586902961977,257.969982051259
3449,1447,-500,-52.1901189995902,-56.7562841389202,245.172230113419
3449,1947,-500,-66.7225643085705,-75.6127711717758,230.994001360496
3449,2447,-500,-77.3928356777113,-96.2899060514948,214.524215753869
3449,2947,-500,-93.4297306934634,-114.467915399775,188.136095040319
3449,3447,-500,-101.146708919479,-120.854844261808,158.328902900452
3449,3947,-500,-108.205233667363,-124.481774527606,128.863325388268
3449,4447,-500,-112.640648888256,-127.424247374048,106.382445806774
3449,4947,-500,-113.232233248404,-123.077192671819,78.6020903608401
3449,5447,-500,-112.660411610705,-115.675340837968,56.0738728146477
3449,5947,-500,-104.771653803112,-110.722880514342,42.4267710584441
3449,6447,-500,-100.547925771976,-103.260368766571,23.1853252820768
3449,6947,-500,-90.9398200580286,-92.585093124552,12.5838241502171
3449,7447,-500,-78.9811186262462,-83.2272280231531,4.95309271688455
3449,7947,-500,-74.9948248918872,-73.6633981929626,-4.52471252034958
3449,8447,-500,-65.7040771468174,-65.1961305145375,-6.29232693748925
3449,8947,-500,-60.775850802996,-56.0224086431261,-11.5416185196472
3449,9447,-500,-51.4410751164095,-49.6811988695685,-13.6687068796443
3449,9947,-500,-49.5428937765725,-42.0591760584504,-14.0549272120752
3449,10447,-500,-41.8774565593239,-38.1618853731114,-16.9225977109231
3449,10947,-500,-37.7453687034714,-35.2228002070073,-16.5355509201062
3449,11447,-500,-31.9859520223764,-26.0065857151018,-15.454247041424
3449,11947,-500,-30.5448955113324,-26.9663388349867,-16.2136748716346
3449,12447,-500,-25.1411755408134,-21.2711040490204,-15.8634260315315
3449,12947,-500,-27.8475717211635,-20.9512728371668,-14.1753999590496
3449,13447,-500,-25.3679118641891,-17.1353980018474,-13.1137799101059
3449,13947,-500,-20.59758405276,-14.1098153421686,-12.20261011153
3449,14447,-500,-14.8037729161923,-14.7634829930952,-11.361077556949
3449,14947,-500,-17.6135911215103,-14.3525968590115,-10.8581182520305
3449,15447,-500,-16.97814065407,-12.9439173228769,-9.84793783275898
3449,15947,-500,-12.9769964620245,-10.4247618053512,-10.2209456784682
3449,16447,-500,-13.5780597931932,-11.0734393945478,-11.2805450506899
3449,16947,-500,-11.7424571423829,-7.62399416038942,-6.80376233663879
3449,17447,-500,-11.2162214035463,-8.43355028524181,-12.1125388754916
3449,17947,-500,-11.3951137711602,-8.61797914254369,-5.27449582254773
3449,18447,-500,-9.51553873429608,-6.71066620081096,-5.82815925315516
3449,18947,-500,-7.6862971674806,-5.93271638620466,-5.80477039478799
3449,19447,-500,-6.11012280121402,-6.90139921362629,-2.51889910288301
3449,19947,-500,-7.49008837755784,-4.35065134699648,-5.22724663228723
3949,-20053,-500,-4.18158651278829,2.41168419248861,-7.56922420183499
3949,-19553,-500,-8.54217336853557,0.0613296708616571,-6.72582697367477
3949,-19053,-500,-8.46963782706311,-2.00475506155749,-10.5598813651158
3949,-18553,-500,-7.14808514126696,1.86725740452561,-8.73368195971425
3949,-18053,-500,-7.79421664115833,0.965537708038509,-8.84731223027453
3949,-17553,-500,-10.5949714207866,-0.823449241968572,-7.94817591719155
3949,-17053,-500,-8.89759521808919,2.88258353593374,-9.82870275448547
3949,-16553,-500,-10.6400295933813,2.30897081047788,-10.6290767750929
3949,-16053,-500,-9.79049428874584,2.2169282821255,-12.1258200800179
3949,-15553,-500,-10.7915458103986,7.41703813829733,-11.7648173493632
3949,-15053,-500,-12.6294025182431,4.18439260087753,-13.7538883549575
3949,-14553,-500,-15.939138563844,9.11031888969537,-16.2744001499211
3949,-14053,-500,-13.124166117738,6.31770134550221,-13.4820166757811
3949,-13553,-500,-17.0923015272647,12.2134235278303,-16.6745256571679
3949,-13053,-500,-17.7921624628599,11.8418068848295,-18.7560962043332
3949,-12553,-500,-17.6242766531586,12.8000210378485,-18.4298296275183
3949,-12053,-500,-21.5201150271349,18.286229224822,-16.9679957147063
3949,-11553,-500,-23.7706604733434,21.4048935658548,-18.2440508389866
3949,-11053,-500,-27.0151337479904,24.033458812107,-15.3217070424474
3949,-10553,-500,-26.8837849143965,30.864863687501,-18.1190715202471
3949,-10053,-500,-26.6727542915459,35.2549015870475,-19.8228584086214
3949,-9553,-500,-31.9426545025693,43.8593253374734,-18.604865031663
3949,-9053,-500,-35.3903391054781,52.098025047502,-18.7742422666741
3949,-8553,-500,-37.041131317076,60.0061000730908,-11.3981675088479
3949,-8053,-500,-40.0932306270028,72.806600583354,-5.37951373704607
3949,-7553,-500,-42.7302908434742,87.6298928563072,5.50671680032875
3949,-7053,-500,-46.199325304476,104.878289739656,16.1675132431218
3949,-6553,-500,-45.7761983779507,118.125462243943,35.0302533411168
3949,-6053,-500,-46.1628563998944,133.345631284736,61.3185296345842
3949,-5553,-500,-47.774653205229,140.599178495213,97.294562621609
3949,-5053,-500,-42.0216282923103,149.217895538664,126.037327796223
3949,-4553,-500,-35.8309406843298,145.211694876751,164.91992168273
3949,-4053,-500,-38.3045908697758,135.798317555815,194.904778987468
3949,-3553,-500,-35.001937775823,120.566209868769,225.808073821074
3949,-3053,-500,-38.6964522499108,99.381549647125,243.961678164866
3949,-2553,-500,-38.9497951997302,82.8336286866535,260.834871378633
3949,-2053,-500,-43.9051494718694,68.6701612901784,271.755971109359
3949,-1553,-500,-47.2691462558779,48.4586276142193,279.684123105331
3949,-1053,-500,-50.9631128757032,30.984891068084,282.506719369315
3949,-553,-500,-56.4833133825147,14.0775539424635,286.70674079508
3949,-53,-500,-61.629170774421,-5.57829276324467,280.794251398956
3949,447,-500,-69.9213054020954,-24.7597908328665,277.953169659549
3949,947,-500,-77.1756327364018,-44.1969620171701,271.939416670184
3949,1447,-500,-84.5133905625394,-67.8583299111364,258.315391575697
3949,1947,-500,-95.5459965689096,-87.6652527874932,236.366383028211
3949,2447,-500,-104.499630024327,-107.567621099233,212.489115904334
3949,2947,-500,-113.686880325686,-122.059824636038,182.13811002985
3949,3447,-500,-120.183145989909,-130.422255475951,145.726786952722
3949,3947,-500,-122.171281332316,-129.376602863825,114.877104164486
3949,4447,-500,-127.118004794534,-126.26563065288,82.6980612681391
3949,4947,-500,-122.742804476922,-119.255044975147,56.7295599956069
3949,5447,-500,-118.047016095626,-107.4159717541,46.4319863850788
3949,5947,-500,-108.406337746975,-101.92174406151,23.6733022285741
3949,6447,-500,-101.756665213617,-90.5032666105717,10.7930646797219
3949,6947,-500,-93.2729679424504,-84.6620094828545,5.07670388429698
3949,7447,-500,-81.9533920513902,-72.463675818858,-5.38802815761929
3949,7947,-500,-72.8939882711017,-66.3107354717386,-10.6751718863884
3949,8447,-500,-66.0995544292048,-56.9870198357332,-14.3217145637943
3949,8947,-500,-58.0001002139651,-48.7410099190506,-15.6828338992436
3949,9447,-500,-54.4696315383719,-44.7191488266184,-17.1539377651205
3949,9947,-500,-44.6146350608151,-38.7716974789805,-24.9864553437366
3949,10447,-500,-42.0715469916646,-33.0247994597625,-19.6374543300325
3949,10947,-500,-33.7539836204618,-31.3637567123789,-20.445928930132
3949,11447,-500,-31.1061224181943,-24.7906272050225,-20.9217828292197
3949,11947,-500,-33.7272707929295,-23.4883193668363,-18.2761776777133
3949,12447,-500,-26.7556306085368,-17.7955450084504,-15.9429512314891
3949,12947,-500,-25.0096377558626,-18.1340639848458,-16.336281923903
3949,13447,-500,-21.1208541170243,-15.3975121790355,-15.8147814572468
3949,13947,-500,-18.1966456093435,-15.7695349981141,-12.8118541882301
3949,14447,-500,-16.8357793560248,-14.2095159558112,-12.4200718003558
3949,14947,-500,-16.0048264179654,-11.5909264635428,-7.16963762596356
3949,15447,-500,-15.1288349217708,-10.3498149603846,-10.4405498125551
3949,15947,-500,-13.8589364168079,-11.3085878790633,-7.43675331068237
3949,16447,-500,-13.5776506856675,-7.7423054298114,-9.36374443803346
3949,16947,-500,-12.1056306491017,-7.89718418225237,-7.15381071247387
3949,17447,-500,-10.5079192329318,-7.01956332687509,-6.5742863448175
3949,17947,-500,-8.80287444049653,-7.68802280651561,-8.01942144814342
3949,18447,-500,-9.25393379831316,-5.91628176019293,-9.45916734059768
3949,18947,-500,-7.28950500265011,-5.51657852995994,-4.88489557998078
3949,19447,-500,-6.56572255567428,-6.34262534272061,-3.91416623960326
3949,19947,-500,-7.41781911125132,-5.76851413863127,-4.45877652074257
4449,-20053,-500,-7.32250776418171,-0.751391230269519,-8.73944028942807
4449,-19553,-500,-6.3461343979662,-1.42822879874216,-8.05644594139711
4449,-19053,-500,-7.5057450827191,-1.95108557556059,-8.13049732848577
4449,-18553,-500,-8.81705315935549,0.294274106865077,-3.82304965011231
4449,-18053,-500,-8.43500568746466,1.99505044225823,-6.22625516993269
4449,-17553,-500,-5.48408075444904,0.0511854818586375,-11.2994118760922
4449,-17053,-500,-13.4828752836939,1.73209799350435,-9.22952221976776
4449,-16553,-500,-9.6986852155535,1.43386970625775,-15.4793094907565
4449,-16053,-500,-8.70278024290522,3.30733006224102,-11.6304538309945
4449,-15553,-500,-10.7485623902421,3.29552945748357,-12.4560949825921
4449,-15053,-500,-12.5646557496942,5.54010019519743,-10.5774373512037
4449,-14553,-500,-13.0908822451079,6.40104830554178,-13.0798093687224
4449,-14053,-500,-15.4051491418151,7.16701061778923,-16.1553764593612
4449,-13553,-500,-18.9155046718309,8.27482606008342,-15.8186978581233
4449,-13053,-500,-16.064735479721,9.54471768112624,-16.2656622989219
4449,-12553,-500,-19.6503305175478,13.7398219641564,-18.5664396495788
4449,-12053,-500,-20.4635719014745,15.6524745302866,-14.7361857262565
4449,-11553,-500,-23.2822123365922,18.2394353938508,-17.7118500476607
4449,-11053,-500,-27.8661815093375,23.4964168170196,-21.4879839202333
4449,-10553,-500,-27.3804469686295,27.1957425783018,-20.9270525440426
4449,-10053,-500,-29.6021539958801,32.1582578119264,-22.7464281558433
4449,-9553,-500,-36.7961231787598,38.5847743582763,-19.9864997384409
4449,-9053,-500,-35.3607100006415,48.1752050788416,-16.5538339420389
4449,-8553,-500,-40.9864710822743,60.1178200966103,-17.9582640391645
4449,-8053,-500,-47.5114029772077,71.7275805410893,-6.95562985456486
4449,-7553,-500,-51.1298410544901,84.3876438088368,0.863475134213157
4449,-7053,-500,-60.1779098947743,99.4177028648355,17.3825713308076
4449,-6553,-500,-61.2848117263567,117.531864967948,27.6482230433479
4449,-6053,-500,-68.4046855920213,132.763929041768,61.0489745686528
4449,-5553,-500,-69.5320572807234,142.548646507038,96.1011102572855
4449,-5053,-500,-72.9204423052704,147.732290920726,127.176212885926
4449,-4553,-500,-75.9902723574306,145.269305846794,166.199753425937
4449,-4053,-500,-79.0282477012485,134.313083597719,203.460963127727
4449,-3553,-500,-84.2589360519578,119.345528024901,231.367991683537
4449,-3053,-500,-86.5765798666817,96.7277362691721,252.786811389407
4449,-2553,-500,-92.280547825574,78.5776986284852,272.956707570753
4449,-2053,-500,-96.2389609242099,63.2361893659312,273.693537324555
4449,-1553,-500,-103.109746201448,44.3870866729332,286.104664940158
4449,-1053,-500,-105.285773489794,25.1912421193099,290.291711038145
4449,-553,-500,-108.748469242444,7.97847306395163,290.488805765349
4449,-53,-500,-114.636951065966,-8.99776530050365,286.32415342792
4449,447,-500,-117.11457567221,-29.1897478291537,281.683721306519
4449,947,-500,-124.980655369398,-49.7183598895821,271.914769909424
4449,1447,-500,-127.169407929387,-73.5685824384439,255.851808417491
4449,1947,-500,-132.344432343824,-94.0259824372065,234.428523737656
4449,2447,-500,-137.081921369105,-115.994893965406,201.414888488032
4449,2947,-500,-136.398495032622,-122.463139416949,171.165628662759
4449,3447,-500,-137.396126760692,-133.424342620698,130.684819512336
4449,3947,-500,-137.393840016379,-129.509678755203,99.2586583429717
4449,4447,-500,-134.878747642297,-122.869438456086,62.8295230196832
4449,4947,-500,-127.291464939568,-112.69565839312,42.8863870156464
4449,5447,-500,-119.252861006942,-103.605186744205,22.6652501079237
4449,5947,-500,-111.003756708143,-95.0062971667825,10.5958634442992
4449,6447,-500,-102.353409751326,-82.6554694418724,-1.48890976594905
4449,6947,-500,-91.276092076033,-74.530856664844,-7.06704248204673
4449,7447,-500,-79.8934284273039,-65.8514670079487,-11.8993930503299
4449,7947,-500,-71.5432332536079,-54.8238489444447,-20.3452137116841
4449,8447,-500,-65.8784481938421,-49.9061245202073,-23.3904041390884
4449,8947,-500,-56.3096136568647,-43.0931105219786,-18.7438534972392
4449,9447,-500,-50.2154739522714,-37.9690350315929,-22.8040910802191
4449,9947,-500,-45.5290824892226,-32.4945420039296,-21.8390402890111
4449,10447,-500,-40.6356030412575,-27.3811931458145,-22.8732418200004
4449,10947,-500,-36.5034374198505,-24.5272218171216,-20.5315598035523
4449,11447,-500,-34.6143648049501,-19.2261150337995,-20.4516186635108
4449,11947,-500,-29.6954619905765,-18.6471984420015,-17.6411269841701
4449,12447,-500,-26.2776940223785,-15.8740212421771,-17.0447567057307
4449,12947,-500,-23.7535471940575,-15.7003008397957,-14.0519149760733
4449,13447,-500,-20.6670152706645,-13.7696262395002,-15.6915720866201
4449,13947,-500,-20.1104214359354,-10.1875792984849,-13.9030478330329
4449,14447,-500,-16.2730549713962,-14.3998012959441,-14.9409218698825
4449,14947,-500,-16.2009079755173,-10.8934930990999,-8.44577408951897
4449,15447,-500,-11.7465078396033,-8.96048324563735,-11.1347995179514
4449,15947,-500,-14.2993295953524,-8.43575293648955,-11.640286123518
4449,16447,-500,-11.4320370275981,-7.7999385949564,-10.3488664314395
4449,16947,-500,-10.8334358495041,-6.01331435174174,-10.9974249729207
4449,17447,-500,-10.243703551843,-6.97225137136988,-12.1907470770885
4449,17947,-500,-9.22594557227653,-5.18150560089147,-7.76078337665765
4449,18447,-500,-12.3910737864149,-4.03241286040448,-8.65695773723682
4449,18947,-500,-6.30817899999878,-2.2103841859981,-4.21587901296132
4449,19447,-500,-9.84329263412353,-3.66249695494947,-9.12871623509781
4449,19947,-500,-7.46633357237393,-5.52068842485775,-4.33751572805424
4949,-20053,-500,-7.5625471103993,-2.15265012309093,-7.14748652082883
4949,-19553,-500,-7.20598784545766,-0.680864059894379,-7.84315840334744
4949,-19053,-500,-6.70731036529553,-3.2671856393153,-3.41378933725823
4949,-18553,-500,-7.04512675876848,0.238620335173759,-5.96438918099435
4949,-18053,-500,-8.40593052965663,-0.426758342829188,-8.03964600422956
4949,-17553,-500,-5.68058563983402,1.04875127769395,-7.64735044515995
4949,-17053,-500,-8.9132521448856,0.0615972236190396,-8.24417140717636
4949,-16553,-500,-11.4239659700416,1.6130827504245,-9.95777808803928
4949,-16053,-500,-12.9425979118699,1.06403641358706,-16.7837058473508
4949,-15553,-500,-11.1160740154634,1.45673572640332,-13.744996862657
4949,-15053,-500,-14.6014522610036,4.28394549679087,-12.5523354183174
4949,-14553,-500,-13.836079938583,5.35811119104054,-13.1771454602252
4949,-14053,-500,-15.9714842408936,7.47828004360086,-13.375578019776
4949,-13553,-500,-16.9398712871208,9.45339701823722,-16.8890060528476
4949,-13053,-500,-16.7462448431507,9.22994428443604,-14.5916954791236
4949,-12553,-500,-20.0118285536387,11.0947525144027,-18.2463568687578
4949,-12053,-500,-23.2566717119736,12.4286730084295,-18.8708420603623
4949,-11553,-500,-25.7103765864231,14.6148319524236,-24.0808599832953
4949,-11053,-500,-27.3436175951959,21.3948224650312,-17.8068284953785
4949,-10553,-500,-30.0848152231798,23.4185337495206,-21.6203295744727
4949,-10053,-500,-32.9410735302486,28.6006514835228,-22.2015560851935
4949,-9553,-500,-39.1183389599535,33.9662035201968,-18.2909007635255
4949,-9053,-500,-42.3319756587551,41.8260094439124,-18.2637988838645
4949,-8553,-500,-47.3795325931196,54.4132653323606,-19.5056418281196
4949,-8053,-500,-53.65180846271,64.0356027295994,-10.5802179733088
4949,-7553,-500,-59.9581264466057,77.6693250995718,-2.76928246932946
4949,-7053,-500,-68.6326983496925,92.5222779657899,3.79498562726164
4949,-6553,-500,-76.9863526171833,110.230383958652,23.7095138732175
4949,-6053,-500,-84.3725624767152,124.939258209994,49.2688975276059
4949,-5553,-500,-96.6575317424165,135.873562697772,82.3325577220463
4949,-5053,-500,-104.301270491634,143.171129901096,118.335824763858
4949,-4553,-500,-114.579923450389,136.799988045781,153.900157421634
4949,-4053,-500,-124.250659794914,128.055222901637,190.58206981149
4949,-3553,-500,-131.430888710083,112.531783827352,219.627630314718
4949,-3053,-500,-140.475503667847,94.8637756917189,240.381767500958
4949,-2553,-500,-147.962455977008,73.754522445668,258.787234151016
4949,-2053,-500,-153.403519192395,53.7653729012285,265.408807724284
4949,-1553,-500,-158.430983506504,36.90874784344,269.425078654311
4949,-1053,-500,-163.012372224157,18.6224627921329,274.059017516132
4949,-553,-500,-167.069025253403,2.42683632857406,274.381517255242
4949,-53,-500,-169.589782905478,-14.7930782569787,266.292179947894
4949,447,-500,-173.287143136951,-33.2319750867903,265.247561017785
4949,947,-500,-174.992040306871,-51.917642300853,248.919246585283
4949,1447,-500,-172.389793485293,-75.5406460463564,235.042659605945
4949,1947,-500,-168.934786707361,-92.0099564668011,214.068578131874
4949,2447,-500,-167.613260032896,-112.069734796033,182.672979967814
4949,2947,-500,-161.838398745081,-123.347640683996,146.619100091568
4949,3447,-500,-156.240070395526,-126.303543986373,109.459273176947
4949,3947,-500,-148.953065368143,-124.25126170299,76.0181587347605
4949,4447,-500,-141.024507909091,-114.493073252959,48.3825773986563
4949,4947,-500,-130.31412763867,-105.647903496281,24.6986602904869
4949,5447,-500,-120.549485730291,-94.199601769259,9.35669704944271
4949,5947,-500,-108.149749306535,-81.9638019959409,-2.34318263514565
4949,6447,-500,-102.337699388088,-73.6623193779892,-13.0445030967077
4949,6947,-500,-91.5749001580678,-67.1572257188807,-17.7244835417237
4949,7447,-500,-78.1289613342952,-55.1018160621793,-26.3307178199676
4949,7947,-500,-69.9414899317448,-49.0419347606399,-22.3133724412211
4949,8447,-500,-62.7659518321372,-41.7827702792248,-25.8397059562992
4949,8947,-500,-57.2502300370359,-38.5417317818205,-25.0865378910322
4949,9447,-500,-49.5915027777733,-31.8656161366687,-26.4120568617713
4949,9947,-500,-42.2663009497261,-29.0821048342755,-27.3605403965611
4949,10447,-500,-40.4214721599832,-22.8297023138859,-22.8263787482845
4949,10947,-500,-34.9639933127859,-22.7933627574663,-21.9482949103221
4949,11447,-500,-32.5653667564931,-17.6831562969923,-20.8503372373928
4949,11947,-500,-29.4413125499564,-18.2188179352629,-20.4765161861228
4949,12447,-500,-28.2553282822717,-15.2942217834388,-11.8802730669925
4949,12947,-500,-21.7959334815383,-14.2703853170391,-14.2438440264835
4949,13447,-500,-20.7180456389772,-12.3836262837972,-17.090068801339
4949,13947,-500,-18.4402163439631,-10.0553380494432,-14.4518714075125
4949,14447,-500,-17.396001458526,-10.2981905621285,-11.0734933156831
4949,14947,-500,-18.5652629361465,-8.61507552448045,-10.9516823274881
4949,15447,-500,-14.903806768645,-9.04648882050491,-13.6386280445373
4949,15947,-500,-12.8178470860826,-5.53334324688029,-10.9260431142879
4949,16447,-500,-12.3074724856781,-8.37573449538241,-10.2062201521312
4949,16947,-500,-9.28929149599744,-7.22476184341934,-6.67770226814489
4949,17447,-500,-11.195696006541,-4.99379293200192,-6.59215776112617
4949,17947,-500,-9.46918357694863,-3.02633265301044,-9.21590833897898
4949,18447,-500,-9.66865719227996,-4.03339528129689,-8.17277917145176
4949,18947,-500,-8.21720278126399,-3.23650814074516,-7.99758094194323
4949,19447,-500,-8.28663493028793,-5.5022693800645,-4.19943615006115
4949,19947,-500,-4.82664509109782,-2.46101060772672,-6.02112198030235
5449,-20053,-500,-7.75398744354384,0.0822809929167292,-4.54987606801715
5449,-19553,-500,-5.88101599668772,1.18119626893905,-7.35308693017245
5449,-19053,-500,-6.42642241752922,-1.45322790743416,-6.68697597088962
5449,-18553,-500,-9.79089417666366,0.221278787203673,-9.91632662794536
5449,-18053,-500,-9.81943073167876,-0.559071105285025,-6.25774128964923
5449,-17553,-500,-7.66261715092597,0.442866030628661,-9.58617707751251
5449,-17053,-500,-10.3856348973055,0.189290630108533,-8.8695549604665
5449,-16553,-500,-10.8989050541174,0.501159147037551,-13.0385488442435
5449,-16053,-500,-8.47721039016284,1.55817041603407,-9.62976683984209
5449,-15553,-500,-10.0831289719206,1.42974503578641,-12.99895205919
5449,-15053,-500,-14.1042977532671,3.40477348369257,-18.1262182623888
5449,-14553,-500,-13.1066697510982,3.82954686939934,-14.8238054766624
5449,-14053,-500,-14.7590243557976,4.7949402340014,-15.2144988649949
5449,-13553,-500,-15.0778515883378,3.32879748199589,-17.0456737640896
5449,-13053,-500,-16.5570585478465,8.44914416951859,-18.6981080957567
5449,-12553,-500,-17.6743552981077,9.73458024514711,-19.0998973837249
5449,-12053,-500,-23.4616193378344,8.76420111823638,-20.8418437132369
5449,-11553,-500,-24.0753367778665,14.210547854646,-21.7087556525263
5449,-11053,-500,-29.3997526785766,15.5914410748347,-22.6756068272457
5449,-10553,-500,-32.0184736480935,18.0730502480994,-25.17450529858
5449,-10053,-500,-33.64739478023,25.275389851404,-25.3696241172981
5449,-9553,-500,-41.4578886543531,31.2670526689097,-23.2902304992369
5449,-9053,-500,-43.8943277520444,37.5412133054131,-26.4261665791042
5449,-8553,-500,-47.9372860600452,46.3406394695175,-20.3724873475094
5449,-8053,-500,-58.4017129283323,58.0978042220707,-18.6527241739679
5449,-7553,-500,-68.9974821825789,68.9008188735244,-10.0975424259944
5449,-7053,-500,-75.7125152395912,81.8470303498952,-3.51274864946714
5449,-6553,-500,-87.3070231631721,102.826298551185,17.4457981146642
5449,-6053,-500,-101.048263156011,113.373085512214,35.3098367784569
5449,-5553,-500,-116.740635564452,122.709734616957,62.1610776570148
5449,-5053,-500,-134.680188060619,128.795904168161,95.6176862369368
5449,-4553,-500,-149.786319908427,125.342578005994,127.640036076161
5449,-4053,-500,-162.184590750359,118.232973981001,159.55919904752
5449,-3553,-500,-176.930323321371,100.897104575533,190.424870252081
5449,-3053,-500,-185.043046858117,84.4184054773271,203.179045258136
5449,-2553,-500,-197.00030627451,68.705720091841,216.797775317247
5449,-2053,-500,-204.529382746685,50.7373614415226,228.171871079615
5449,-1553,-500,-210.296963137516,31.239014265136,232.705870109783
5449,-1053,-500,-214.03761607801,18.3769274465214,232.128912680688
5449,-553,-500,-216.984468341352,0.698165023692419,233.115930589751
5449,-53,-500,-217.779505183056,-14.8237706862746,228.731834707357
5449,447,-500,-216.460277750751,-32.8485523431242,220.4536959844
5449,947,-500,-215.039560098489,-51.8630083403436,210.902379109805
5449,1447,-500,-208.925779425684,-72.1746266902252,195.451837567223
5449,1947,-500,-202.184628209276,-89.176942251005,175.202353042902
5449,2447,-500,-193.444875941207,-105.295236797372,146.815613270686
5449,2947,-500,-183.477339418167,-117.029571654755,114.103164491009
5449,3447,-500,-171.002124330266,-117.897634024729,82.2872164393292
5449,3947,-500,-159.082788812716,-111.130008518694,52.9912967284398
5449,4447,-500,-145.41496084038,-103.938940471422,26.3341894095662
5449,4947,-500,-130.800524813532,-94.0211469251448,7.58402117028366
5449,5447,-500,-120.659980297857,-81.7026108574109,-6.0059238176364
5449,5947,-500,-102.90613822163,-71.871500384305,-13.8728306610928
5449,6447,-500,-94.3191124485964,-64.4371540208002,-20.2315752547067
5449,6947,-500,-85.8659187744183,-54.1395149242722,-28.9201775183912
5449,7447,-500,-76.4284925577756,-48.3522808326747,-29.6955606292928
5449,7947,-500,-65.7836176992295,-39.6082917589491,-28.6242851963046
5449,8447,-500,-58.1179448403855,-33.283762484895,-30.3925054047208
5449,8947,-500,-50.3174365699901,-31.318089936579,-30.8746016445172
5449,9447,-500,-47.7119086705968,-26.9228884355577,-28.4162788309107
5449,9947,-500,-44.5546742473103,-23.2849357074375,-23.5526381834577
5449,10447,-500,-36.4132067046599,-21.0261001565418,-25.5500273446848
5449,10947,-500,-35.0606956517926,-16.3877643070019,-23.0175934518188
5449,11447,-500,-29.6340968684221,-15.0332963681311,-23.3790591589681
5449,11947,-500,-27.3526272148277,-15.1838188107812,-18.0475288832496
5449,12447,-500,-24.3317803181839,-10.6247314714416,-18.558820956913
5449,12947,-500,-23.8241140101443,-11.6517497820505,-20.8656695391189
5449,13447,-500,-20.5720624222586,-8.03444988136022,-11.3990585123983
5449,13947,-500,-18.6266905363454,-9.18555772572097,-12.918064784738
5449,14447,-500,-16.1712767720081,-7.4978588747246,-12.6076971977171
5449,14947,-500,-16.1705980362361,-8.30760289068359,-9.74632387797783
5449,15447,-500,-12.9046359336454,-7.07822489603572,-11.930971114586
5449,15947,-500,-10.0691758561668,-4.99252182137365,-9.79691864961817
5449,16447,-500,-11.4320690569071,-5.42583957192098,-11.7422527355536
5449,16947,-500,-9.65442660603304,-3.65272332922324,-8.97132821762324
5449,17447,-500,-10.2691367729656,-4.08691271787296,-12.626827273615
5449,17947,-500,-10.8802859996275,-2.80097579218144,-9.53398748396355
5449,18447,-500,-9.96057143968746,-2.61982878248929,-8.2174862814197
5449,18947,-500,-7.3896535690033,-3.88251164848125,-6.82139069374612
5449,19447,-500,-7.39147363372459,-3.31977772086257,-6.05021170728072
5449,19947,-500,-8.56310932974705,-1.379716319684,-9.18620637987912
5949,-20053,-500,-5.81288136401611,-2.36042377005906,-9.09776126916625
5949,-19553,-500,-6.82685333439025,1.04113587424981,-6.3019322888024
5949,-19053,-500,-8.30590427091777,-0.469708082280534,-6.78478528812108
5949,-18553,-500,-7.10776184941504,0.683332995793925,-12.0657367003059
5949,-18053,-500,-9.8408350894018,-2.13517162482838,-8.45166512338228
5949,-17553,-500,-10.6024956270871,0.262518707721517,-7.46318606566658
5949,-17053,-500,-9.24718669736007,-0.513251309036831,-13.7909952132181
5949,-16553,-500,-9.45614662506385,1.86321447997636,-11.1716032434882
5949,-16053,-500,-13.4444340975981,0.748101859869419,-12.329288779769
5949,-15553,-500,-11.6312215400435,0.707503529677695,-10.3062771458397
5949,-15053,-500,-13.3313521033351,4.46523714529501,-14.2697928116898
5949,-14553,-500,-15.843064586926,3.83113438435944,-15.3661735440575
5949,-14053,-500,-17.3771318266713,4.79241464910953,-13.4134628171928
5949,-13553,-500,-18.7370510157126,3.4735309615855,-17.7835981181954
5949,-13053,-500,-18.3216082280064,5.71103366118836,-17.8792293670622
5949,-12553,-500,-18.3298398838386,7.44399483266377,-23.9998179087412
5949,-12053,-500,-22.0167930577603,9.52004922177533,-18.4946691028335
5949,-11553,-500,-26.131113035739,9.13594179880657,-19.1773128222254
5949,-11053,-500,-27.6014191945825,12.3190259928971,-22.720009299192
5949,-10553,-500,-31.345714259118,17.8587925111616,-28.1477824180223
5949,-10053,-500,-32.601537493235,20.5937332069559,-27.2166444049066
5949,-9553,-500,-40.2134876479062,26.6464088053781,-26.3730576016226
5949,-9053,-500,-46.600748296879,30.7225366079185,-29.2653712198958
5949,-8553,-500,-52.7499209041957,41.8765600305239,-25.2030036300028
5949,-8053,-500,-60.2941662843462,49.7069388263916,-23.0623686379699
5949,-7553,-500,-74.1674416984557,60.3234954710509,-18.0994229757238
5949,-7053,-500,-82.0638847919283,70.7923338367683,-13.9975942583332
5949,-6553,-500,-97.3982827630546,85.6644254386639,-0.0610306819568942
5949,-6053,-500,-116.870890273781,96.9252337528478,18.1545664329082
5949,-5553,-500,-131.658823261284,107.030400909387,38.8686400052477
5949,-5053,-500,-150.015297366714,108.696442000799,67.2989266732204
5949,-4553,-500,-170.532747749328,109.120878113656,90.4697143887405
5949,-4053,-500,-191.037410985272,101.629643894706,119.343913601991
5949,-3553,-500,-206.142555111275,85.3824667185565,142.190615075284
5949,-3053,-500,-220.797959777917,73.8496892489998,152.330099216272
5949,-2553,-500,-230.15373643257,56.115853916432,161.82321990525
5949,-2053,-500,-239.724454902581,44.1600191837177,166.331563904328
5949,-1553,-500,-247.828116411861,29.0456690182616,174.533021537933
5949,-1053,-500,-250.265087017253,13.0888178867972,175.280203258385
5949,-553,-500,-251.823232589945,-2.34407108622936,173.10780291463
5949,-53,-500,-253.046618107323,-13.5346508476344,172.531215046449
5949,447,-500,-247.695713684761,-32.1165692156874,169.320148644273
5949,947,-500,-243.325351880278,-46.0361282696222,159.529852870428
5949,1447,-500,-238.74056958691,-63.5400507740331,145.127627975768
5949,1947,-500,-223.645437348715,-78.9541151259171,127.118458390067
5949,2447,-500,-211.402685920336,-93.1200324903311,105.958712222895
5949,2947,-500,-194.81491068171,-103.901744359443,77.001698442509
5949,3447,-500,-175.98680687569,-104.277341099926,50.3060067858132
5949,3947,-500,-160.130125776989,-97.398369373623,26.144017477525
5949,4447,-500,-143.920611201898,-89.6006235051904,4.0992060688219
5949,4947,-500,-125.427624564976,-81.5445778660572,-10.6863174165452
5949,5447,-500,-115.084710075154,-69.2094100604471,-20.8906863522407
5949,5947,-500,-104.050874246882,-59.6769353390785,-27.0078170287183
5949,6447,-500,-91.299296466059,-52.7629834516451,-30.1175595565349
5949,6947,-500,-79.7047332744126,-43.2709417210841,-32.9070021855901
5949,7447,-500,-67.9340707039119,-38.3417737528425,-34.6509676474416
5949,7947,-500,-64.7326251181403,-33.7918786327244,-32.9024135200668
5949,8447,-500,-54.5547194228998,-29.1390588648939,-33.5184895947517
5949,8947,-500,-51.2481364887357,-24.5764836580498,-33.3593528409515
5949,9447,-500,-41.5177810684247,-19.8886721534624,-30.155315035999
5949,9947,-500,-39.1609305657156,-18.9753249821366,-28.1698242204846
5949,10447,-500,-38.2193488324379,-12.8351475708088,-30.9466609245473
5949,10947,-500,-33.5547869384409,-13.0733305996354,-26.075911989759
5949,11447,-500,-30.9427572739804,-12.9091488766605,-19.6833895437956
5949,11947,-500,-26.9422225417286,-12.0496306879897,-21.9560511404723
5949,12447,-500,-22.4639762188817,-11.1814097500557,-20.8900347261095
5949,12947,-500,-23.4672655102673,-8.56482523840267,-14.8550668438567
5949,13447,-500,-18.0098615432727,-7.63603080371108,-15.1407655909308
5949,13947,-500,-17.8004648518833,-5.93161605958389,-17.755414690847
5949,14447,-500,-15.5071520933911,-4.88335665584965,-17.3770170058223
5949,14947,-500,-16.2845936214764,-7.73111300655964,-11.4928171904369
5949,15447,-500,-12.7959029195895,-4.52631614459727,-11.6055413761208
5949,15947,-500,-12.0554752558603,-6.03889141230682,-13.947845102297
5949,16447,-500,-8.77940931766842,-4.70771052351806,-11.7178254303238
5949,16947,-500,-8.42953883515598,-3.16026958530963,-7.84436301721323
5949,17447,-500,-12.0048350046287,-4.25333555771493,-8.49869608430846
5949,17947,-500,-11.6284494537546,-1.53830040297339,-8.6222586024344
5949,18447,-500,-8.16159655729352,-1.98143337252015,-8.20133854527795
5949,18947,-500,-5.99011547133669,-2.27874404053374,-9.34766187149156
5949,19447,-500,-7.40451022582705,-4.60717127664685,-7.62706593879818
5949,19947,-500,-8.5204921790591,-3.03869505703508,-1.09006668401516
6449,-20053,-500,-4.60853227112469,-2.99725034199673,-10.9190286599208
6449,-19553,-500,-7.13661350590855,-1.03483861513635,-5.39946909684656
6449,-19053,-500,-9.45503742784338,0.256114565250872,-8.76697438846421
6449,-18553,-500,-7.36891518106368,-0.764345109638952,-8.78755867228431
6449,-18053,-500,-9.25507970278451,0.456413348670109,-10.7730863540053
6449,-17553,-500,-8.35511659568649,0.726716196216012,-8.91260434248192
6449,-17053,-500,-6.17472507883574,0.735412415634259,-10.2797547053021
6449,-16553,-500,-8.42766511041003,-0.842814876556429,-10.0479935912447
6449,-16053,-500,-8.0352310274496,1.57129207560809,-11.6148090854376
6449,-15553,-500,-10.7575771804535,0.775309129880457,-13.3694073088698
6449,-15053,-500,-12.8692954380347,-0.849757079614584,-11.6516255623063
6449,-14553,-500,-10.6246798789136,3.21898192223087,-19.6122827385854
6449,-14053,-500,-13.0966607885621,2.67872392037431,-15.3814430868884
6449,-13553,-500,-13.0559006680501,3.03205104997787,-19.0163173264533
6449,-13053,-500,-16.7672944365686,5.56257346105717,-18.9864030134256
6449,-12553,-500,-20.8732176504861,4.33469935817049,-17.8816154882187
6449,-12053,-500,-23.9579568884971,6.07016227920978,-23.9855367068872
6449,-11553,-500,-24.8813206287132,6.557685005852,-18.9412743170099
6449,-11053,-500,-24.4796924234983,10.4995190755036,-23.2284211749684
6449,-10553,-500,-30.5536058912414,13.237347812444,-27.0538438794747
6449,-10053,-500,-33.0349826157275,15.2548296716947,-30.79676107355
6449,-9553,-500,-39.5269094260393,21.6873290672762,-27.5722255267171
6449,-9053,-500,-44.3916045335367,23.5901131239331,-28.1223417948256
6449,-8553,-500,-53.9888356086584,30.4465763089443,-32.9836551536
6449,-8053,-500,-63.0774118464945,38.96258673729,-26.7260338591162
6449,-7553,-500,-72.0655177802162,47.6115805313528,-24.4290585443232
6449,-7053,-500,-84.0719428358798,56.8502132780032,-23.3545387596736
6449,-6553,-500,-100.766925454363,67.154669277722,-14.5669372845099
6449,-6053,-500,-116.635020903195,77.8167165738184,-4.58259962900404
6449,-5553,-500,-138.771717841815,85.098523231498,11.77686054648
6449,-5053,-500,-157.97870574529,89.3990516811438,29.4774876429894
6449,-4553,-500,-183.675539236619,89.9058158175258,48.4977210999756
6449,-4053,-500,-200.625869999746,80.9801579228089,68.6299970387615
6449,-3553,-500,-220.593632547824,71.7642322673651,79.5308698678469
6449,-3053,-500,-233.428371248026,57.2578161771515,96.5356993789298
6449,-2553,-500,-247.75981275715,45.5400081638774,98.1883331534774
6449,-2053,-500,-254.480602818351,34.2142053268361,103.480509267551
6449,-1553,-500,-260.540524967423,24.459666690749,107.69617621218
6449,-1053,-500,-268.806849085162,11.1255074527939,106.282105033889
6449,-553,-500,-269.173463197169,0.173262641655109,109.395182413718
6449,-53,-500,-265.667156024756,-11.9711114365494,104.636423283239
6449,447,-500,-261.62045667583,-26.0120509253265,101.38836627788
6449,947,-500,-256.555798207059,-35.9723878757224,93.0112062373475
6449,1447,-500,-245.647016910046,-52.3629333520876,84.3550927544743
6449,1947,-500,-234.965847824658,-67.2920202044213,72.1731270611694
6449,2447,-500,-217.988350696382,-76.3948361259943,53.6923675578198
6449,2947,-500,-197.383549860003,-82.3061181936516,36.5291824018838
6449,3447,-500,-175.178188042548,-84.1554254550381,17.4962331171105
6449,3947,-500,-157.313209975704,-78.9769249656358,-5.46149195587561
6449,4447,-500,-138.706048249626,-73.8355506771632,-17.0614902869988
6449,4947,-500,-120.164967039413,-64.1964727827057,-25.8516169359974
6449,5447,-500,-109.585924064626,-57.33676930116,-29.8232542695203
6449,5947,-500,-93.9219262102294,-45.2552813453775,-35.5805485966502
6449,6447,-500,-82.170983385925,-42.3286663980785,-41.2993086198062
6449,6947,-500,-74.9267417930107,-35.1503577334148,-35.6864699147261
6449,7447,-500,-66.8563443231589,-28.7144493790375,-36.2203493437598
6449,7947,-500,-56.9497767263463,-27.67091059692,-36.5350887328483
6449,8447,-500,-48.9671101367153,-24.0097873176397,-33.5792588742804
6449,8947,-500,-47.3619913130369,-19.4061314904963,-32.3121205455779
6449,9447,-500,-43.9295870966913,-17.3480037696924,-25.374630086244
6449,9947,-500,-38.1815208430591,-15.6596938552306,-28.1311383536779
6449,10447,-500,-34.3866414544898,-11.282585993143,-23.4649184635373
6449,10947,-500,-30.8904784012208,-10.9252160757385,-25.4834855169925
6449,11447,-500,-26.9815645320103,-8.99961620126971,-23.433195203673
6449,11947,-500,-22.5455540722665,-9.43669383316196,-17.9326970751247
6449,12447,-500,-23.6525612426913,-6.5844534482713,-17.3247115589426
6449,12947,-500,-19.8005034030437,-7.46363482759374,-16.301794283926
6449,13447,-500,-20.5954058523843,-6.39122686724297,-13.5155880966395
6449,13947,-500,-21.243287219687,-7.35686122161512,-14.4413622020547
6449,14447,-500,-15.9783888640829,-6.54144609307884,-12.6643464968054
6449,14947,-500,-15.5456954648284,-3.87571964211794,-13.2493027789686
6449,15447,-500,-14.0054749334695,-2.62560350356681,-12.2834406764227
6449,15947,-500,-11.0473592984988,-3.01110732233502,-11.9885197609104
6449,16447,-500,-12.761820601094,-3.13513313748337,-9.5509384340114
6449,16947,-500,-9.81175447292296,-0.978871178226958,-10.3261181788251
6449,17447,-500,-12.1644850297152,-2.81372640682549,-11.7359620450149
6449,17947,-500,-12.0962922130256,-2.86439358782413,-9.31371936954478
6449,18447,-500,-8.66025385763156,-3.39347851155972,-5.61169140406547
6449,18947,-500,-6.27261061553906,-3.46599008384012,-12.7895938054122
6449,19447,-500,-8.26398956852722,-2.0845427228822,-8.5648381020249
6449,19947,-500,-6.34204908003299,-2.78826352373435,-6.74011761915817
6949,-20053,-500,-4.1927159923718,-1.45223504872253,-7.71967296048872
6949,-19553,-500,-5.16616116687764,-2.52819861372527,-7.74648210039936
6949,-19053,-500,-8.63119181893751,0.289602085934417,-10.7342604492102
6949,-18553,-500,-5.58067601191324,0.269206490599752,-10.9369078908183
6949,-18053,-500,-7.49392499540732,0.782346827368308,-7.27572648680895
6949,-17553,-500,-7.44570865216298,1.75350244820207,-6.78874935772157
6949,-17053,-500,-8.63882461157483,-1.44685134812601,-13.5323980063375
6949,-16553,-500,-9.95735052663703,-0.342964478558916,-10.302830012077
6949,-16053,-500,-9.82499426776335,-1.96703142968638,-11.2244243340748
6949,-15553,-500,-10.8097797176297,0.175869817292258,-10.7538908324862
6949,-15053,-500,-11.6202029300895,0.436780519006713,-13.8038291363313
6949,-14553,-500,-11.0783529444952,1.22777106043597,-16.3407701670001
6949,-14053,-500,-12.4215049916959,-0.843332277847219,-15.3149946455283
6949,-13553,-500,-15.2819508401163,3.221190448345,-17.6023329964119
6949,-13053,-500,-16.8685049770996,1.74516912775919,-21.4871149201801
6949,-12553,-500,-18.5010386042325,2.54871261584122,-20.9343820555746
6949,-12053,-500,-20.5337074070065,4.29809679087946,-20.7641500521985
6949,-11553,-500,-21.6792856800382,6.94963037234433,-23.7054162259973
6949,-11053,-500,-25.3561956891563,8.00590497001959,-25.9892533114875
6949,-10553,-500,-30.2101732931937,11.2454050796912,-25.2285028006582
6949,-10053,-500,-33.1602035232025,11.7004584741945,-26.1488128590576
6949,-9553,-500,-37.6769891852561,14.4888854924903,-31.4119271503928
6949,-9053,-500,-42.9529567720123,17.6343867140481,-33.8723690728282
6949,-8553,-500,-50.4899373138737,23.7550524353055,-33.3814821015788
6949,-8053,-500,-61.6100310167178,29.1433928264279,-37.4934437340038
6949,-7553,-500,-71.8879202520274,34.0320932512573,-32.9789562385356
6949,-7053,-500,-83.4674293375318,45.4111789785629,-32.882069868286
6949,-6553,-500,-97.4430066345671,52.0068931812279,-30.5476687081568
6949,-6053,-500,-116.966953518676,60.9312258478537,-26.2006441408807
6949,-5553,-500,-133.082064565177,64.4973074319087,-19.2397106455945
6949,-5053,-500,-156.905071484331,67.9443563277217,-3.23683307010796
6949,-4553,-500,-175.337748982582,66.5030247159362,5.33232686669738
6949,-4053,-500,-199.409709739448,61.944408346433,18.0370441730159
6949,-3553,-500,-216.86060557503,55.2477692127983,26.3426932384754
6949,-3053,-500,-229.559024252107,45.9917569368408,29.2536802289626
6949,-2553,-500,-243.391078614079,38.6025326540556,37.434138921857
6949,-2053,-500,-244.950417994968,28.0574749402163,39.6547870576245
6949,-1553,-500,-258.880818286383,17.9053817792774,42.2726445641096
6949,-1053,-500,-259.810573812701,8.24812556438702,39.5183123367457
6949,-553,-500,-258.958349043133,0.555372558334075,38.7645290256025
6949,-53,-500,-259.217987594552,-8.40737133050751,41.8230444629774
6949,447,-500,-255.355551311441,-18.9561075876119,38.597768699605
6949,947,-500,-247.470037344398,-28.0679051003797,34.9237679835829
6949,1447,-500,-236.633654061482,-40.6918296608852,25.6894254742773
6949,1947,-500,-224.859472444557,-49.8859567636341,17.2281278210231
6949,2447,-500,-206.108497769174,-57.8360148071858,10.2984545853501
6949,2947,-500,-185.441886522195,-64.1237012910016,-0.562940574732285
6949,3447,-500,-165.730678753849,-63.3501485679356,-11.7238248952889
6949,3947,-500,-150.971351902615,-61.601752329351,-24.2431694651602
6949,4447,-500,-130.601944885053,-54.1209947841151,-36.7392022205485
6949,4947,-500,-114.816973855334,-48.9348189166173,-37.7436081831557
6949,5447,-500,-98.9657965246782,-43.0351432297658,-40.7150020071325
6949,5947,-500,-88.3089630823996,-39.573894867741,-48.0592970344505
6949,6447,-500,-75.426425341092,-30.6521417251722,-43.73519698543
6949,6947,-500,-66.9920422526507,-28.012796124501,-41.7435064741635
6949,7447,-500,-61.9470681390564,-21.7142553721519,-41.3608828098084
6949,7947,-500,-52.7982628928307,-17.2677904417908,-37.9644242169793
6949,8447,-500,-50.8058436386304,-16.1320309387853,-31.3028595489744
6949,8947,-500,-43.8880338892337,-16.024692611704,-31.2207000372175
6949,9447,-500,-39.9794381403629,-11.5266728042843,-28.2113402860658
6949,9947,-500,-36.6547676097066,-10.9657517165681,-28.8856872752364
6949,10447,-500,-30.7380222336179,-10.8380202389958,-27.2346940298924
6949,10947,-500,-28.398122828595,-7.70932706660708,-23.7159460213818
6949,11447,-500,-27.8204446499344,-5.39448570749698,-23.4434884833197
6949,11947,-500,-21.9831763771973,-6.75107460051254,-23.3239654918493
6949,12447,-500,-22.04508508009,-2.34254597844235,-17.7409570846743
6949,12947,-500,-21.9230539841555,-5.69935405878495,-18.687126346536
6949,13447,-500,-19.8175276028434,-6.89431776029772,-17.7634061648203
6949,13947,-500,-16.1525930426041,-2.72791192560246,-16.2397901682891
6949,14447,-500,-11.9230654056342,-6.28542096528141,-11.7064645396554
6949,14947,-500,-13.857759987162,-4.00521057323778,-13.9137893636198
6949,15447,-500,-10.3441098117313,-4.55654656759434,-12.8082437521359
6949,15947,-500,-12.2653105472897,-3.57581556653985,-7.37050684509577
6949,16447,-500,-11.6119265874856,-2.97918013558487,-10.6334269691017
6949,16947,-500,-10.4622053348765,-0.572003756752688,-13.2462655065235
6949,17447,-500,-8.91223565788481,-1.6606421244109,-8.77689754360421
6949,17947,-500,-9.9263495883423,-1.46872909208237,-12.322049239728
6949,18447,-500,-6.74218392039029,-0.796370778405265,-13.645070258114
6949,18947,-500,-11.6713416078113,-1.33392787333243,-5.72176888650362
6949,19447,-500,-7.59578344899916,-0.719662790677684,-9.60967247046321
6949,19947,-500,-6.96403259079002,0.470656835033932,-5.56849718550625
7449,-20053,-500,-4.93430206360202,-2.44245701025558,-6.83335218944305
7449,-19553,-500,-7.49218339819478,-2.24712343599347,-8.73538546238301
7449,-19053,-500,-6.67814971839458,-0.903153652625118,-7.54186655227544
7449,-18553,-500,-6.90644144413907,-3.57177420773867,-11.3754560083128
7449,-18053,-500,-6.2056164586765,0.648084674675246,-10.0906712753646
7449,-17553,-500,-5.13820548547432,-1.69460679881543,-9.49128900809604
7449,-17053,-500,-7.15941253377278,-3.21907135600273,-11.2423835131259
7449,-16553,-500,-9.34422033295832,-0.789637311187671,-9.52747522308023
7449,-16053,-500,-10.4993447231631,-2.09989759463907,-14.3479641981124
7449,-15553,-500,-12.8895571361557,-0.234319838312715,-12.8332232703178
7449,-15053,-500,-12.3687870816697,0.585144931917253,-12.8166097929762
7449,-14553,-500,-12.3797852021275,-0.0398882445485443,-15.1798782615803
7449,-14053,-500,-11.6397533383731,-2.02700047126626,-13.5568210225807
7449,-13553,-500,-13.1600774491887,-1.40516163006478,-16.3326789733712
7449,-13053,-500,-14.1083060589326,0.589329070553477,-16.0689621396286
7449,-12553,-500,-18.1434608105137,2.24293706120025,-21.2142462364262
7449,-12053,-500,-18.8924109164097,0.727223622373089,-21.0115322716607
7449,-11553,-500,-22.9958893090072,2.46743060113209,-23.4150604621107
7449,-11053,-500,-27.6440187681191,2.58242914175377,-23.8062786543496
7449,-10553,-500,-26.7822477078723,6.07825409181484,-25.7983080778459
7449,-10053,-500,-32.9838795859181,8.77065834466737,-30.0215216881851
7449,-9553,-500,-35.1686748045661,8.96617249617691,-31.9492622710925
7449,-9053,-500,-40.406196849233,11.422400767155,-34.6866921534847
7449,-8553,-500,-46.7597672911434,17.6319708035073,-36.5103895687258
7449,-8053,-500,-58.7304562258224,22.9910956547317,-39.5586570971228
7449,-7553,-500,-63.9426408884363,26.6807511350839,-43.2732890542387
7449,-7053,-500,-74.9977870962245,33.1264799571842,-41.7424140237426
7449,-6553,-500,-89.3117533937772,35.0130442763372,-38.3551990728328
7449,-6053,-500,-106.059398118424,40.900235434625,-37.8378087884244
7449,-5553,-500,-121.713907656052,47.0310473119032,-36.310936388605
7449,-5053,-500,-140.961622216912,48.5905721832749,-31.8160851248268
7449,-4553,-500,-160.128189507606,47.7406322731932,-29.5921603913709
7449,-4053,-500,-176.826978803844,45.3122149573063,-24.6271985361039
7449,-3553,-500,-194.688811196044,41.9529729866235,-22.659077047235
7449,-3053,-500,-209.473197862025,33.2065906515573,-20.8385775541974
7449,-2553,-500,-218.090244837708,25.0264250739986,-14.4835483143065
7449,-2053,-500,-226.955939084659,20.6546934298519,-14.1372579423033
7449,-1553,-500,-232.473344552351,14.7887101536629,-16.9876972659761
7449,-1053,-500,-237.848264205652,6.25975087258287,-20.1817370654888
7449,-553,-500,-235.410387325545,-1.18017792635872,-16.7678937083502
7449,-53,-500,-231.415157787692,-9.03433965324599,-17.9031189823248
7449,447,-500,-229.26526341039,-11.3612995559164,-18.075535208739
7449,947,-500,-224.526906324078,-20.7467519903063,-20.9414094263218
7449,1447,-500,-212.774453290382,-29.367706917641,-22.9220640722206
7449,1947,-500,-201.988834852112,-31.8572422487358,-22.3226777664419
7449,2447,-500,-185.216630605961,-39.9183392385176,-30.0947058165702
7449,2947,-500,-168.521257674235,-42.0810161544585,-32.7764737297628
7449,3447,-500,-148.57339635444,-43.8904189898717,-39.2563316716572
7449,3947,-500,-134.986569125173,-44.1056327434367,-45.0054146960728
7449,4447,-500,-115.673344584194,-38.697405330929,-45.5079747544018
7449,4947,-500,-101.325180262333,-30.3506904127197,-48.9317736828082
7449,5447,-500,-87.9407546750479,-29.0076776324012,-50.4028483918199
7449,5947,-500,-80.9544206335364,-27.1765948638377,-46.6541897446086
7449,6447,-500,-69.6643223150042,-22.769658723189,-47.1090370050481
7449,6947,-500,-62.5182761572027,-19.6622380043412,-45.1820095268387
7449,7447,-500,-54.9658785844833,-14.5626907877743,-43.862545675033
7449,7947,-500,-51.2063482682712,-13.3625439320273,-40.916799168888
7449,8447,-500,-40.751038268813,-11.5625406486597,-35.2115118109848
7449,8947,-500,-39.9964397915174,-8.16822478713447,-32.7959965895919
7449,9447,-500,-35.4137401870311,-9.77706834215494,-31.0635766817308
7449,9947,-500,-31.9304958895811,-7.88871663441627,-29.6794823545203
7449,10447,-500,-27.492526105276,-6.78532275780559,-24.116328670782
7449,10947,-500,-25.5202750655817,-4.48261645647672,-23.9236246059492
7449,11447,-500,-24.5467686687355,-4.23221517072453,-21.292659256179
7449,11947,-500,-22.7642843091342,-2.47153772174793,-22.3831364314658
7449,12447,-500,-22.3230673422271,-3.39033242341944,-16.8076407628004
7449,12947,-500,-17.2732578809453,-3.51109185675088,-19.0897167690883
7449,13447,-500,-14.8550968597867,-2.03574264844172,-15.367050084424
7449,13947,-500,-15.128210884726,-2.64320612761858,-13.7718978066669
7449,14447,-500,-16.3432250190601,-0.142059508796861,-15.5292731820916
7449,14947,-500,-12.3803566173676,-2.80237579137306,-12.0177293658665
7449,15447,-500,-11.8707454363646,-4.50476014418834,-13.2070132205461
7449,15947,-500,-7.8684219336429,-1.84998824316018,-10.1232790627992
7449,16447,-500,-10.1232696004808,-3.22922088352379,-6.66157877346769
7449,16947,-500,-10.6186860678196,-3.40414758169138,-7.5734201441402
7449,17447,-500,-9.88929204309423,-1.55232217884114,-6.84449003153408
7449,17947,-500,-11.4349866390178,-3.10929889263962,-8.10716533027238
7449,18447,-500,-7.62615791244699,-4.49494117616113,-6.79792125486588
7449,18947,-500,-6.8611857025173,-1.55093005887388,-4.97219492725709
7449,19447,-500,-7.98503923978448,-1.44809001249665,-9.692579102313
7449,19947,-500,-9.05244974660166,-1.84070122123404,-8.96287116195614
7949,-20053,-500,-6.50595530346356,-5.02971392762559,-6.28845642910791
7949,-19553,-500,-4.19020608548756,-2.01481108361669,-8.75485570828012
7949,-19053,-500,-7.2661357411777,-1.76523222326709,-5.39243787286412
7949,-18553,-500,-7.17847451674794,-1.61017635428298,-8.25345433920913
7949,-18053,-500,-8.20606016396662,-2.73302299439409,-9.78316613347151
7949,-17553,-500,-7.64515242713257,-4.33056917120209,-10.1221644172553
7949,-17053,-500,-6.80081827539849,-2.31551944916977,-6.78243276462895
7949,-16553,-500,-5.14612758772647,-1.53758875819953,-6.29807791875278
7949,-16053,-500,-10.1165289171277,-2.40835703336091,-17.1842224631113
7949,-15553,-500,-9.13252000421089,-4.14632339263467,-10.3418991899554
7949,-15053,-500,-11.3863161493327,-4.79932570002915,-13.3781522017377
7949,-14553,-500,-8.51904752634224,0.53619020633291,-13.8601544333531
7949,-14053,-500,-13.2993863810101,-0.364666043763041,-13.1800338387768
7949,-13553,-500,-15.1458030835249,-1.54805574934184,-18.9535481179488
7949,-13053,-500,-14.9100962445604,-2.40248816749022,-18.5324311999577
7949,-12553,-500,-18.4547285945212,0.755558548487068,-21.2571393765084
7949,-12053,-500,-21.5696470973168,-0.434982708051669,-23.5758498359106
7949,-11553,-500,-19.1195224459275,0.873481998466322,-26.1020770736203
7949,-11053,-500,-22.1946925729623,2.75328597951936,-28.7776077080712
7949,-10553,-500,-26.0058857736632,2.36043841371972,-27.4321898154926
7949,-10053,-500,-28.650350536605,1.64412791344189,-34.01679049925
7949,-9553,-500,-32.925267473909,4.62500545961742,-33.0240844366192
7949,-9053,-500,-37.1986710249112,8.95189143206909,-35.750766980911
7949,-8553,-500,-43.2543254548025,10.1488940619816,-34.9909009495615
7949,-8053,-500,-49.6960669220095,13.9621610125329,-41.4491024024406
7949,-7553,-500,-59.4195242887921,16.007480752002,-41.4911906472988
7949,-7053,-500,-68.7803287198871,20.992044292518,-51.5824705505187
7949,-6553,-500,-79.9441637310366,23.620477631651,-49.2202669230979
7949,-6053,-500,-93.0572506595528,26.1517772787501,-57.3268282955696
7949,-5553,-500,-105.901747710055,28.1132281948076,-52.6029471223829
7949,-5053,-500,-122.743809369466,30.8626026607628,-54.9583939392987
7949,-4553,-500,-139.896127136683,30.887915518139,-53.8969028541967
7949,-4053,-500,-152.937916314385,28.8030213068245,-56.0255386488379
7949,-3553,-500,-166.988401696472,27.6566004247102,-57.8339266779028
7949,-3053,-500,-175.192936016634,20.883574833722,-53.9192730805933
7949,-2553,-500,-185.199130734786,17.9768422413094,-54.2419416607124
7949,-2053,-500,-191.100487236925,14.5738085564106,-58.1618091928468
7949,-1553,-500,-196.990670688196,7.82728952306502,-51.5415271127361
7949,-1053,-500,-198.090004560165,5.06949677150525,-58.7770643890905
7949,-553,-500,-198.168071010986,1.35428400151147,-56.275468680182
7949,-53,-500,-196.967260738775,-3.53202627813402,-55.6458415731215
7949,447,-500,-191.743082043898,-5.90547086820905,-61.258928819366
7949,947,-500,-188.319014916846,-11.8125972148194,-57.8486379810819
7949,1447,-500,-177.634228731698,-16.7648923943707,-58.3505121782246
7949,1947,-500,-167.792262946637,-21.514355439555,-57.4659109055712
7949,2447,-500,-154.942765764473,-26.5389681378936,-55.8164295067643
7949,2947,-500,-142.997360272362,-27.2216861956171,-57.3309653933976
7949,3447,-500,-128.078427855694,-28.8060571959892,-55.5988905299685
7949,3947,-500,-114.679649391546,-25.715520141305,-60.4300463749414
7949,4447,-500,-102.812980334189,-26.7504681891702,-57.5382882819424
7949,4947,-500,-89.7328528611585,-22.0906767063049,-56.9254365736152
7949,5447,-500,-76.9093234083854,-19.7385476590651,-52.5525781063122
7949,5947,-500,-71.1463475240969,-18.8796824168575,-54.1748381487989
7949,6447,-500,-61.3057256796235,-17.5204271691657,-45.1305047207884
7949,6947,-500,-55.4519272972309,-9.59515504645705,-46.4311131496856
7949,7447,-500,-49.7410015738412,-9.98527824470149,-42.6876002845315
7949,7947,-500,-41.9307074362668,-9.43849536321668,-40.2764704463074
7949,8447,-500,-38.2675297458613,-6.94203798232157,-36.9824201569315
7949,8947,-500,-35.2730006853416,-6.908179159455,-32.5363572609656
7949,9447,-500,-33.250546983799,-6.44399879831862,-30.6475103411678
7949,9947,-500,-29.2014295820346,-1.65770033502442,-30.3644888124145
7949,10447,-500,-26.9299730521589,-3.71873730814102,-30.4157825030935
7949,10947,-500,-24.7390632167905,-4.2504658999293,-22.6473778080056
7949,11447,-500,-24.6175604799528,-0.568802088412139,-23.8120124028161
7949,11947,-500,-19.8356439766713,-0.195805055557091,-18.7109790639181
7949,12447,-500,-18.8329300020315,-3.71399668133443,-18.2346799915448
7949,12947,-500,-16.0869318979334,-1.63983215875221,-18.6832507236882
7949,13447,-500,-15.989645744281,0.238633731072446,-15.897430519637
7949,13947,-500,-14.7892718396152,-1.79515079087405,-14.0083954441397
7949,14447,-500,-15.3497413134908,-0.885469111309843,-12.7386157977115
7949,14947,-500,-9.69396420610324,-0.836760862633853,-12.0026716830007
7949,15447,-500,-11.531105289244,-1.41247598698897,-13.6321614709035
7949,15947,-500,-13.8270042438044,-0.482809163507857,-9.14219898446159
7949,16447,-500,-9.84757710026904,-0.991388163477837,-10.9915477040075
7949,16947,-500,-7.97436327762112,-2.48353449572395,-8.38210470112391
7949,17447,-500,-7.90675718433705,0.300683643452077,-10.2407712793884
7949,17947,-500,-7.08028936385784,-1.54537388970484,-11.7383944404334
7949,18447,-500,-8.40622241080996,-0.938911237561162,-6.92983168679157
7949,18947,-500,-6.60161555195352,-0.498063194866395,-7.9794107871131
7949,19447,-500,-5.8750929175636,0.155751291604187,-3.37677056638089
7949,19947,-500,-6.14806930432698,-1.25570769408618,-8.28280263115834
8449,-20053,-500,-4.32829737473228,-1.20884481538328,-8.38275190404179
8449,-19553,-500,-6.0152676339856,-5.18922599152498,-9.26765214373363
8449,-19053,-500,-6.78868355422364,-1.65009117090104,-9.51904233625553
8449,-18553,-500,-4.37899508236172,-1.4634014308559,-7.47091030814065
8449,-18053,-500,-6.02789311311941,-1.65344747206,-8.64771707691438
8449,-17553,-500,-9.53393680312373,-2.51175633240971,-9.84611967378046
8449,-17053,-500,-5.99013590115571,-3.62775420184059,-11.3955532980765
8449,-16553,-500,-10.8224368252759,-4.85906195627507,-13.0641662931629
8449,-16053,-500,-10.8666625188642,-3.60961587551434,-13.8534974800762
8449,-15553,-500,-10.9791420070829,-2.67028850349434,-10.5968005931159
8449,-15053,-500,-8.31905873037338,-4.17948378008087,-11.8356219482224
8449,-14553,-500,-8.10964198657615,-0.883787982249956,-12.9842185290011
8449,-14053,-500,-11.5923721621381,0.464840012041279,-13.9016758274099
8449,-13553,-500,-12.3834339883344,-5.20683402292003,-15.7204076088734
8449,-13053,-500,-15.4124954418509,-2.024158464695,-18.6196813511133
8449,-12553,-500,-15.6330676554024,-0.933911821795117,-21.386129532442
8449,-12053,-500,-16.3825758669275,-2.61552219472976,-18.395462791373
8449,-11553,-500,-21.0697545398888,-1.33683800978931,-23.2505776804888
8449,-11053,-500,-21.1417383191877,-0.985178653805198,-27.0392107854196
8449,-10553,-500,-22.7684290385845,-0.571752732738637,-28.2885307260959
8449,-10053,-500,-27.0509428737969,1.60544299705961,-28.7741647021478
8449,-9553,-500,-29.9799702925797,2.66939370595863,-32.0796905859797
8449,-9053,-500,-34.0282704271888,3.06690734911758,-38.5111240227333
8449,-8553,-500,-38.2251029750858,3.60663041781065,-35.9163228787025
8449,-8053,-500,-47.1077272128232,8.50644260134899,-40.6930097391922
8449,-7553,-500,-51.8225220441374,8.50554983203306,-49.0331284921625
8449,-7053,-500,-58.9757654992817,7.52149852423776,-50.2758440778208
8449,-6553,-500,-67.1871286812817,13.1335618077699,-55.0730895912246
8449,-6053,-500,-80.1839112184484,11.3423783196549,-62.4275111730326
8449,-5553,-500,-86.5464931697795,14.067891803492,-62.180831869978
8449,-5053,-500,-99.5134369458182,17.5416210842128,-69.0409370075085
8449,-4553,-500,-110.963547511853,16.7497843326511,-70.4633090155198
8449,-4053,-500,-125.076516727934,16.7157356069677,-71.5128149169787
8449,-3553,-500,-133.646277947558,16.0815210502327,-76.0956856965293
8449,-3053,-500,-142.735693245179,13.1167892646707,-78.9058530658586
8449,-2553,-500,-146.577126670371,10.9995475086588,-77.6948003370198
8449,-2053,-500,-155.784922502111,8.03973376305035,-80.5706107397397
8449,-1553,-500,-158.130626482859,3.24509957935018,-85.6255737537819
8449,-1053,-500,-161.804366057314,1.7095481248508,-82.2117914149672
8449,-553,-500,-159.973173957539,2.24905497410501,-86.3652877030276
8449,-53,-500,-160.31221298652,-0.470475044971155,-84.1322513509807
8449,447,-500,-157.599682995888,-6.94134390539333,-81.6922620589787
8449,947,-500,-152.241092935142,-7.83904738956144,-80.0054126213551
8449,1447,-500,-143.769059917566,-8.92411714901733,-78.8798851062205
8449,1947,-500,-138.846801113661,-9.42477932791479,-79.5948075969177
8449,2447,-500,-130.009711537504,-13.9035455265924,-78.612062352578
8449,2947,-500,-119.890688907028,-12.5554853318353,-70.6735651863437
8449,3447,-500,-104.455671458915,-15.1864065312611,-72.5224156143601
8449,3947,-500,-95.834990275391,-13.6024657503249,-69.8515556326219
8449,4447,-500,-84.6010205821442,-14.593041468273,-62.9220440836161
8449,4947,-500,-75.6856994495993,-11.53973576147,-60.1171594947834
8449,5447,-500,-68.4724544503668,-11.0919878912605,-58.8394238571065
8449,5947,-500,-59.4871673316184,-6.95145130387,-54.8944621504399
8449,6447,-500,-55.5237072920197,-7.81281954840113,-46.4739736710536
8449,6947,-500,-48.3006883910463,-5.99172246017499,-42.3378073795811
8449,7447,-500,-42.7846311511906,-3.84156412981619,-47.6375975994803
8449,7947,-500,-38.5322387671028,-2.84170494305386,-40.0064262618862
8449,8447,-500,-37.1553767252022,-2.09350644873812,-38.5072455462213
8449,8947,-500,-34.0973961385005,-2.50124608953467,-31.873166481222
8449,9447,-500,-28.4646613258066,-0.811472274184938,-31.8736650518853
8449,9947,-500,-25.6367845245704,0.628675243081655,-27.4900213406796
8449,10447,-500,-25.8792509742546,-2.37965599841719,-26.1704535241385
8449,10947,-500,-23.5881467881207,-0.349886702815425,-23.9144982017995
8449,11447,-500,-18.421056165146,1.58055517399618,-20.7545960142581
8449,11947,-500,-17.0768604563273,0.689286511759952,-20.7200002516164
8449,12447,-500,-14.4438419673755,0.97990381473604,-17.4027418327848
8449,12947,-500,-16.8217176990346,1.99694977389829,-17.9318363582711
8449,13447,-500,-14.7641529172657,0.506631227683481,-17.893658247188
8449,13947,-500,-14.1160010872874,0.803475530003538,-15.2056220057927
8449,14447,-500,-12.0305041615273,2.01823450273467,-13.7114418365327
8449,14947,-500,-14.935863151084,1.27072350355139,-12.8878337215777
8449,15447,-500,-12.7406247027678,0.448150913430975,-10.1819620363958
8449,15947,-500,-12.0568825558444,-2.37776579490522,-10.4861152787997
8449,16447,-500,-9.0867105237881,-1.8096192470336,-6.96498303972295
8449,16947,-500,-8.99245474771942,-0.0517204295448734,-9.26821790670869
8449,17447,-500,-7.94976234551242,0.168654079806018,-11.3425129875097
8449,17947,-500,-5.74988572119762,-0.727119593302147,-10.3074968119447
8449,18447,-500,-6.71777075344189,-1.67342344359146,-3.92518058289963
8449,18947,-500,-7.04337492323866,-0.697459036268741,-9.62620309304162
8449,19447,-500,-4.86131097601038,1.12118633491539,-10.4465480481122
8449,19947,-500,-6.3319418100381,1.38755616886009,-9.81364238196261
8949,-20053,-500,-7.57831583949528,-1.00503914684818,-6.88059403048762
8949,-19553,-500,-1.71543868690805,-3.6388068194814,-6.67048729567206
8949,-19053,-500,-7.63398975017765,-3.20499664970165,-9.5371300236664
8949,-18553,-500,-5.68622750031123,-3.48638684784376,-7.86555314912184
8949,-18053,-500,-6.70595680904429,-3.38701936886287,-9.32584159632368
8949,-17553,-500,-6.50423893513413,-2.91219083207816,-7.23796038245246
8949,-17053,-500,-6.83743364464091,-3.57873301259369,-8.88860140945923
8949,-16553,-500,-8.91659927847835,-6.85298515517136,-10.1764675262491
8949,-16053,-500,-7.93045776348267,-3.64361343880903,-11.784526641591
8949,-15553,-500,-7.19544486269405,-3.8981942642037,-13.7941229348212
8949,-15053,-500,-10.8334700034441,-5.6024811758525,-10.2489782456916
8949,-14553,-500,-10.5278133122244,-3.65471944784168,-15.666422933007
8949,-14053,-500,-12.394458201343,-3.82295252013364,-16.6519831924207
8949,-13553,-500,-9.84329948599508,-3.8556897121571,-13.9383711757059
8949,-13053,-500,-11.6795583330047,-4.08594477872126,-17.1292747387016
8949,-12553,-500,-12.5652346273704,-2.75243373647488,-17.9415033038744
8949,-12053,-500,-16.6419741500073,-1.19788578168881,-20.3655217265641
8949,-11553,-500,-20.1082732333796,-3.12592321414412,-24.8221137757462
8949,-11053,-500,-21.0689990284943,-2.57763727614339,-20.255210031882
8949,-10553,-500,-23.3725945872233,-0.759439932375305,-25.9497634691872
8949,-10053,-500,-23.5925890208491,-2.6582291603641,-32.9026713113299
8949,-9553,-500,-25.3801309040217,-3.12080850751065,-34.4589540796573
8949,-9053,-500,-31.4012356017087,-2.32961038077144,-40.6299519170262
8949,-8553,-500,-32.7349408453599,-0.891257467906837,-37.9493597090314
8949,-8053,-500,-42.04125144103,1.26376086806332,-44.893166608026
8949,-7553,-500,-42.5136369665539,-1.59338335738374,-50.6923473526315
8949,-7053,-500,-51.0099037438199,3.6044951206797,-55.6930413442904
8949,-6553,-500,-54.8040628427626,2.81782997416096,-57.0656928404963
8949,-6053,-500,-67.3850414243426,7.28100635592081,-63.5241971626022
8949,-5553,-500,-68.781864244018,7.53713314966897,-69.5789319555254
8949,-5053,-500,-82.2726127278296,8.91288970353598,-74.2301794958063
8949,-4553,-500,-89.4433373981887,9.0495358305475,-82.2974216007775
8949,-4053,-500,-96.6612023044668,6.28284933883714,-85.3908484554499
8949,-3553,-500,-104.632069905761,7.74765928060852,-86.1927797343796
8949,-3053,-500,-109.660481645807,5.30629033989615,-90.0721486350742
8949,-2553,-500,-112.789237174431,8.22353405794203,-93.5375207975653
8949,-2053,-500,-119.050691764609,4.82031761989808,-94.5224337941172
8949,-1553,-500,-121.662098357472,3.18545651041664,-100.039170146177
8949,-1053,-500,-126.649106581388,4.41143761510231,-95.1165506855212
8949,-553,-500,-123.73154399645,0.202086606751129,-98.3869637980853
8949,-53,-500,-124.066838193615,-0.308258346502541,-98.3574991739914
8949,447,-500,-119.642149605869,-0.960493322614201,-97.0570201391173
8949,947,-500,-118.821790633943,-0.924432009385016,-97.2978949679188
8949,1447,-500,-112.70073189343,-2.46401212104247,-93.4967097129339
8949,1947,-500,-108.192953286915,-2.67258005167872,-88.0752450483544
8949,2447,-500,-101.666392810133,-3.8525108142771,-83.2286033254576
8949,2947,-500,-93.9331153464813,-8.29833169012725,-81.306204899884
8949,3447,-500,-86.3639483864185,-5.63951494128498,-76.4177282026383
8949,3947,-500,-78.2250463049115,-5.0952614736899,-70.6420357247908
8949,4447,-500,-73.4717884240846,-4.85878871994298,-68.8905194773933
8949,4947,-500,-61.6803368871424,-4.73162052893274,-60.8081555407098
8949,5447,-500,-58.5522203499487,-6.51392696267586,-59.6240438610975
8949,5947,-500,-49.4666747232591,-5.15592169347365,-56.9004732235044
8949,6447,-500,-47.4869808327764,-3.82291400558216,-50.8990012713428
8949,6947,-500,-42.1920192809579,-1.66950239272238,-47.9053948594063
8949,7447,-500,-37.1431313634753,-1.396108048594,-41.2187670107178
8949,7947,-500,-33.8498068565454,-0.108182342958612,-41.7472791596944
8949,8447,-500,-30.8413063954308,1.87071695356763,-35.967722492116
8949,8947,-500,-27.7117226618928,3.11509019773445,-33.0440720432522
8949,9447,-500,-26.5916725930207,0.633545553114967,-36.6214971756265
8949,9947,-500,-22.9714332980228,1.1587296609054,-27.166763641017
8949,10447,-500,-21.5759506874077,2.37913965136322,-26.4068456554562
8949,10947,-500,-20.7113077198183,1.35768070561803,-23.0513090947937
8949,11447,-500,-16.4740048314259,2.60970585147067,-19.3453664090846
8949,11947,-500,-16.3365069425126,0.655328536979394,-21.43650959431
8949,12447,-500,-16.3911246421321,2.08279979533621,-18.9881093487315
8949,12947,-500,-13.2710705833426,1.08181312850798,-18.7172197187711
8949,13447,-500,-11.6514904203583,-0.697102777771953,-17.3272247875417
8949,13947,-500,-12.4391487883082,2.41119638043165,-15.1584437892643
8949,14447,-500,-13.0273991022752,2.72482591320125,-15.8115253728741
8949,14947,-500,-8.96136592331252,0.350947188496108,-15.9323669492433
8949,15447,-500,-10.9931938562241,4.22476797041845,-13.2518989343559
8949,15947,-500,-11.504095192341,-1.46116746663952,-14.1261863013219
8949,16447,-500,-9.6037753290813,1.72582287660436,-10.5261813790234
8949,16947,-500,-7.9969421631856,-0.931843612575921,-12.6356148551919
8949,17447,-500,-6.76658644560801,-0.940402181898256,-11.2669397691171
8949,17947,-500,-6.82558743781222,0.880457565714664,-6.6480191640547
8949,18447,-500,-5.77441698107254,-0.495829171516965,-5.17489809952201
8949,18947,-500,-7.84036851919186,-1.30281097381875,-7.45349571435399
8949,19447,-500,-8.43368448943342,-0.20212415223349,-6.31028317792059
8949,19947,-500,-5.22993281626137,-0.441515179743197,-9.88814984175992
9449,-20053,-500,-1.80887496457347,-2.22779372760817,-5.16923415335747
9449,-19553,-500,-4.94905927685878,-3.95605278041136,-9.10566425637112
9449,-19053,-500,-7.44225846955082,-0.191455621700598,-5.65115475001803
9449,-18553,-500,-6.66802353261473,-3.93449209914783,-7.08200479281012
9449,-18053,-500,-7.34924567425442,-4.03162137831853,-7.13422151517411
9449,-17553,-500,-6.77751815574419,-4.14743062320897,-7.74018460388842
9449,-17053,-500,-7.56535741883828,-2.8697912133917,-9.43411250855479
9449,-16553,-500,-5.56692847045091,-5.65339101509233,-11.5696561628904
9449,-16053,-500,-7.51304584647155,-3.99698412243197,-10.3506255583489
9449,-15553,-500,-7.15322448313333,-4.64621520060786,-12.7557910306202
9449,-15053,-500,-10.7549970507512,-2.33513800017332,-14.7361203614292
9449,-14553,-500,-10.472104110155,-5.85094509149728,-13.2554997344595
9449,-14053,-500,-9.44010909681414,-3.03982458887228,-17.7482471819147
9449,-13553,-500,-8.97991199347227,-6.00398782862641,-16.143043086274
9449,-13053,-500,-11.7261084053586,-5.85276878900243,-16.9066005790013
9449,-12553,-500,-9.91904742666324,-5.70046408734619,-23.6202148696274
9449,-12053,-500,-13.4481912185877,-5.20019759064014,-22.3420816955246
9449,-11553,-500,-18.161033889095,-4.68365744514562,-20.1722068995666
9449,-11053,-500,-18.2057314851251,-2.2200785303785,-24.2474041973244
9449,-10553,-500,-17.9797754560616,-5.9315595330163,-29.6546561256822
9449,-10053,-500,-21.362174636925,-4.82460244388003,-31.8239384785473
9449,-9553,-500,-24.2236321383798,-4.98392189384765,-35.279504474582
9449,-9053,-500,-26.0433549422209,-4.89450941616663,-43.3153902429222
9449,-8553,-500,-29.0769374776212,-5.04464527372527,-42.0155282887018
9449,-8053,-500,-30.9773706061652,-1.73567422129565,-42.6564925937403
9449,-7553,-500,-38.8646829712582,-5.91879250421555,-47.1656840402916
9449,-7053,-500,-41.5640178839008,-0.976919853036746,-51.8095798551353
9449,-6553,-500,-45.5187421029496,-3.26562439793187,-60.5594971906057
9449,-6053,-500,-49.6961753116681,-2.02868121122698,-67.2506339107219
9449,-5553,-500,-56.1798686835565,-1.18795804885653,-70.31073321764
9449,-5053,-500,-59.2460113534229,-1.03706968568085,-75.2844741415755
9449,-4553,-500,-66.9667479885467,-1.96716125220977,-81.6536003144447
9449,-4053,-500,-73.3604627165493,-1.00277746029813,-84.6129001375601
9449,-3553,-500,-79.2173052086558,1.07128721047019,-88.9570902833581
9449,-3053,-500,-83.4503297863743,3.99360204078978,-92.1741998493608
9449,-2553,-500,-86.0087756625659,0.162212766390057,-96.6051070764393
9449,-2053,-500,-88.7228414170417,2.53273377110598,-97.029720059175
9449,-1553,-500,-89.8113968721744,0.856706068762721,-101.580036164032
9449,-1053,-500,-92.5875458686718,3.2017999756696,-100.524947760078
9449,-553,-500,-93.4014536410334,1.39730436906426,-102.669139320904
9449,-53,-500,-95.7111604865954,-0.742507928669468,-103.022351231827
9449,447,-500,-92.8660439658512,2.96190241865812,-101.981629036998
9449,947,-500,-89.9673619789744,-0.54403325736765,-98.7943207231873
9449,1447,-500,-88.128072261177,1.64594169892135,-92.085981711726
9449,1947,-500,-82.3878989892749,1.45072713772512,-90.9548592267701
9449,2447,-500,-78.8923279001025,0.547185416217934,-81.8573114439581
9449,2947,-500,-72.4752241618451,1.83084568243277,-84.0055717155902
9449,3447,-500,-66.9284966233427,2.2240157990356,-78.1601002672058
9449,3947,-500,-62.0333788938572,1.60554788700259,-71.3583580237536
9449,4447,-500,-56.9456663075358,2.99252608409158,-68.3681953055749
9449,4947,-500,-47.7168081588049,1.10080478475708,-62.0781950904494
9449,5447,-500,-47.6622568373735,-2.45287754591611,-58.745887509346
9449,5947,-500,-39.7014369739367,2.63319719730004,-52.5897213774278
9449,6447,-500,-39.3979643229352,1.92031680752488,-50.0245627879189
9449,6947,-500,-34.9817762617275,0.72539184147885,-45.3634785527148
9449,7447,-500,-33.2450331684709,2.65181364884498,-43.4709953825048
9449,7947,-500,-32.016014575761,5.7274274997489,-37.484620559787
9449,8447,-500,-26.8963883870581,1.18591892834147,-34.1609778343965
9449,8947,-500,-23.1030731903768,4.80253106404565,-33.84129246785
9449,9447,-500,-23.519318438116,2.81903447868579,-32.1320852570805
9449,9947,-500,-20.0676082173719,2.42569833884068,-26.7779126351255
9449,10447,-500,-20.3285976787898,3.93590536573285,-23.0185450215516
9449,10947,-500,-18.0411935236174,3.95063750994804,-25.4615685549131
9449,11447,-500,-14.8433523620149,1.48442819048075,-18.7531286985378
9449,11947,-500,-14.6673763121691,1.63926265715598,-19.9840726273932
9449,12447,-500,-14.2256670405251,1.76188929306506,-18.4210322172997
9449,12947,-500,-14.2884930062136,3.85493717968037,-14.7944563805266
9449,13447,-500,-14.5066049900552,-0.0219980109768818,-14.9063788274687
9449,13947,-500,-8.58697662624958,0.540904731381358,-11.3035444863857
9449,14447,-500,-11.1405172613695,2.76207653135101,-13.4272646986998
9449,14947,-500,-8.73071098720584,1.02784378718999,-13.6441554720084
9449,15447,-500,-9.94725951098586,0.915944838693102,-10.6074521315364
9449,15947,-500,-7.20279667295036,2.60619603770809,-7.72430739149589
9449,16447,-500,-8.5786787573597,2.7693754185496,-8.78790364001167
9449,16947,-500,-8.79028450117739,2.64955508776453,-11.2399907360793
9449,17447,-500,-6.3285767207129,0.0705028592571504,-9.91908919229972
9449,17947,-500,-5.6357581217778,1.74162349408414,-7.99933527548066
9449,18447,-500,-4.89994726481391,1.31623198444828,-7.09603622296123
9449,18947,-500,-5.69644252887249,-0.424544950503607,-7.99211921555259
9449,19447,-500,-3.98119936652527,0.854813738661944,-8.65192334066496
9449,19947,-500,-5.5895356162258,-1.88340481593689,-5.78270996969055
9949,-20053,-500,-3.11069698298267,-2.20863054427722,-5.31529976037425
9949,-19553,-500,-2.09392375762293,-2.66991524698526,-5.12048425161907
9949,-19053,-500,-4.88321643015278,-2.61643911243993,-6.07287259454639
9949,-18553,-500,-4.51512802125378,-5.39948311286041,-8.19595607822723
9949,-18053,-500,-5.35885718161013,-3.11289881752355,-7.56527756061199
9949,-17553,-500,-5.32881405617885,-5.91712490612872,-8.16572219255927
9949,-17053,-500,-4.76911448298631,-2.46672537916983,-7.84013040638395
9949,-16553,-500,-7.91125934632242,-3.47348495790616,-11.0983349545052
9949,-16053,-500,-9.11233050095689,-6.49287409853703,-12.3097489252782
9949,-15553,-500,-7.5711993664319,-7.06549792632617,-10.9005038469411
9949,-15053,-500,-9.14167316793049,-3.29035456391146,-9.7619111358041
9949,-14553,-500,-8.42019254332511,-5.17538835214539,-12.4288931857847
9949,-14053,-500,-8.04474244868616,-3.62504367266312,-13.7988212075776
9949,-13553,-500,-9.34823429355823,-6.35886936064492,-17.4014247310798
9949,-13053,-500,-10.0681936926115,-5.42396253340046,-15.924657380124
9949,-12553,-500,-13.2110309898821,-7.35925224876668,-18.5013290146289
9949,-12053,-500,-9.8996647110777,-5.81753216961528,-19.8821385199686
9949,-11553,-500,-12.7373741426396,-5.41078199875209,-22.0704784062764
9949,-11053,-500,-17.4191610521229,-5.69778478552999,-28.2742864517873
9949,-10553,-500,-15.4927986861504,-8.91483247583807,-26.9761559138301
9949,-10053,-500,-14.5879791804131,-4.34346399161967,-30.8078285740601
9949,-9553,-500,-23.0176788343847,-7.96670020533964,-28.4992952067464
9949,-9053,-500,-21.3624889871509,-6.0208312839371,-36.0562897071912
9949,-8553,-500,-23.0320523967697,-6.72661504932319,-39.804770500508
9949,-8053,-500,-28.6701632208147,-8.01455851739727,-40.4431466793474
9949,-7553,-500,-28.7198761923834,-8.19433393235213,-51.2455559943264
9949,-7053,-500,-32.5401626264844,-8.14666213285514,-56.6385118445854
9949,-6553,-500,-37.2860702413876,-3.9798998968405,-57.2555345899007
9949,-6053,-500,-38.318790213901,-4.74899489824769,-64.0836237333518
9949,-5553,-500,-44.7794144705111,-5.59949540284918,-69.7366649121141
9949,-5053,-500,-46.1749208878556,-6.17227469170131,-71.1300856771775
9949,-4553,-500,-52.0217610925819,-2.77868145551256,-78.5300133457316
9949,-4053,-500,-54.6967796582378,-3.41759309139549,-87.3801247639182
9949,-3553,-500,-57.5422054586292,-2.81865092473467,-90.4996780206555
9949,-3053,-500,-61.4677609080285,-2.04178614462632,-94.3385899588837
9949,-2553,-500,-64.016637420583,-1.23383767643708,-94.6224337624462
9949,-2053,-500,-63.6855165166903,-0.142722628113232,-99.4236425452169
9949,-1553,-500,-65.5890917578562,1.22405449662354,-97.7066242547525
9949,-1053,-500,-66.0317818161027,1.03452121215257,-98.5394803805183
9949,-553,-500,-67.8528473929344,3.08946716184045,-103.078786876676
9949,-53,-500,-65.3656785342944,1.83701334268307,-101.3239279715
9949,447,-500,-65.9581233368664,3.35320054891752,-96.7168741976554
9949,947,-500,-65.9789258186943,2.61464626770916,-95.363527575986
9949,1447,-500,-64.0815676444277,5.15540315154589,-92.0987871012606
9949,1947,-500,-63.0528298266858,1.67821498436041,-87.2800439417619
9949,2447,-500,-58.0637222765695,3.32869479786524,-85.6205728526907
9949,2947,-500,-52.395468465975,6.987886237926,-81.0363168666468
9949,3447,-500,-51.3068223503104,4.89585823136662,-72.7961326570892
9949,3947,-500,-47.0433721521873,6.03628601657878,-71.3780624196646
9949,4447,-500,-46.4055952948893,7.69010668958431,-69.476221845303
9949,4947,-500,-42.0495797009403,5.36452153065818,-63.3650575496262
9949,5447,-500,-37.9152079712374,4.39817686871017,-50.761728703901
9949,5947,-500,-33.8172291521141,4.55725343908937,-50.7358187191998
9949,6447,-500,-32.7622513297368,5.98464092479116,-49.0026917079754
9949,6947,-500,-27.7069050791216,4.4303107917389,-44.093169123777
9949,7447,-500,-28.9994028939126,6.43359095881363,-42.8785791402024
9949,7947,-500,-24.0920228336192,5.94728046446972,-36.8499508136472
9949,8447,-500,-22.5325604500994,4.9467763548896,-38.076313698346
9949,8947,-500,-19.7968624156416,7.29201782547755,-34.5785037318823
9949,9447,-500,-21.8390704289103,4.03221371522338,-27.9628643296041
9949,9947,-500,-20.2102956651699,4.35393767394527,-27.5704499493918
9949,10447,-500,-19.2057692632198,4.6898251911492,-27.1891512994306
9949,10947,-500,-15.1251695020244,1.23107813106909,-20.6110999914516
9949,11447,-500,-15.9493623514667,2.32257002558469,-20.0196418990598
9949,11947,-500,-16.1907827334663,3.8926189563963,-18.1161112638059
9949,12447,-500,-12.6350484636427,3.50371978714473,-15.6093898633579
9949,12947,-500,-11.7521519276027,2.72970961135316,-16.7475384374564
9949,13447,-500,-10.8274123610325,2.80560076296309,-16.7496638587931
9949,13947,-500,-8.66492559590511,2.1463118022279,-17.7901691755959
9949,14447,-500,-9.71705365033904,2.76480134958925,-15.1238743071035
9949,14947,-500,-8.0289617338339,2.76087602977159,-15.5120645760033
9949,15447,-500,-7.50102501297445,0.82815285468065,-11.1920660991185
9949,15947,-500,-8.78862072545193,1.37455622218294,-12.6172456339169
9949,16447,-500,-6.01598965457632,2.48063593798924,-10.028988210722
9949,16947,-500,-6.48043153934604,0.516815975385921,-11.4537519835016
9949,17447,-500,-7.27909793176637,1.03619829493747,-9.0286562744735
9949,17947,-500,-6.27156383971596,-0.0741702394148986,-6.45582048421352
9949,18447,-500,-7.10026658782497,0.406261463084189,-9.17411654740283
9949,18947,-500,-8.8501241132089,1.29144807681075,-7.53272355116286
9949,19447,-500,-3.9212780504537,-0.479023875890598,-4.01543111999705
9949,19947,-500,-2.34162580125979,1.71078299222798,-3.84586129359893
10449,-20053,-500,-3.41200667345769,-3.2190472416092,-6.3890374124275
10449,-19553,-500,-4.99549174662533,-2.96369576624788,-6.39261864613601
10449,-19053,-500,-3.80462347509986,-5.49632613342967,-6.38433725253076
10449,-18553,-500,-8.18614135080981,-3.2907174990867,-9.74238208460031
10449,-18053,-500,-6.00277886280575,-1.31452674978064,-13.5714250105633
10449,-17553,-500,-6.54771481243114,-5.62026686053199,-7.74100270530114
10449,-17053,-500,-9.1086765914053,-4.65579487910723,-10.1029018368812
10449,-16553,-500,-6.39751270972651,-4.3592704521102,-11.7033535395155
10449,-16053,-500,-5.99279497059377,-5.81170743395621,-13.2518362609496
10449,-15553,-500,-5.6290017180495,-3.46114164760275,-14.6841010080235
10449,-15053,-500,-5.94004017333966,-5.3626699434341,-12.0122607270268
10449,-14553,-500,-6.53474855053358,-5.7685793907118,-14.9253496032643
10449,-14053,-500,-8.27401166806312,-6.4717945558447,-15.8440990622798
10449,-13553,-500,-7.33291068901788,-6.76327136623648,-14.7469311277246
10449,-13053,-500,-8.41156086705598,-6.26545502304805,-17.5210625382799
10449,-12553,-500,-10.3180517710613,-6.77475918461231,-18.7461328735558
10449,-12053,-500,-9.6530209381751,-7.0758264774329,-21.596327189818
10449,-11553,-500,-12.028172822714,-9.99557490205411,-22.9472313288752
10449,-11053,-500,-13.5250272607359,-6.60619699605412,-23.1122597603304
10449,-10553,-500,-13.6803494663038,-7.9897531110974,-30.6509950444017
10449,-10053,-500,-14.4797568807401,-7.37232199955669,-30.0037442307236
10449,-9553,-500,-15.9341347347528,-7.55070050300361,-26.5553044116639
10449,-9053,-500,-18.6093731098718,-9.84306748568303,-36.7823502618963
10449,-8553,-500,-19.4007036749441,-8.18724304023772,-40.3175085003386
10449,-8053,-500,-19.5307858769978,-12.3791898481733,-44.4090936716189
10449,-7553,-500,-21.6764252663321,-8.98363774100344,-52.3534452357393
10449,-7053,-500,-26.5331284438437,-11.7044758129198,-52.7705333548767
10449,-6553,-500,-30.0245688147612,-10.6028054878443,-56.8711109178257
10449,-6053,-500,-29.1500150162018,-9.00609002343059,-62.3687180900478
10449,-5553,-500,-32.9805508596701,-10.4049497767388,-66.6532454080473
10449,-5053,-500,-35.9104264957666,-7.24596326411501,-74.3026264919221
10449,-4553,-500,-37.2458990665634,-5.78952723287436,-73.8558743557015
10449,-4053,-500,-37.6055816557648,-5.77414681908737,-77.2103967942542
10449,-3553,-500,-39.1924343404202,-6.70394169645172,-84.6294829815084
10449,-3053,-500,-43.1503837421881,-4.71153531419153,-84.0295011327243
10449,-2553,-500,-44.9589550189075,-3.38364614998701,-88.9134625407558
10449,-2053,-500,-45.9222551063415,-1.86024848391783,-91.1424597061836
10449,-1553,-500,-47.5879400377105,-0.861509439703121,-97.229469761869
10449,-1053,-500,-47.8238039686408,1.57312034708329,-93.5901491820428
10449,-553,-500,-50.010437718271,3.78016157867421,-92.1646890252937
10449,-53,-500,-48.3080775634689,3.03517677924563,-95.7622075719128
10449,447,-500,-48.8879970822187,4.7909893481177,-90.408028705697
10449,947,-500,-46.326707634767,2.68928610807516,-88.8473587472126
10449,1447,-500,-44.9038981541501,4.280639688795,-89.4999388022878
10449,1947,-500,-44.8645386964582,7.32286116385862,-84.3620374689726
10449,2447,-500,-43.4125267250247,8.01970739253515,-83.002117544257
10449,2947,-500,-40.0571150868936,5.9876930448118,-77.8804193285821
10449,3447,-500,-40.8835075504568,8.21075524202871,-75.6160215131977
10449,3947,-500,-37.7565229681793,9.28646034718947,-67.085850922982
10449,4447,-500,-33.019703209305,7.35415071082303,-62.2115240189264
10449,4947,-500,-30.8829303609237,6.59305191554327,-57.4927601099448
10449,5447,-500,-30.4014691972481,9.4258541852404,-54.0723134353269
10449,5947,-500,-27.8003631234816,7.53533240821153,-50.9110614498899
10449,6447,-500,-23.1668348495804,7.37077131396215,-48.5103435071056
10449,6947,-500,-21.6740222109501,6.19511246696102,-41.6085044418167
10449,7447,-500,-23.460142470356,8.77704028570222,-39.6553480216668
10449,7947,-500,-19.7282307753451,7.63015369156449,-35.4828129850351
10449,8447,-500,-19.0470607817063,5.85803248088051,-35.8290565047817
10449,8947,-500,-16.1919171929177,3.18720404925263,-30.9961459602083
10449,9447,-500,-16.9753580648032,5.64320513720662,-29.5263864041829
10449,9947,-500,-14.3062040802487,4.8896076671059,-29.1375026930574
10449,10447,-500,-13.8443832489854,3.50317995639741,-21.7934036142799
10449,10947,-500,-13.9147907950566,4.35043185853896,-22.2919513231502
10449,11447,-500,-12.0821439142503,2.97714750955846,-21.3336840083008
10449,11947,-500,-13.3067464748536,6.55284665670521,-16.6620657106349
10449,12447,-500,-13.8752220387507,0.259053326123872,-17.8766734702462
10449,12947,-500,-11.3883782335703,3.12030271400652,-20.264038415317
10449,13447,-500,-7.46009343744936,2.97239782641899,-12.7280953722547
10449,13947,-500,-9.69152328907721,3.80348445615043,-15.4660632646888
10449,14447,-500,-8.7220020170644,0.718275311790873,-10.9442244888631
10449,14947,-500,-7.97247120587588,2.7365616288107,-8.46397750937084
10449,15447,-500,-8.80753179689993,2.93067792020065,-12.3595022559659
10449,15947,-500,-8.47956762589427,3.85027748173461,-10.6662188909367
10449,16447,-500,-6.10334709216166,2.53367635326651,-12.6507336371387
10449,16947,-500,-4.43923431342822,-0.319625850864048,-11.1068714119007
10449,17447,-500,-7.37778524537807,0.739752663513786,-6.91495628416213
10449,17947,-500,-7.3110727751659,2.75244553158351,-9.76563067811331
10449,18447,-500,-8.39493301797269,-0.0413640231266479,-10.409655602224
10449,18947,-500,-7.19080596406121,0.644350076197509,-6.84842032134905
10449,19447,-500,-5.64074496735517,2.42447125674019,-6.25598040065139
10449,19947,-500,-4.97656726594598,2.26765831145469,-4.7745417878731
10949,-20053,-500,-4.46817623212586,-1.05767244279967,-4.5633012568998
10949,-19553,-500,-5.10174262913157,-1.21703382754253,-5.69128580504836
10949,-19053,-500,-2.90147620013694,-3.13259161717992,-4.19398851427979
10949,-18553,-500,-1.1857492678783,-3.81379426495003,-8.75073281043094
10949,-18053,-500,-5.27075367856456,-4.84793126177535,-7.96162403218779
10949,-17553,-500,-3.95341835272671,-4.3083795620196,-9.88349539006935
10949,-17053,-500,-5.84928400299242,-5.73694795910379,-6.16273266255499
10949,-16553,-500,-3.87336017937516,-7.09315886753884,-10.3628266504268
10949,-16053,-500,-4.36453338813875,-4.93576078052776,-7.59768101146598
10949,-15553,-500,-4.3087949563297,-6.27277841301348,-9.4328995732888
10949,-15053,-500,-8.59446401008468,-5.63412883316169,-11.6633005578213
10949,-14553,-500,-6.5460053853246,-5.64481209292643,-13.601372190447
10949,-14053,-500,-7.19367993985616,-6.1804790609263,-15.1488640765141
10949,-13553,-500,-8.31754095685006,-8.03604413780981,-15.6919706874908
10949,-13053,-500,-9.1771587174854,-7.15143520020827,-18.5051942399058
10949,-12553,-500,-8.64851094305657,-5.33696034012191,-17.5004043326466
10949,-12053,-500,-8.17187922702192,-9.07855299768337,-17.6279738943009
10949,-11553,-500,-11.132611382594,-8.20319854949945,-19.4767175836652
10949,-11053,-500,-10.7230263958899,-8.47051624341131,-24.3943284683649
10949,-10553,-500,-13.5438222122277,-7.17044757732261,-27.5792045401753
10949,-10053,-500,-15.25755956104,-8.67229037487817,-27.323369739601
10949,-9553,-500,-12.4531752057179,-11.4143343230429,-32.1357803374144
10949,-9053,-500,-15.7800314982518,-9.55028957972287,-30.4678278608917
10949,-8553,-500,-15.7951812891985,-8.6316552207035,-36.2065080365048
10949,-8053,-500,-17.2411713668035,-10.0463576658312,-41.6833579327086
10949,-7553,-500,-16.9059377378147,-11.0809477695216,-44.3141777465347
10949,-7053,-500,-19.4021201997036,-10.3673132759745,-47.7406093522476
10949,-6553,-500,-18.0294869463775,-11.1936897379138,-52.8194147635314
10949,-6053,-500,-22.3230438582182,-10.2562899102018,-57.2861830478409
10949,-5553,-500,-22.3965990360435,-8.47001240883057,-63.0163957477252
10949,-5053,-500,-26.1193763395477,-8.69791174012339,-68.2539490508248
10949,-4553,-500,-25.768658384504,-9.13745917120411,-69.0110531579405
10949,-4053,-500,-26.8207562287206,-4.5670104340239,-77.5909264673828
10949,-3553,-500,-29.8262464924514,-7.61923675479711,-75.143163098881
10949,-3053,-500,-29.6221593066032,-8.04511312005916,-81.0040534115347
10949,-2553,-500,-31.1983434084276,-3.81598343116965,-81.6675315979741
10949,-2053,-500,-33.0109404261844,-1.99509209978276,-83.661078838582
10949,-1553,-500,-32.6412581976927,-1.59411195940168,-88.1942805216454
10949,-1053,-500,-31.3866400310479,0.0169727005627102,-87.8841435547261
10949,-553,-500,-31.499702365608,-0.933790316907462,-90.1032363488636
10949,-53,-500,-33.4283646665961,3.87604168621305,-89.6521812179103
10949,447,-500,-32.8948152577774,6.45261854183916,-85.355217025317
10949,947,-500,-32.7096446775021,6.48512704057246,-80.5400443049925
10949,1447,-500,-29.8770715406438,6.14111251919518,-82.6626602575534
10949,1947,-500,-30.5852796980209,9.66685438196228,-79.256132317859
10949,2447,-500,-32.5559070405848,9.0572890528936,-74.928424769428
10949,2947,-500,-30.486058416295,10.5887727257516,-68.5769019865243
10949,3447,-500,-26.1590021495285,10.4850776670944,-69.4951367859036
10949,3947,-500,-28.4212589317242,12.0805399117254,-65.4662487379489
10949,4447,-500,-26.5642837252034,11.7610800025265,-57.3076698780941
10949,4947,-500,-23.8258179511672,9.90647528128952,-58.11725788238
10949,5447,-500,-22.678107172078,9.24026002027009,-50.281905980839
10949,5947,-500,-21.967867013537,10.0540072982135,-47.4470327311861
10949,6447,-500,-19.950855925934,9.43130432784994,-44.7818239676647
10949,6947,-500,-19.9530925146956,9.3466783881058,-41.0947999881739
10949,7447,-500,-17.391748386078,7.35565937034992,-36.8579429376425
10949,7947,-500,-18.255805590107,7.82211495323892,-37.4260207653685
10949,8447,-500,-15.7566665379347,7.89022598162279,-34.5252797260628
10949,8947,-500,-13.2419397865498,8.45225489163978,-29.6637974527011
10949,9447,-500,-14.4230216785458,8.08243165844205,-28.1318588045153
10949,9947,-500,-12.8800518806125,5.18569866189081,-24.7863963027229
10949,10447,-500,-10.3465061285645,4.99098546554826,-21.0823613317516
10949,10947,-500,-14.048860019548,4.23062134879181,-20.0635950206182
10949,11447,-500,-10.6973299353753,3.63018939640284,-22.9673939671559
10949,11947,-500,-9.15802161068365,3.50070459186185,-19.5850528820824
10949,12447,-500,-9.72079213559424,5.81296956879571,-18.3288754473448
10949,12947,-500,-11.6038182732517,4.91640451416476,-12.5072418087034
10949,13447,-500,-10.1853629856365,2.93824210133693,-15.3338371511965
10949,13947,-500,-10.565533242436,3.57254468843681,-14.0134217775483
10949,14447,-500,-10.6865416350691,3.56942182523478,-7.96619345959304
10949,14947,-500,-7.71151097995789,5.16246118485726,-11.6960753138162
10949,15447,-500,-8.51109022818711,4.697739269267,-13.906908984541
10949,15947,-500,-7.74314027439731,1.90303555619938,-10.9990208721217
10949,16447,-500,-6.91461627914009,0.955710763116584,-8.64126681235542
10949,16947,-500,-6.43415894921379,1.31391461947175,-7.16989423676332
10949,17447,-500,-5.94005878439144,2.58073431228335,-7.45910920208347
10949,17947,-500,-5.2660373615457,2.57794621199569,-9.66553012727896
10949,18447,-500,-8.10685826155782,0.887571617342148,-8.70630488910606
10949,18947,-500,-5.87270437174297,2.05287508606707,-3.72545888745326
10949,19447,-500,-5.95371835518324,0.861245182263994,-5.25617275695061
10949,19947,-500,-5.45002834906811,3.23062222821462,-8.46531574369274
11449,-20053,-500,-4.55890271741646,-6.41452973353805,-11.1264675574797
11449,-19553,-500,-2.59048637092976,-4.70890099452971,-6.17873028134118
11449,-19053,-500,-5.3734153835363,-7.00392978796993,-6.71652439852358
11449,-18553,-500,-0.371698605995387,-3.18349825793106,-9.44790131000427
11449,-18053,-500,-4.37431090729749,-6.30358413410666,-7.78862261355232
11449,-17553,-500,-4.70466199391615,-3.54492517755133,-6.68918398996662
11449,-17053,-500,-2.42685476591352,-5.8920596952697,-8.69514391749065
11449,-16553,-500,-4.04414547089829,-5.95357814491035,-10.1584493807576
11449,-16053,-500,-4.59991168458674,-3.52663002953346,-8.86058190838296
11449,-15553,-500,-4.05541835576236,-3.93109163334855,-13.074484752612
11449,-15053,-500,-6.17290166637979,-6.60569181068428,-12.5676627139368
11449,-14553,-500,-4.62571565730463,-5.46126689425024,-13.0292225221546
11449,-14053,-500,-7.03290271186554,-6.26797263470478,-14.1451007942786
11449,-13553,-500,-4.93462774284454,-7.29713354185169,-13.2011664614372
11449,-13053,-500,-7.83833207800749,-6.28419247850282,-17.7656240605288
11449,-12553,-500,-8.33385157350676,-9.56304724280499,-18.807785268677
11449,-12053,-500,-7.00607533299539,-8.94268335183518,-17.3945631766806
11449,-11553,-500,-9.28779633419,-7.99700237081418,-23.5624088586287
11449,-11053,-500,-10.0316669217388,-9.52377432642148,-23.8897834132103
11449,-10553,-500,-10.6156595750194,-11.5052845201412,-24.9654173553998
11449,-10053,-500,-8.69437454415267,-11.7638202054358,-24.3856501270835
11449,-9553,-500,-9.93012692471885,-9.14784391222136,-29.8126445567218
11449,-9053,-500,-10.5359836781436,-9.95785987362232,-32.8900480330864
11449,-8553,-500,-11.3048509320341,-11.4624404286848,-34.9620290954861
11449,-8053,-500,-12.460350575946,-8.60151900496678,-35.7741690480485
11449,-7553,-500,-14.4587636302497,-12.3913151914214,-39.8754302560385
11449,-7053,-500,-16.0362332417719,-11.2569175071745,-47.5018666019302
11449,-6553,-500,-14.25952917649,-9.85261692520472,-48.4465266970576
11449,-6053,-500,-15.7568478429546,-9.92543359459383,-50.4998628719406
11449,-5553,-500,-17.4368918790813,-11.2618637717065,-56.4487894464589
11449,-5053,-500,-16.6337430897092,-10.2485345243531,-60.1957078249507
11449,-4553,-500,-16.5576575909816,-10.3130325166038,-65.371220767217
11449,-4053,-500,-18.2833849190946,-8.65744103544485,-67.067861190881
11449,-3553,-500,-17.1651446787595,-8.16032852491523,-68.4765491993861
11449,-3053,-500,-18.1979182510999,-6.66040692318765,-77.0969365524419
11449,-2553,-500,-18.0670594526088,-6.50057004142172,-78.3310808270144
11449,-2053,-500,-16.8941650054063,-5.35701426677523,-81.1722296556977
11449,-1553,-500,-21.6752868853195,-1.35737109500512,-77.5316843043778
11449,-1053,-500,-20.1311519258915,1.77147202623041,-78.5724278497345
11449,-553,-500,-19.95322875501,-1.67525343299054,-80.5806115174318
11449,-53,-500,-20.5387077301454,1.86870693827953,-79.1258242955294
11449,447,-500,-20.0598525974354,4.35703571587991,-76.3937395677889
11449,947,-500,-21.5632270203963,6.82071778636408,-73.8048824343259
11449,1447,-500,-20.3468585495549,6.00158600038234,-77.4077503385022
11449,1947,-500,-23.4229913460213,7.19920074918451,-72.1068722698016
11449,2447,-500,-18.534547715422,9.20496206274631,-67.2341745084783
11449,2947,-500,-17.6934696141489,11.2089354881022,-66.8345653425415
11449,3447,-500,-17.6513408241798,8.53068015785445,-63.640818409243
11449,3947,-500,-18.1727094929445,9.72037021022448,-59.3761898957472
11449,4447,-500,-20.3066564099926,11.2670815655451,-52.8270049871914
11449,4947,-500,-18.7058695441743,10.390285301476,-51.7002649563884
11449,5447,-500,-15.8262141886674,9.754827283385,-48.168181249974
11449,5947,-500,-17.2880098432186,10.3983867892337,-45.0546041606208
11449,6447,-500,-16.4850474295857,11.9634118251814,-42.6715713822328
11449,6947,-500,-14.8840754895998,8.97008542224273,-36.5949222258765
11449,7447,-500,-14.7664145425963,9.22814469797381,-36.6322200070281
11449,7947,-500,-13.2100697368047,8.32443672444818,-32.5144681538713
11449,8447,-500,-13.2069918339452,9.91395331700774,-31.4884397298193
11449,8947,-500,-10.2560106147576,6.84449520746992,-28.6279188717944
11449,9447,-500,-10.7694753534094,7.80695687646872,-23.6729785130897
11449,9947,-500,-13.0555793844312,8.72218121559993,-20.7370659981221
11449,10447,-500,-11.8429627814936,7.90646137567842,-22.9762242025338
11449,10947,-500,-10.6280054484604,7.32000526826308,-22.153114551083
11449,11447,-500,-8.80641527329274,5.42410377235543,-20.1966346098156
11449,11947,-500,-10.0233167628592,4.79053720988232,-18.9104267570207
11449,12447,-500,-9.93562841926104,4.39854830150094,-16.055670827997
11449,12947,-500,-7.96272668974541,5.25949709890337,-15.1947165278184
11449,13447,-500,-8.56409329854639,5.3519888285689,-11.8550053161002
11449,13947,-500,-3.94021133189843,5.26952146130912,-11.8997033340577
11449,14447,-500,-4.92147876740479,3.18383178059705,-14.9254281336657
11449,14947,-500,-6.99531334291134,4.52397513767655,-8.65181805491125
11449,15447,-500,-5.45727402505791,4.96906754567955,-8.78605369944173
11449,15947,-500,-7.64507766384976,5.12582636444717,-9.04653550680751
11449,16447,-500,-4.95970503206089,3.03733747786274,-7.21898063088571
11449,16947,-500,-5.02867379285541,2.68090187731637,-7.48674770633436
11449,17447,-500,-6.14595297824433,2.14288215915822,-7.05752399091995
11449,17947,-500,-6.64396413233806,0.0821552133808956,-5.39398271620113
11449,18447,-500,-4.48228708381057,0.957618890502223,-6.58860001449321
11449,18947,-500,-5.1401988410454,1.40877680470233,-6.29706022339026
11449,19447,-500,-4.24615632933469,0.134379094662587,-6.4144742700355
11449,19947,-500,-5.64119949944078,1.31473786779543,-3.81432657120104
11949,-20053,-500,-3.58003666398235,-3.39708508194792,-6.81332666992733
11949,-19553,-500,-1.36525176531533,-4.02632963767507,-6.56270008683456
11949,-19053,-500,-3.83043487900256,-6.33958889648923,-6.61088155381302
11949,-18553,-500,-3.17221382866488,-6.1980555738732,-6.83514950896217
11949,-18053,-500,-5.52512191368713,-5.90104079384913,-6.03107211329125
11949,-17553,-500,-4.23121874997967,-7.0418370181436,-8.22718691297873
11949,-17053,-500,-0.824817384808691,-3.4088529944831,-9.98735640745547
11949,-16553,-500,-3.84707184228371,-6.03122977812559,-6.16024828003409
11949,-16053,-500,-3.21004691988801,-6.94186388766952,-9.15537436533115
11949,-15553,-500,-0.672590276064904,-6.84024692968618,-8.7057660364913
11949,-15053,-500,-2.53401887348478,-5.81874023514178,-12.696922089294
11949,-14553,-500,-3.83873532666679,-6.07965361996601,-12.4519873382948
11949,-14053,-500,-8.16922730887634,-8.25421538406591,-12.4927122596062
11949,-13553,-500,-3.37180399352825,-6.4999750843656,-15.5496385669765
11949,-13053,-500,-7.84090480584796,-7.14912596607009,-14.9831367032827
11949,-12553,-500,-8.91710667836506,-9.12224080927442,-17.0352239796048
11949,-12053,-500,-8.05898543924232,-8.58851630911329,-18.6666455438729
11949,-11553,-500,-8.28868053808492,-9.14321253343217,-19.6033805200969
11949,-11053,-500,-6.40524819952886,-9.88728909594195,-24.9495798547728
11949,-10553,-500,-8.14933506533723,-8.71129166040298,-22.6544378282645
11949,-10053,-500,-8.54698340983314,-10.7694077736457,-27.2886767550922
11949,-9553,-500,-8.55481197810133,-11.2861702967531,-28.5796210603728
11949,-9053,-500,-6.80078839245359,-11.7384620354733,-31.0793983085909
11949,-8553,-500,-10.6510187730558,-11.8463067915387,-33.6855083350512
11949,-8053,-500,-11.2915241080489,-9.926918136915,-35.7726685854056
11949,-7553,-500,-10.3939923539748,-13.5512565504695,-35.781910115038
11949,-7053,-500,-11.0546786246432,-13.9427886588922,-42.7363676305421
11949,-6553,-500,-9.75021041714888,-11.9814053873195,-47.5091307107602
11949,-6053,-500,-10.3796530836328,-13.0506562743292,-49.5503503379515
11949,-5553,-500,-11.0570029780016,-13.0030705654847,-51.2688580558063
11949,-5053,-500,-11.3029225257907,-11.1252076398711,-57.2263818701424
11949,-4553,-500,-8.94378252438733,-12.0586504785895,-60.301277068574
11949,-4053,-500,-11.6621769914601,-10.056653388414,-62.2117077897079
11949,-3553,-500,-7.80683208838708,-8.43268796760233,-66.428534167393
11949,-3053,-500,-10.0188584169739,-8.32319182080161,-71.0652575871342
11949,-2553,-500,-13.4750335908555,-4.86282922322202,-71.5382944955484
11949,-2053,-500,-9.22561806365926,-5.82537658894736,-72.4863843554857
11949,-1553,-500,-10.2368835830073,0.179867036665477,-73.4651638258483
11949,-1053,-500,-10.3646048370718,-0.607412472879237,-72.6439855198015
11949,-553,-500,-12.4565820547024,2.29400049665697,-74.7265114761564
11949,-53,-500,-12.1222883644123,4.35417840681805,-73.2538554041572
11949,447,-500,-13.143058792407,3.59134818758194,-73.0790099562993
11949,947,-500,-13.1689895755871,6.82033602840709,-69.8202805407259
11949,1447,-500,-11.1116957039142,9.71822696679833,-65.6068334059661
11949,1947,-500,-9.75366214559321,6.83209984184843,-65.5476976864592
11949,2447,-500,-14.8386105793404,11.5109093101181,-62.9126547417362
11949,2947,-500,-9.89689944553734,11.4980077650395,-59.7120433657811
11949,3447,-500,-11.1730390496504,10.0248022464379,-59.5711655924431
11949,3947,-500,-14.3452541770957,11.7585609324116,-56.1058909238646
11949,4447,-500,-13.1488366249234,12.1558385665649,-55.4700976714766
11949,4947,-500,-13.0398193159824,12.7702103631829,-50.3590681327017
11949,5447,-500,-11.8209362240927,11.132593399726,-46.2011422223607
11949,5947,-500,-10.4601951041223,11.9606103934523,-41.6208927896959
11949,6447,-500,-13.6228581820994,10.3112603352206,-42.9750024109755
11949,6947,-500,-11.2144840089688,8.46909310935092,-34.1146517028272
11949,7447,-500,-9.93696553405268,9.95236103800709,-32.2414149454072
11949,7947,-500,-9.81515364251214,10.0340399662344,-27.9671980454629
11949,8447,-500,-12.2497253153155,8.7849663727832,-31.5938508444394
11949,8947,-500,-10.0114619431736,8.74094588334616,-25.8550151526132
11949,9447,-500,-8.70296013984628,7.90071575071834,-22.871615264596
11949,9947,-500,-10.3693551040884,7.65115129702095,-20.31143145404
11949,10447,-500,-9.29856691366635,9.64621312063589,-21.0083457153024
11949,10947,-500,-6.50152477863309,6.68758384777152,-15.5347359535388
11949,11447,-500,-9.56165841858594,5.76653824736382,-20.6915371791231
11949,11947,-500,-6.21864197050992,7.04588649656114,-19.4810750901077
11949,12447,-500,-8.62675942052484,4.28313442126727,-16.6867164099735
11949,12947,-500,-8.8380771027832,5.4913197144305,-10.8666068171305
11949,13447,-500,-9.31903260204143,2.64557493796637,-14.8117355939479
11949,13947,-500,-8.25687883243997,3.719255405905,-16.7843272392102
11949,14447,-500,-6.04944942139322,2.33880081883818,-9.49099965795107
11949,14947,-500,-7.69905519519296,1.94305167805834,-12.7868019571319
11949,15447,-500,-4.65152051804769,4.22481016641284,-8.29093904772246
11949,15947,-500,-5.64676096477558,2.59334265169343,-6.20542884975579
11949,16447,-500,-5.7658569325835,4.47178681797338,-14.4487506764369
11949,16947,-500,-5.43777425020521,2.64986814759658,-13.9671707843835
11949,17447,-500,-4.2468314777295,1.91892331484095,-7.39689935737213
11949,17947,-500,-5.04440179744696,3.22328961834052,-8.03688174854224
11949,18447,-500,-6.57359180778784,1.99860441719552,-7.56384374931235
11949,18947,-500,-3.04970583911089,2.11444478190908,-6.94156092194039
11949,19447,-500,-4.54916238660993,0.402671168676219,-4.26471895589759
11949,19947,-500,-4.5336338269351,1.93528297634619,-5.70528297673325
12449,-20053,-500,-2.8330917233189,-4.54994901220887,-8.64711020209517
12449,-19553,-500,-2.2968689275137,-4.28589223613637,-3.36275240777301
12449,-19053,-500,-3.79654611498928,-2.58190469566326,-6.81433194991084
12449,-18553,-500,-2.45746530196359,-5.12405230086083,-10.8119217597997
12449,-18053,-500,-2.73590258771671,-4.17439749419397,-5.73400101530039
12449,-17553,-500,-3.08258682470231,-5.52808940530558,-7.80451489698325
12449,-17053,-500,-3.77808663224392,-7.75537766018206,-8.63963777616026
12449,-16553,-500,-2.20650751622894,-5.55996911626544,-8.68552259110272
12449,-16053,-500,-4.54323969224333,-5.90002172059561,-9.77121982429128
12449,-15553,-500,-3.58190143810927,-6.67131140558502,-10.1658780260729
12449,-15053,-500,-4.5994318825596,-5.53330824573392,-8.76569262469957
12449,-14553,-500,-2.93832156773297,-8.40151015989183,-11.404103310236
12449,-14053,-500,-6.31148108906945,-7.83013037539543,-12.4762144780651
12449,-13553,-500,-7.20379760405045,-5.64756540127941,-12.8933568671521
12449,-13053,-500,-4.36671368012657,-7.04788181844813,-14.9871462004293
12449,-12553,-500,-5.5760527365937,-8.72576190969645,-18.037133925987
12449,-12053,-500,-6.20250591395204,-5.48461831217445,-19.0900310622814
12449,-11553,-500,-5.14158552488359,-9.52883000558474,-17.6383790843269
12449,-11053,-500,-4.96357979806391,-11.8067750283027,-21.4124244668336
12449,-10553,-500,-7.3021507953403,-9.75123692303687,-23.2105971137015
12449,-10053,-500,-8.25984206135754,-8.20105119854307,-23.5677537289267
12449,-9553,-500,-4.02788861856819,-13.1661093632964,-31.1015013892656
12449,-9053,-500,-5.64559004013457,-15.6493229428714,-28.0039633320368
12449,-8553,-500,-6.44021618021393,-13.3859452362154,-31.5306317191679
12449,-8053,-500,-4.93909618250945,-13.5754434683252,-34.8946692175755
12449,-7553,-500,-6.0036552682919,-11.7572834420583,-37.4887773504286
12449,-7053,-500,-6.98922486834163,-12.3496223272592,-40.8831638021432
12449,-6553,-500,-6.28939669282856,-12.4498245009864,-43.0460939796106
12449,-6053,-500,-5.94209210236008,-11.7593015243103,-45.6801375019291
12449,-5553,-500,-3.65035193488912,-9.67656644153003,-48.6311907187204
12449,-5053,-500,-7.88109700617842,-11.7774729815906,-50.6179863333325
12449,-4553,-500,-6.35679672465732,-8.20719649532884,-54.5168321362275
12449,-4053,-500,-2.38189134910308,-7.19530067629092,-55.7311686816217
12449,-3553,-500,-6.36016225930168,-9.80364613511234,-58.2646080646011
12449,-3053,-500,-4.54476244899686,-4.73902373130604,-62.511612706771
12449,-2553,-500,-6.72447554879339,-4.21047487527429,-64.2543319806281
12449,-2053,-500,-4.45776276332899,-4.44107046209105,-67.5942258573784
12449,-1553,-500,-5.98532582914702,-1.81111162080586,-63.172025134231
12449,-1053,-500,-5.88294838525419,-0.525118976091638,-63.6940630080547
12449,-553,-500,-5.25319354394016,1.1779935053984,-68.9062397964707
12449,-53,-500,-4.75358196182226,1.42226486187806,-64.8249298399434
12449,447,-500,-5.29539750094207,4.68957379046048,-63.1297610075613
12449,947,-500,-6.02318199444015,4.75242477353291,-61.2722802007735
12449,1447,-500,-6.54449968008233,6.51971151393054,-61.7135222402144
12449,1947,-500,-6.77923437660096,7.84433636116218,-61.1166049952007
12449,2447,-500,-6.66560529377042,9.81586018926569,-58.476223503658
12449,2947,-500,-6.85581508421363,7.94291003802284,-53.5863813612448
12449,3447,-500,-7.66173338641933,8.13441753729775,-50.3384334175796
12449,3947,-500,-7.79037454239253,9.91429330787517,-49.5007109361597
12449,4447,-500,-9.74980119015059,9.66181244087242,-50.8651309231552
12449,4947,-500,-9.38876343150692,10.1205547023261,-41.9812098691324
12449,5447,-500,-10.2154270534878,11.8391029229616,-37.8199398802962
12449,5947,-500,-7.50607993655281,11.7900520878706,-41.2363320449933
12449,6447,-500,-6.75623781841268,11.3088774281002,-38.5431946523277
12449,6947,-500,-8.34101580790993,10.3150597320761,-33.3860238565946
12449,7447,-500,-9.3098544278322,8.34812922519957,-32.8299249114831
12449,7947,-500,-9.7267855045356,10.4298192478507,-30.4307023488901
12449,8447,-500,-6.7711439218993,10.4747847437253,-27.6681797248365
12449,8947,-500,-6.29247830854217,9.48847352825152,-21.7103555912674
12449,9447,-500,-9.3712804835444,7.38850085832565,-22.4867218745141
12449,9947,-500,-6.15222520902292,6.84836693688628,-23.4726047463689
12449,10447,-500,-7.75729616007778,4.53761762266463,-15.8168717593921
12449,10947,-500,-8.29060792334093,7.6113304950608,-18.0698902692129
12449,11447,-500,-5.91747531720393,6.70963227578467,-18.19818357817
12449,11947,-500,-6.55453994876653,7.10501832568692,-12.2336825335693
12449,12447,-500,-4.90247107664029,1.8389197543192,-14.5165634249428
12449,12947,-500,-9.17927802616672,6.68092779853904,-12.2358174061713
12449,13447,-500,-8.08697620646587,5.59957460566107,-13.1891636093294
12449,13947,-500,-6.52954085739647,2.77902342389941,-12.0702018436936
12449,14447,-500,-6.96174621895753,3.33327728811106,-13.7828428867798
12449,14947,-500,-5.59233467030448,4.26180453059587,-10.9962602096177
12449,15447,-500,-6.56604655274916,3.46685151975063,-9.21032751477592
12449,15947,-500,-5.48233315063481,1.46264543558167,-7.08423362241946
12449,16447,-500,-6.16220957429558,0.60314014383638,-8.0716269767951
12449,16947,-500,-2.73198093139787,5.53027812165044,-8.81152480291059
12449,17447,-500,-4.12409363072917,1.49792943626425,-9.03231468962997
12449,17947,-500,-3.89406893363794,0.575392744511011,-4.7924576919895
12449,18447,-500,-6.17909449938653,2.42908047587746,-7.42141017906202
12449,18947,-500,-4.51782069938779,2.7052467357377,-7.72860234749746
12449,19447,-500,-5.63373297368499,1.73720205241882,-5.02446296660661
12449,19947,-500,-7.64302941392605,1.39607285655389,-3.16401940792983
12949,-20053,-500,-4.21029081961519,-4.07659810098073,-4.66165686415336
12949,-19553,-500,-6.2455187496615,-3.93300914194772,-7.66141462906643
12949,-19053,-500,-2.36928068314177,-3.07552027853179,-6.93397856544424
12949,-18553,-500,-0.965677930012296,-6.23826889471647,-5.49710945610189
12949,-18053,-500,-1.94003914641453,-6.16071567137113,-5.33652665417699
12949,-17553,-500,-5.44875940196386,-6.88251723910813,-3.72770526898237
12949,-17053,-500,-2.44764594668989,-5.01255295814246,-6.69283227058955
12949,-16553,-500,-2.92586903430452,-5.70013828933725,-10.4629474830856
12949,-16053,-500,-2.97823693942623,-7.12146314467871,-10.8509803672218
12949,-15553,-500,-5.08882809720952,-7.05780593085413,-11.5423697455239
12949,-15053,-500,-4.56074098068607,-8.00974209667742,-9.44095747360059
12949,-14553,-500,-4.9283430248504,-7.35405685435222,-15.7631916715616
12949,-14053,-500,-4.24726858400893,-5.53388134006047,-13.989846027426
12949,-13553,-500,-1.85776273081889,-7.53224849740034,-10.8005339936348
12949,-13053,-500,-2.43737776863425,-10.210291385955,-16.7733410410287
12949,-12553,-500,-3.73293432379325,-10.5379094549147,-18.956462126412
12949,-12053,-500,-4.00365538125005,-10.5647929706609,-16.169078962214
12949,-11553,-500,-3.55224462692713,-8.34621414154224,-16.4284554683911
12949,-11053,-500,-4.34186296154714,-10.0444204287772,-20.2122513756382
12949,-10553,-500,-5.19812155098395,-8.56178191393759,-19.2179470213886
12949,-10053,-500,-2.45213730162633,-9.72252067339928,-25.5313932505532
12949,-9553,-500,-4.58614474419336,-11.0877786323855,-20.6319819269174
12949,-9053,-500,-4.66750500524633,-10.6222448134095,-25.727167245954
12949,-8553,-500,-4.83597621290135,-10.776867340908,-30.8784981848811
12949,-8053,-500,-2.85138400952414,-13.3958513763263,-29.5812541179807
12949,-7553,-500,-2.71083295737185,-12.084139566238,-36.3091571237707
12949,-7053,-500,-3.73642891267318,-12.0646536737565,-39.2389974417313
12949,-6553,-500,-2.11634554199918,-12.385560027951,-36.2920210676367
12949,-6053,-500,-0.337900115938926,-13.5647812769391,-44.0184188917798
12949,-5553,-500,-1.27464070738681,-12.7682424438158,-47.5658822503696
12949,-5053,-500,-1.67234364656736,-11.888609659694,-47.7090314935245
12949,-4553,-500,-0.925622282342172,-13.0452642854528,-52.8005647702558
12949,-4053,-500,1.07719608286736,-6.34605598466309,-49.8009703910376
12949,-3553,-500,-2.37190324478552,-7.53514384625896,-52.8971570847945
12949,-3053,-500,-1.31298362998439,-6.12336922714225,-55.3964974189116
12949,-2553,-500,-0.638313075608191,-4.98367694403017,-57.186142441781
12949,-2053,-500,-4.73296129050073,-3.05101356236646,-57.7937348607366
12949,-1553,-500,-1.36690962151887,-0.0529651486940479,-60.6015247271413
12949,-1053,-500,-0.734382973490693,-1.18383772932543,-61.279694020702
12949,-553,-500,-2.07245671599027,1.58670408899032,-61.3253123366836
12949,-53,-500,-3.22863859789478,2.06642688584931,-59.3932716010727
12949,447,-500,-1.3687266682085,5.47084783570566,-57.23513348908
12949,947,-500,-0.155891341674799,6.11434705354928,-55.6143018642465
12949,1447,-500,-0.936532932543338,8.43948135027636,-53.8288611583158
12949,1947,-500,-2.32048262764507,3.7987576745386,-52.8372357069936
12949,2447,-500,-2.99370344173918,7.78085889541017,-54.2953143395238
12949,2947,-500,-4.08871433432209,9.36575214020494,-48.7569245535125
12949,3447,-500,-5.01107673039986,10.0127707846739,-46.5358679482418
12949,3947,-500,-4.75286616260736,9.81897910993133,-43.8241271059391
12949,4447,-500,-3.26948934537591,11.6365816328081,-44.3946045737892
12949,4947,-500,-5.22397448068799,9.93178813122953,-40.3406157501029
12949,5447,-500,-3.66717046904336,12.0602646563858,-37.7736829568639
12949,5947,-500,-4.82098556031345,9.10051111027183,-37.1836802820109
12949,6447,-500,-6.54320348761276,9.73043897125573,-30.9106729074117
12949,6947,-500,-5.9878324832197,10.6600419519231,-32.3107578292666
12949,7447,-500,-6.3652939411614,10.6295383940311,-31.4446455575166
12949,7947,-500,-6.85695410626401,8.70506056519717,-27.5683893654992
12949,8447,-500,-6.09091666349998,10.1854064456956,-26.2098304583703
12949,8947,-500,-4.17306495858447,9.22532987119999,-20.6514113480452
12949,9447,-500,-5.13235540877534,9.51478974984272,-22.3259778890714
12949,9947,-500,-4.70903499460787,8.43821702866189,-21.1317490214634
12949,10447,-500,-8.28986180393915,7.60850184025649,-18.8131713400175
12949,10947,-500,-7.32869918669882,9.74749982263612,-21.8852717471439
12949,11447,-500,-8.95422859110666,7.48649399319075,-14.3994533967365
12949,11947,-500,-6.82242732949054,8.66339156648397,-14.8312120064478
12949,12447,-500,-5.90308363829087,7.59345051242777,-14.5788572251241
12949,12947,-500,-5.21461359385078,6.05063053410787,-11.3147431842166
12949,13447,-500,-5.43985902617389,4.93009585664122,-12.192788428721
12949,13947,-500,-4.74625700765343,3.93625195993218,-10.7184787539496
12949,14447,-500,-3.2598704063401,4.78520325418626,-7.2062111522245
12949,14947,-500,-6.57692595835582,4.53522440677041,-9.73473139852428
12949,15447,-500,-3.5366178732461,3.11790526514089,-9.95210658954727
12949,15947,-500,-4.80878564427511,3.00212775453572,-13.6348208923102
12949,16447,-500,-4.81476439593732,3.47778331110012,-6.97884129986083
12949,16947,-500,-1.89552015993113,2.75534593075811,-3.15452742853234
12949,17447,-500,-6.14485637605121,1.29212128948365,-7.53467359274312
12949,17947,-500,-2.35953834254149,0.0345149278077997,-7.88818713475146
12949,18447,-500,-3.47387390555405,2.81547656688819,-6.2555277034103
12949,18947,-500,-2.39030889132356,1.22586527051473,-4.19051929092437
12949,19447,-500,-5.16500263723786,1.87022885413547,-4.07430144452566
12949,19947,-500,-5.15712334376253,2.05676787967159,-4.93221806875276
13449,-20053,-500,-3.01960245209089,-3.20806944421176,-9.68113425455597
13449,-19553,-500,-4.56113630785711,-5.68307537524874,-4.91328841997996
13449,-19053,-500,-1.24625238122943,-7.39683016198959,-8.94418217518657
13449,-18553,-500,-3.55797755739037,-4.38371025831249,-6.59036806473329
13449,-18053,-500,1.11640814162744,-4.25195909043619,-8.3464332744462
13449,-17553,-500,-1.6584151793537,-7.07442711659702,-7.10414637978235
13449,-17053,-500,-3.93010261695482,-6.12151200471033,-8.71859946324595
13449,-16553,-500,-3.03961995896456,-4.59609060394216,-6.20619644588118
13449,-16053,-500,-3.14616331032965,-3.64441497555749,-7.23440112809898
13449,-15553,-500,-3.09436812106868,-6.62440599087023,-11.7929755706658
13449,-15053,-500,-2.90452551999759,-7.04608172641864,-11.0270103657371
13449,-14553,-500,-4.77399435059312,-8.03765326935846,-12.7218238449434
13449,-14053,-500,-1.99701510545699,-8.67371591469248,-13.465018251068
13449,-13553,-500,-3.27075576326143,-7.84207446210161,-12.13769419666
13449,-13053,-500,-1.48278481281446,-7.65571015922668,-13.5197486726036
13449,-12553,-500,-2.22167424632193,-10.3577175926939,-18.3185923088447
13449,-12053,-500,-4.14713715482762,-7.30078930919534,-16.6646852291273
13449,-11553,-500,-6.24818908829016,-8.41879934046976,-17.4534039941862
13449,-11053,-500,-2.26859842062606,-9.523163207236,-19.98175328061
13449,-10553,-500,1.84502302740793,-9.4018703746869,-17.9869810445444
13449,-10053,-500,-2.95647210771806,-10.1143511286337,-24.0416246599802
13449,-9553,-500,-3.67183024062659,-9.43699573753921,-25.0944234899083
13449,-9053,-500,-4.4116904678145,-12.1329716449246,-28.1432782616809
13449,-8553,-500,-2.31469147324596,-12.7741554869897,-29.5621737318697
13449,-8053,-500,-2.2535092999697,-11.7157582918351,-28.7534033981539
13449,-7553,-500,-1.51943612131791,-11.8611875450203,-33.6470202079988
13449,-7053,-500,0.656544234627572,-13.5270044802042,-32.7877565126134
13449,-6553,-500,-1.93490672166526,-10.7880505457454,-36.8770032582555
13449,-6053,-500,-1.82992765250251,-14.4504890539212,-37.0257464264607
13449,-5553,-500,0.0561313450368179,-9.71848606072281,-38.7497651907801
13449,-5053,-500,1.66946131870452,-10.4996840388073,-38.6820074127875
13449,-4553,-500,1.36058461891842,-8.70097346198268,-48.7006494481724
13449,-4053,-500,5.98091223407059,-8.76061318072223,-42.2032762875846
13449,-3553,-500,2.17929125227249,-4.78423205160592,-48.7764964052267
13449,-3053,-500,1.59544037459787,-7.25664343673034,-51.5093118493708
13449,-2553,-500,1.31990934321916,-3.84592527484983,-49.9025624174745
13449,-2053,-500,5.06316315604421,-6.77977903506614,-48.0526511846577
13449,-1553,-500,3.05728539415427,-1.34399426340921,-55.6147870077577
13449,-1053,-500,3.73959329756884,-1.09297801969554,-50.4406771603254
13449,-553,-500,3.03120099660951,1.55199547451455,-55.1111612717189
13449,-53,-500,3.81389582897219,3.93412106401953,-53.9572721503749
13449,447,-500,-0.140727084275066,5.01304971300816,-48.6554576044434
13449,947,-500,3.51443869806143,3.16549618570323,-51.3483407130098
13449,1447,-500,1.55737345357529,7.98364374250053,-51.2855549988437
13449,1947,-500,0.708072051504229,5.88330619316819,-49.1098809403694
13449,2447,-500,0.452014138454737,5.87411101283853,-44.107915442522
13449,2947,-500,0.656852658358844,8.13845694528491,-45.5079092634845
13449,3447,-500,-1.85598989790733,9.46891742072501,-45.8479551027885
13449,3947,-500,-2.1812826262514,11.2140685950087,-42.5073224675647
13449,4447,-500,-2.73842724520339,8.70139583376407,-38.1759956594534
13449,4947,-500,-2.97407775817327,9.29129334132216,-37.1999773060739
13449,5447,-500,-5.94595365618473,11.1026453031949,-34.0406785634633
13449,5947,-500,-5.36457751671213,11.1957413462885,-32.0382446064137
13449,6447,-500,-4.9808018374412,10.6344776854665,-33.5420674050794
13449,6947,-500,-4.14515029657165,11.608185687971,-28.9444966837201
13449,7447,-500,-1.41372059602805,11.3050610681362,-28.1421103021684
13449,7947,-500,-6.13161356559143,9.8933481031527,-28.9115805316575
13449,8447,-500,-5.03959313157835,8.86712644622535,-25.7772005971546
13449,8947,-500,-5.76452043681263,11.6448207260322,-18.9983143261846
13449,9447,-500,-3.77965529156097,9.23833759632061,-24.0474025211218
13449,9947,-500,-7.89068322344276,6.77104419592516,-21.0652516662111
13449,10447,-500,-5.04557657305997,7.81000785827739,-19.3134490278929
13449,10947,-500,-6.53405218757114,8.62565951277671,-22.2483639571889
13449,11447,-500,-5.18271141307875,6.78577496815929,-16.1063868577159
13449,11947,-500,-5.72070340541434,5.96743555287066,-13.8629855893462
13449,12447,-500,-5.92060453057933,6.92817745330303,-14.9490797728848
13449,12947,-500,-3.08937853875838,5.02879783564858,-17.5861751954192
13449,13447,-500,-4.61935418343169,4.36163489964162,-10.1220337520875
13449,13947,-500,-3.95724666272022,7.24844787956741,-10.3696209905838
13449,14447,-500,-5.4502091554941,4.75794071036964,-9.02530123417125
13449,14947,-500,-4.11320675198278,5.96853267975705,-10.506915065782
13449,15447,-500,-5.13646672636772,5.14039044802205,-6.16140708742829
13449,15947,-500,-5.76606318466617,3.99614319000029,-8.90216012974447
13449,16447,-500,-3.87352221234627,4.34171058828407,-7.69410661905939
13449,16947,-500,-5.14986981746809,1.75614398268278,-9.62154373494696
13449,17447,-500,-3.21821774261534,3.13444332304103,-8.65099213775589
13449,17947,-500,-1.54925339914539,2.897177183788,-4.55126279477374
13449,18447,-500,-6.07053785904589,2.90625364302035,-7.67636372173082
13449,18947,-500,-2.83878420855691,1.39193299869305,-7.77544335106358
13449,19447,-500,-5.78841039265559,0.392446855289305,-5.01157686676052
13449,19947,-500,-4.17380777730636,1.13815183400291,-5.16681849227036
13949,-20053,-500,-1.86416223443242,-3.98580007386683,-5.41871964567876
13949,-19553,-500,-2.08138422268326,-2.22494021628302,-4.65418108128017
13949,-19053,-500,-4.66417200515828,-3.86847083250732,-6.25364319269422
13949,-18553,-500,-1.36241979713925,-6.15762704688368,-6.70563702631748
13949,-18053,-500,-1.79411661223248,-6.44793848534524,-4.60830046743724
13949,-17553,-500,-2.2298565502728,-6.69101987528653,-7.42100766603956
13949,-17053,-500,-0.865273560771629,-5.96995344115182,-7.17779119177241
13949,-16553,-500,-3.57130436127152,-4.95331553371997,-9.51650988266077
13949,-16053,-500,-0.28141111659999,-3.77651026070239,-7.40133147763683
13949,-15553,-500,-3.90230601470054,-7.1057385831877,-10.674986128456
13949,-15053,-500,-0.870792804945977,-7.53730723508758,-10.3314386879727
13949,-14553,-500,-1.04925802828701,-8.35519298087907,-11.8734273732412
13949,-14053,-500,-3.44461212629786,-7.99190254023779,-11.7101928962137
13949,-13553,-500,-3.59661514770347,-7.30353422280548,-13.3796538593443
13949,-13053,-500,-1.32121520598552,-7.12125916767421,-11.4962599978019
13949,-12553,-500,-1.89643622897278,-7.60437516956298,-16.0940204670718
13949,-12053,-500,-3.36931882492936,-8.59848731240664,-16.2751799528697
13949,-11553,-500,-2.23353340449678,-9.90029602898615,-14.441846760572
13949,-11053,-500,-0.724318256032481,-11.3618676639635,-20.6503842465711
13949,-10553,-500,-2.91238675905288,-11.5598345628238,-20.5953833679714
13949,-10053,-500,-3.26555880962612,-10.0889163673752,-21.051174884071
13949,-9553,-500,1.02899096480493,-9.63871579762469,-20.0447896663193
13949,-9053,-500,-1.6254726912907,-8.76728252744124,-26.3855582576408
13949,-8553,-500,-1.07299353706472,-12.2121840197894,-27.8546213897678
13949,-8053,-500,-1.45778373815608,-11.0536313598651,-27.280674258949
13949,-7553,-500,2.190518347638,-13.4307499561034,-30.6397173352475
13949,-7053,-500,-0.834612993961667,-12.7572483610197,-31.7335357960068
13949,-6553,-500,2.21920863399043,-11.5585174428865,-32.1548483759603
13949,-6053,-500,4.1569921008762,-11.0528737839644,-37.3358820715322
13949,-5553,-500,1.77401107855378,-9.6727112481651,-36.1768809675867
13949,-5053,-500,4.79268101681096,-9.11559676753929,-38.9920864960673
13949,-4553,-500,3.12869054903978,-9.59534001815135,-38.5643649386639
13949,-4053,-500,4.78628050085474,-9.26778053053634,-40.9440309534265
13949,-3553,-500,3.94471727662302,-8.30926868472509,-44.0024332085683
13949,-3053,-500,5.91176857181512,-7.45176832065269,-44.2027800040288
13949,-2553,-500,3.70873753072339,-5.29935367758355,-45.1335334025397
13949,-2053,-500,2.88253404463222,-3.17351260533968,-47.9041355750721
13949,-1553,-500,8.39081782150129,-3.74788848145902,-49.6729912998157
13949,-1053,-500,4.21710692324471,1.34823146582608,-46.6852495863325
13949,-553,-500,6.32957505976886,0.486421342391974,-48.697999369568
13949,-53,-500,3.50047424891964,1.52537573386666,-47.3493195410649
13949,447,-500,3.77074722006361,2.54965661739145,-48.9424738984766
13949,947,-500,4.95090781159469,5.3825576557916,-48.2201591783382
13949,1447,-500,2.7721933920566,5.72732109451078,-47.1258780879736
13949,1947,-500,6.16053470790215,4.11458637034335,-40.8890816182957
13949,2447,-500,2.75017050139064,8.61061294576142,-38.3337628771712
13949,2947,-500,1.23912651446937,6.46769662711313,-42.5353971369699
13949,3447,-500,2.12875275090017,11.8023707907232,-37.6701151959709
13949,3947,-500,-0.143469948915265,8.9547975156814,-38.5834587540346
13949,4447,-500,-0.372332960468424,9.99382063301181,-35.4953648492137
13949,4947,-500,0.923701188971937,10.0979020970928,-35.2708009656433
13949,5447,-500,-1.43407841703318,8.92574921187145,-32.7601388035057
13949,5947,-500,-3.02023028043465,8.56612123029411,-32.9339439127356
13949,6447,-500,-0.670755430866915,10.9264542905855,-33.3777727676389
13949,6947,-500,-1.04990285392369,11.3259874222082,-29.7061162967725
13949,7447,-500,-2.57029273632115,9.73250663859855,-26.7831107987178
13949,7947,-500,-2.78858320230524,8.46156848715934,-20.06280557805
13949,8447,-500,-2.53868993412945,7.91766133554954,-15.6476451980128
13949,8947,-500,-3.33997613001829,9.80347637278864,-19.6434220182936
13949,9447,-500,-4.07206927387198,7.46802469219972,-22.754699368283
13949,9947,-500,-2.18492113428328,5.3083716852575,-19.4493983124409
13949,10447,-500,-6.01791837594104,8.01708176683211,-17.827010932227
13949,10947,-500,-3.38517862447431,7.11434403860009,-17.2498435249584
13949,11447,-500,-1.86204195626762,4.67340553540344,-18.3369020305765
13949,11947,-500,-3.18148735719614,4.79398225299106,-14.0799027437706
13949,12447,-500,-1.78915697573297,6.6463082023908,-14.9289975083674
13949,12947,-500,-4.20907652743155,3.53061870152695,-11.0258123455459
13949,13447,-500,-4.79890208635777,5.98026872846014,-11.3095150920477
13949,13947,-500,-2.04732404429334,4.05680541365192,-12.0648554012469
13949,14447,-500,-4.93826026630549,3.50558568857533,-8.8123647727314
13949,14947,-500,-3.72504118343325,4.86046609143678,-11.413050566404
13949,15447,-500,-1.81499404642712,4.14822615139658,-9.70754396043249
13949,15947,-500,-3.37245005083676,2.9779179673259,-10.4773962772146
13949,16447,-500,-3.93951940055978,2.94320073285259,-7.01178444888217
13949,16947,-500,-3.59477483541268,2.28043648195583,-10.2853301060521
13949,17447,-500,-3.33155206855818,3.19604508935532,-6.591469275352
13949,17947,-500,-6.47142414129214,2.17079610804969,-8.76200943676361
13949,18447,-500,-2.86260905306499,3.17424158306881,-7.70157929414376
13949,18947,-500,-3.02500719390411,2.39590053565104,-6.79151382537449
13949,19447,-500,-5.4519672755189,2.49830827680833,-4.69556538289157
13949,19947,-500,-0.819311826900763,2.72811407516961,-5.16240251347672
14449,-20053,-500,-3.45214529007168,-3.87563701249667,-3.99386392782343
14449,-19553,-500,-2.72926714192557,-4.98676292065445,-7.36329159936135
14449,-19053,-500,-2.17393217405202,-5.07617600778035,-9.73160513425618
14449,-18553,-500,-1.2173069179371,-6.73896254947026,-4.20884626782219
14449,-18053,-500,-0.13272387445948,-4.79983996096294,-8.84729938898599
14449,-17553,-500,-2.53539376596647,-3.82951142301696,-9.02768484204924
14449,-17053,-500,-2.59421294341369,-6.2975224611039,-9.5518375502217
14449,-16553,-500,-5.41084498262965,-4.6903822590414,-7.53190452846396
14449,-16053,-500,-0.291920096982307,-5.98042470419343,-7.72284905352961
14449,-15553,-500,-2.31389645682931,-6.48411541413314,-10.7360029314218
14449,-15053,-500,-1.3240873130061,-9.6253407476055,-9.41862581408119
14449,-14553,-500,-2.94400575598928,-7.43062728514631,-7.91272993537663
14449,-14053,-500,0.312281936550765,-6.4235279441101,-12.8574520170043
14449,-13553,-500,-1.79066310744264,-10.2414021300189,-13.4697347719114
14449,-13053,-500,2.00551879136416,-8.13273540338721,-12.5003077075395
14449,-12553,-500,-4.40497260808604,-6.86274906938536,-12.8237681779852
14449,-12053,-500,-1.48241694602035,-7.29773590135474,-19.0947662905008
14449,-11553,-500,0.143389756922787,-9.02443439352263,-14.9265127974511
14449,-11053,-500,-0.483618721936819,-9.25697638608295,-17.2383955937317
14449,-10553,-500,-4.0613598255165,-12.7961224585179,-16.3873467131744
14449,-10053,-500,0.908080308453619,-7.61499547409679,-20.8241701850324
14449,-9553,-500,-0.907348891180358,-8.13172714575035,-23.7069059829687
14449,-9053,-500,-1.63080322714672,-9.52132576299505,-22.2946848640527
14449,-8553,-500,0.512837384345887,-12.698581351329,-24.1833523136314
14449,-8053,-500,1.20804698505963,-11.9439492488273,-26.1588755675885
14449,-7553,-500,3.29763100900766,-11.4225498222274,-25.8245657356151
14449,-7053,-500,1.4331051333437,-10.7147073019881,-28.4096727066352
14449,-6553,-500,2.53339710601617,-12.5604147393392,-29.3487913299845
14449,-6053,-500,3.43931742780894,-9.53214341804414,-35.4106034087835
14449,-5553,-500,3.40612788931264,-9.70065507904389,-32.1737623468075
14449,-5053,-500,5.95873181551808,-11.0466283982693,-35.6053978692905
14449,-4553,-500,7.69680087704627,-7.13947560034483,-40.1945389446152
14449,-4053,-500,5.30108481040758,-8.10020887486148,-40.2361349668669
14449,-3553,-500,4.50759682306929,-5.37834290081783,-42.1884587197836
14449,-3053,-500,4.68527340591288,-6.76160629905726,-41.0078493037596
14449,-2553,-500,5.23918321224495,-4.97288640855072,-42.1459386257514
14449,-2053,-500,5.81708030044631,-7.11019988181499,-39.6348247197538
14449,-1553,-500,10.4513189955158,1.58141686440538,-41.0907929679583
14449,-1053,-500,7.56546492723703,-0.124949614410732,-39.5860874335261
14449,-553,-500,9.10000092620536,0.0776757462660931,-43.2499754055396
14449,-53,-500,5.43974797192173,0.233282507225821,-41.3191033928468
14449,447,-500,6.44418946965875,3.84127459418519,-44.5614659092712
14449,947,-500,10.5967505496049,3.3046985757004,-41.5958504033075
14449,1447,-500,7.71440394515785,5.92023686208798,-41.9160994062024
14449,1947,-500,5.45076880078571,9.01023599428113,-41.1849156001553
14449,2447,-500,3.65272596587233,8.01598668466371,-42.6641094255296
14449,2947,-500,5.66964465021064,8.9142189280715,-37.6944527453529
14449,3447,-500,2.95465405825385,7.85195831012091,-40.0892394965012
14449,3947,-500,2.89254767276432,7.6090481384126,-33.9049779762492
14449,4447,-500,3.24044630682469,7.62019158669217,-30.477658042981
14449,4947,-500,2.15037146940099,7.83083807914211,-34.5303570967527
14449,5447,-500,2.1103745806859,10.3536169233398,-30.3567525013176
14449,5947,-500,0.93411067673687,7.4621873005662,-27.4583026664918
14449,6447,-500,-1.18407850588901,10.6000624845578,-28.5953737552304
14449,6947,-500,-1.01746101665636,9.98576185526634,-21.7996054668921
14449,7447,-500,-0.534482880045204,8.67424511592147,-21.1616069563278
14449,7947,-500,-2.56377170142422,7.03794308706475,-26.6050434996924
14449,8447,-500,-2.55429094088795,6.63411607544825,-22.6845870462143
14449,8947,-500,-3.39196134489259,6.61836779239995,-18.7916046763128
14449,9447,-500,-2.76754867625386,7.97822889504796,-15.3428047903535
14449,9947,-500,0.468784653370128,7.38069938731053,-18.0882315532038
14449,10447,-500,-3.73681544233297,7.80992097949672,-19.2301370625187
14449,10947,-500,-2.88152023673674,8.2151492461239,-14.7420864051527
14449,11447,-500,-2.07691848113313,6.37962526789152,-17.2853162529628
14449,11947,-500,-3.72724475951945,4.11990470556894,-12.5527502221018
14449,12447,-500,-2.41331665604221,7.83326666221266,-11.9105113252156
14449,12947,-500,-4.85967753211729,4.92646541196106,-10.718668220064
14449,13447,-500,-6.64759496828327,4.28780149608697,-11.6660898691701
14449,13947,-500,-4.19972121271703,5.64909889423896,-9.45034639994224
14449,14447,-500,-3.8338622958196,4.96066184694568,-11.6683587890989
14449,14947,-500,-1.87255464523691,5.85297198947133,-11.1173174878142
14449,15447,-500,-4.87327499984692,3.17267725501489,-8.73425656486782
14449,15947,-500,-3.02281081715509,3.69731408135985,-8.27804068409966
14449,16447,-500,-5.66878824920089,1.83686017433373,-6.82292837008273
14449,16947,-500,-2.04945822534666,6.00562077763554,-4.59550251172666
14449,17447,-500,-1.26388710912711,1.2463686203681,-7.42308059870709
14449,17947,-500,-3.06770721164184,0.389388862838977,-6.67557918662625
14449,18447,-500,-3.80830309646662,4.04181993059035,-6.29132715311655
14449,18947,-500,-2.08566637709535,4.27753773357329,-7.81675888114671
14449,19447,-500,-4.21361636020883,3.25314240622584,-2.97919952469298
14449,19947,-500,-4.572254245365,0.0141624003063126,-4.9350767037924
14949,-20053,-500,-0.901935558388057,-4.44022256751151,-2.72006870412883
14949,-19553,-500,2.46389898128872,-3.48744057937374,-4.91948013267545
14949,-19053,-500,-0.950511592037935,-4.29747666322453,-8.1359764820733
14949,-18553,-500,-1.69705505770084,-5.86016428623077,-8.07216243657143
14949,-18053,-500,-1.59654529762995,-6.10813308102822,-7.72404980132645
14949,-17553,-500,-1.92671049576846,-4.18297772200695,-7.30815111427497
14949,-17053,-500,0.0914951454509838,-5.52292667817408,-8.08831533110216
14949,-16553,-500,-2.38208076188737,-5.53123962209729,-9.55702361172627
14949,-16053,-500,-4.3992396390842,-6.82836324396762,-6.44765678343132
14949,-15553,-500,-0.887326503807735,-6.4210986193688,-11.6096332231809
14949,-15053,-500,-2.4282260163023,-4.83692089196966,-8.56083154906508
14949,-14553,-500,-2.38953643035416,-7.82140603317335,-11.2961706696996
14949,-14053,-500,-1.73006681186167,-7.17191785786088,-11.9468985041257
14949,-13553,-500,-1.14969432032605,-10.1512241903257,-12.9223795670482
14949,-13053,-500,0.192145377190199,-10.1879273843827,-12.5355600091129
14949,-12553,-500,-2.86531660615313,-7.4966195290343,-12.651416143176
14949,-12053,-500,-1.31168214796477,-7.96469206382889,-13.3139992335826
14949,-11553,-500,-1.22340568085402,-8.47900300271432,-14.0924020094925
14949,-11053,-500,0.599786330046744,-11.5372258668533,-15.0980857149204
14949,-10553,-500,0.706565355995671,-10.1972134353302,-16.9468729375761
14949,-10053,-500,0.158558393097422,-8.51219273115404,-21.0423520151557
14949,-9553,-500,-0.211053515463789,-10.9503179643396,-16.1365869533641
14949,-9053,-500,1.90135389770453,-9.88771746448225,-17.792874741308
14949,-8553,-500,1.80120235818563,-11.0743003933524,-21.3663009366945
14949,-8053,-500,-0.166641855414029,-8.54470650945062,-23.6551403998154
14949,-7553,-500,1.7967665536327,-9.15210381442595,-26.9588138254657
14949,-7053,-500,2.77076281941714,-13.1961647780249,-25.0473586195521
14949,-6553,-500,5.77578193798709,-8.25683699316005,-25.282025257207
14949,-6053,-500,6.68317101653878,-11.0727545443665,-28.5419273170029
14949,-5553,-500,6.37135482103895,-10.5752608693045,-30.1285048864351
14949,-5053,-500,6.34799586864126,-9.02565617164929,-35.5754137655776
14949,-4553,-500,8.02925077124454,-7.7993636252332,-34.3250069352245
14949,-4053,-500,8.42901275347218,-7.68465803674304,-32.9775672351928
14949,-3553,-500,6.01635782489815,-6.38263024606056,-38.2169427581866
14949,-3053,-500,7.31466921757516,-7.52973604485409,-36.0980318234276
14949,-2553,-500,9.05315048581742,-5.74669391736135,-34.7972408480585
14949,-2053,-500,8.42065641614092,-3.00756709331713,-39.4187968915227
14949,-1553,-500,6.53635409323894,-2.07309810957774,-43.0322762990393
14949,-1053,-500,7.63565161598564,-0.532456883582294,-34.2945194405323
14949,-553,-500,7.12406558877316,0.999828339194864,-39.2365266129256
14949,-53,-500,6.117559978216,3.80143416955947,-38.1767539685288
14949,447,-500,6.99241437468972,2.38420928862373,-37.6075009493605
14949,947,-500,7.34311263658367,0.515718611463942,-34.9981684552143
14949,1447,-500,7.97774557681121,4.828843040756,-37.127919012861
14949,1947,-500,6.77506170456697,6.47808661746647,-36.6875198506337
14949,2447,-500,7.45967076267377,6.41754985270396,-33.2506965042909
14949,2947,-500,5.86498651752094,7.8542497514147,-34.0502796733685
14949,3447,-500,4.08662696349299,7.12941595838332,-32.9836221220645
14949,3947,-500,3.06811193884034,6.91239721075984,-32.3072977436299
14949,4447,-500,1.5447649540523,9.5655366954783,-31.1770118720489
14949,4947,-500,4.36512513370963,7.74148815726163,-29.2982666101371
14949,5447,-500,-1.28449205758198,8.69365349386414,-28.8439762017724
14949,5947,-500,1.68801651132579,8.90911097013349,-28.4277481575603
14949,6447,-500,0.266093568106857,8.87912593707363,-22.5605515304829
14949,6947,-500,3.80087684700069,9.24349137619378,-24.5738956664529
14949,7447,-500,-0.72484340932117,5.7225158870725,-23.2108339830317
14949,7947,-500,1.01552348450963,11.8124785567833,-21.8330394967486
14949,8447,-500,-1.77415657308555,9.01815746225848,-19.599670568115
14949,8947,-500,-1.73096664133588,7.70220585804083,-16.8071178124288
14949,9447,-500,-1.31226909859971,5.39919853620561,-15.736631887174
14949,9947,-500,0.887251110535902,6.76902283935383,-15.6206198332253
14949,10447,-500,1.04621511165889,7.37153510250115,-14.822684950949
14949,10947,-500,-0.853791995309363,6.04829632480188,-10.3221879850315
14949,11447,-500,-1.94451342131751,5.62823675822675,-16.0908972466925
14949,11947,-500,-2.76277849637107,5.58994111641066,-13.1954034132106
14949,12447,-500,-3.24104537611378,6.24258835926707,-13.0193993265494
14949,12947,-500,-3.24826468401952,5.72197846601897,-12.2576034791409
14949,13447,-500,0.0213695728758462,6.0271516194281,-9.58554920742995
14949,13947,-500,0.632180659802734,5.88030299159711,-11.0280658937354
14949,14447,-500,-0.789180404653749,3.52342195100815,-8.92659253224671
14949,14947,-500,-4.11498469771846,4.65723557337373,-9.78507726038334
14949,15447,-500,-4.68178861306383,1.56994472657273,-10.0001923026381
14949,15947,-500,-0.440653262514139,3.77350571717886,-9.0016999680133
14949,16447,-500,-4.77974920765367,3.50788653089509,-4.28571724877222
14949,16947,-500,-0.924769646523665,0.925295206768032,-6.36949740721202
14949,17447,-500,-3.29560229129928,2.02839565600031,-2.54884837960674
14949,17947,-500,-3.00471424129015,3.66003021770745,-2.87570034164931
14949,18447,-500,-0.770266092751054,2.20578281537163,-5.93984537640776
14949,18947,-500,-6.17792401936516,2.03077433842641,-5.9373214277724
14949,19447,-500,-3.36310889621741,4.20881903549614,-3.69607855167067
14949,19947,-500,-0.604604247993831,2.03048066200884,-2.86840189425172
15449,-20053,-500,-0.633717878111812,-3.67507151705408,-5.2518877454184
15449,-19553,-500,-0.442557079515335,-3.72734312330681,-6.46517292733137
15449,-19053,-500,-0.474613744580791,-6.10189453744891,-4.94706202819379
15449,-18553,-500,-5.13735214870171,-6.17587904001256,-7.56658836146458
15449,-18053,-500,-2.83951864247635,-3.83621946759584,-3.65550449170469
15449,-17553,-500,-1.50807497513318,-3.75680946646831,-5.36131906342354
15449,-17053,-500,-2.25547330487394,-7.49397165413649,-8.31046923021474
15449,-16553,-500,-1.75261506269966,-6.27837048527981,-10.2077552658582
15449,-16053,-500,0.25466591939941,-6.58780441356299,-6.46927415232703
15449,-15553,-500,-3.65128943879571,-5.26269993362162,-6.18688146284886
15449,-15053,-500,-0.262065817871944,-6.94932327153704,-8.64695189297453
15449,-14553,-500,-1.43865096641318,-3.71923077514615,-8.64267218429392
15449,-14053,-500,0.936988120361702,-5.07689350867193,-9.74910139297955
15449,-13553,-500,-1.9286472149916,-6.8410018928712,-11.9223396670176
15449,-13053,-500,-0.436762502303739,-7.16670298971412,-9.7541469298138
15449,-12553,-500,1.2162955305282,-8.38543870642236,-12.7255352458966
15449,-12053,-500,-1.05345429996165,-9.34564063273221,-16.5367640501489
15449,-11553,-500,0.104973589142702,-8.28566348653412,-15.767118446574
15449,-11053,-500,2.99663354039462,-9.5612043897289,-18.0097987662864
15449,-10553,-500,0.721330195473085,-9.76683080162279,-17.405467487881
15449,-10053,-500,-1.57106808874962,-8.71110678386622,-16.3781534484657
15449,-9553,-500,2.02501863725059,-9.71977686458384,-20.5139421264315
15449,-9053,-500,2.39934710645991,-9.28449545655848,-18.0296151954807
15449,-8553,-500,-0.0485898192122005,-10.1661789592637,-20.2237651748931
15449,-8053,-500,1.44488335622532,-11.9365871996828,-22.6366014801706
15449,-7553,-500,2.30956370472935,-10.047978385194,-24.1814527276537
15449,-7053,-500,2.70016785801747,-6.14923489973202,-24.6983998900266
15449,-6553,-500,3.90169375119938,-8.0416689513668,-27.3107358534518
15449,-6053,-500,4.95447811194913,-10.4011221149164,-30.5983704340567
15449,-5553,-500,4.70635136999728,-9.05805300741641,-30.5797565890689
15449,-5053,-500,9.11211690614973,-7.43911987439159,-29.9032486831321
15449,-4553,-500,7.25222574521638,-9.28379234535305,-31.916536747535
15449,-4053,-500,8.08030138221597,-7.80293384428657,-34.6543933674528
15449,-3553,-500,8.01599363749813,-7.2753085226904,-31.0462305031496
15449,-3053,-500,6.61820085989682,-4.84973648516603,-34.3574994580171
15449,-2553,-500,8.31008916351368,-4.90626738164477,-33.8041980171385
15449,-2053,-500,10.7467003664184,-4.59930570159334,-36.6527587036531
15449,-1553,-500,7.30816578991288,-1.61709988042627,-37.8145817386695
15449,-1053,-500,7.59874039337613,-3.41449083016375,-33.6329158541315
15449,-553,-500,8.4649578224041,0.532056704606925,-36.1793057127151
15449,-53,-500,8.33223733740144,1.27273383952485,-36.7306286253994
15449,447,-500,7.55499375513741,2.26383115859422,-34.0427134512973
15449,947,-500,4.75654224781309,1.12792390231585,-39.9002447430164
15449,1447,-500,7.23426095067905,4.43318427072533,-33.8415205962547
15449,1947,-500,7.78452311265873,4.87592479972738,-33.6596414858822
15449,2447,-500,6.13838114631698,5.37183130688841,-32.7594996664483
15449,2947,-500,6.60791172074518,6.76890786446902,-34.8455748160442
15449,3447,-500,5.77989380761007,7.33099461243032,-25.3683470075613
15449,3947,-500,5.03200012461757,4.80073631384436,-28.9755319907193
15449,4447,-500,2.11975651013058,5.17605212127731,-27.3171909293457
15449,4947,-500,3.80345408130323,7.44325177597355,-25.7294381905203
15449,5447,-500,-0.408114472256724,8.92676035876964,-22.9167764259664
15449,5947,-500,2.24987263421547,8.85087055335418,-23.7252155129438
15449,6447,-500,2.16253310915351,9.95388752818623,-22.8173001902869
15449,6947,-500,-0.647468077411775,10.8766037920275,-22.2905559737621
15449,7447,-500,-0.67534754978876,9.38834734276446,-21.86198493439
15449,7947,-500,-1.19466979827853,7.6667400189322,-16.4607366672355
15449,8447,-500,-1.86559847012595,7.64442534067384,-16.191146352217
15449,8947,-500,-0.970377562730598,8.81994091832577,-18.6857948433392
15449,9447,-500,3.3582726275693,7.08898056398741,-16.2828306217313
15449,9947,-500,-1.41981499635039,7.08107232637224,-14.0220782519039
15449,10447,-500,-1.38628213597078,5.66278236109573,-17.1391535509026
15449,10947,-500,-1.39589500627546,7.55631922990557,-10.5480474762039
15449,11447,-500,-0.84553600204131,5.66459632382294,-12.9430796804923
15449,11947,-500,-1.11851431583887,4.50622649155849,-11.7996983379855
15449,12447,-500,-0.392868182284865,5.88219701544212,-13.8350536800033
15449,12947,-500,-1.05672103649175,3.74595072683096,-11.8771946435949
15449,13447,-500,-1.12444505448708,8.67574101633757,-12.1490083895627
15449,13947,-500,-3.94421651563901,4.21912067879989,-11.2146663429822
15449,14447,-500,-2.21712930433397,4.98862498384298,-9.00311039397015
15449,14947,-500,-1.08451270432732,3.74579944022347,-5.48617091036276
15449,15447,-500,-1.90791456241233,4.50595086173434,-7.83219461128791
15449,15947,-500,-0.591788997314337,5.23383173853567,-9.47249584094516
15449,16447,-500,-3.81383908196909,3.85732442875806,-9.14175038290572
15449,16947,-500,-2.98876697316431,4.6013644892843,-6.10272838179729
15449,17447,-500,1.24329414440671,1.84542123459088,-6.9439090207859
15449,17947,-500,-2.96310130656172,4.40778091999428,-2.78769525395754
15449,18447,-500,-1.49587124329123,3.01530351227148,-4.46713939330268
15449,18947,-500,-4.08351510508121,3.52355779103436,-5.00253229707448
15449,19447,-500,-1.04789790375983,2.88283195008563,-3.41743944247348
15449,19947,-500,-0.230232017631164,0.875130174213265,-6.30197468382359
15949,-20053,-500,-1.59558769162439,-3.7284841316971,-4.61928195773023
15949,-19553,-500,-4.57845272248624,-6.49651348737648,-5.60846008195108
15949,-19053,-500,-3.52273594782911,-3.99248452219497,-5.15810759024242
15949,-18553,-500,0.300832798328174,-5.50361163960548,-7.52665648046372
15949,-18053,-500,-0.440940707950153,-6.96344596117907,-6.28626473871044
15949,-17553,-500,-2.09019609271564,-4.45967020264154,-10.3801464634221
15949,-17053,-500,-4.88040132604081,-4.5875869491124,-9.15543334779435
15949,-16553,-500,0.667757439887825,-5.05412746985091,-6.24191207261644
15949,-16053,-500,-0.263776353137799,-5.08988171810224,-5.15790083056063
15949,-15553,-500,-2.67798776981989,-5.55343855722565,-6.82813927096031
15949,-15053,-500,-1.80110682656413,-5.89280794437827,-8.99600944520194
15949,-14553,-500,0.0191486742582858,-9.13775718093279,-12.9568385442241
15949,-14053,-500,-0.487839136740226,-6.6289186150994,-11.4805776984017
15949,-13553,-500,1.99591527670136,-5.90692419846113,-12.6261073807874
15949,-13053,-500,-0.2821873216219,-6.6929125169419,-7.08747637356741
15949,-12553,-500,0.656948555359197,-4.75207780313811,-12.4738904703148
15949,-12053,-500,0.25853848985159,-7.96429534660528,-10.5020415304134
15949,-11553,-500,2.31788793491716,-8.4817902259471,-12.8153993332874
15949,-11053,-500,0.332603942495436,-7.55277896233347,-13.8746843581515
15949,-10553,-500,0.547805815540784,-8.98854597630931,-13.1835068904707
15949,-10053,-500,0.667551252438912,-8.52755562101484,-17.7035191886007
15949,-9553,-500,3.383070495324,-9.85092620246022,-17.6237020042554
15949,-9053,-500,2.42391127262942,-8.86962088545219,-14.9515520306981
15949,-8553,-500,2.41095355827948,-8.90330307582441,-18.9437832757881
15949,-8053,-500,3.66460072796635,-8.94767731236426,-22.122657396682
15949,-7553,-500,2.11244052591008,-9.21388472726557,-23.7758213744036
15949,-7053,-500,1.80502039752751,-9.87078440337025,-20.9936212295389
15949,-6553,-500,3.79341596359701,-8.10368937281744,-25.8592160741022
15949,-6053,-500,5.95238608105459,-7.22748402547574,-21.8159542398811
15949,-5553,-500,8.10656944322215,-9.71587953740131,-28.5814171584639
15949,-5053,-500,8.98864071235937,-9.71331724499343,-26.0567524480551
15949,-4553,-500,9.39353663604594,-8.13198617599904,-27.0029235251318
15949,-4053,-500,7.18235940975074,-5.2662979763989,-27.9575331297769
15949,-3553,-500,9.1605823820063,-5.4121620320303,-29.4052395797691
15949,-3053,-500,7.94859037355372,-3.67127696709849,-27.69911417977
15949,-2553,-500,6.30226574286776,-3.63211876545184,-29.0417357820099
15949,-2053,-500,6.04639424778329,-3.10799463051802,-30.3568804486634
15949,-1553,-500,9.07250679152758,-0.933815157792554,-33.1435865907424
15949,-1053,-500,7.75131855225817,-2.33099951878048,-35.013864581232
15949,-553,-500,7.8455277569797,-0.527375726091,-34.838981179736
15949,-53,-500,10.1684544690276,0.893685308112535,-35.0236568742131
15949,447,-500,8.3845143572879,1.00620035117918,-30.0693073603109
15949,947,-500,8.68235455849945,2.40482875011099,-30.8647653918045
15949,1447,-500,7.8849911433912,1.5077692104704,-28.4246760854808
15949,1947,-500,6.10462995578648,3.18781767215765,-30.8758733419817
15949,2447,-500,3.96646970211083,4.50123094496944,-30.0860106007848
15949,2947,-500,5.37626065051137,7.29133327318634,-26.4239476807678
15949,3447,-500,2.70777992048623,5.35839019153299,-24.9641804746658
15949,3947,-500,6.1999658085335,6.28853094985881,-25.8204178236663
15949,4447,-500,6.35627834790232,5.31556841604447,-22.6010823194944
15949,4947,-500,4.07290648360039,7.71257543000089,-22.3327186816991
15949,5447,-500,3.2640451122464,8.11118642711205,-22.389224665082
15949,5947,-500,3.67228035762172,8.91050624005787,-20.8644832730901
15949,6447,-500,1.53251284176612,8.83835045682999,-16.1523043819405
15949,6947,-500,1.30780575651278,6.78324685458244,-23.4975738192194
15949,7447,-500,1.51191257490287,7.51462625960328,-15.679053225009
15949,7947,-500,1.65141804273214,6.99368170499473,-18.0827085544519
15949,8447,-500,1.0826181897564,10.9010624088819,-18.9583088932139
15949,8947,-500,0.886804472794164,7.72277837519677,-17.7940782592922
15949,9447,-500,-2.70269142689602,5.38299293920756,-11.0161539416333
15949,9947,-500,-0.792823421555091,4.60975199951298,-14.5404096926183
15949,10447,-500,-2.16204150568775,6.50476635549168,-9.13958392018666
15949,10947,-500,0.535774908762187,6.72186553512262,-15.2665841468137
15949,11447,-500,0.971662746267598,6.15880626788805,-12.9259087366086
15949,11947,-500,-3.11577115575743,5.83492217871821,-12.8676155999325
15949,12447,-500,-2.83645100819855,5.26963412430035,-10.7794426132887
15949,12947,-500,-2.53730907207304,3.37893647606742,-8.99381696348719
15949,13447,-500,-2.71370606441787,5.37148819666561,-9.0888031051696
15949,13947,-500,-2.83017436398448,5.5646313753723,-10.3122284834526
15949,14447,-500,-1.86871416577373,3.96353470793992,-9.91194714718703
15949,14947,-500,0.0229301336077425,4.05567692005611,-7.21728721034458
15949,15447,-500,-2.4367715000857,5.57968767698102,-8.70681302753973
15949,15947,-500,-3.68430472061297,2.50356911722135,-7.77165874845108
15949,16447,-500,-3.92596162338338,3.56167754776413,-7.27173353832801
15949,16947,-500,-3.31330128735936,2.13426785540371,-4.17313904834045
15949,17447,-500,-3.56889984507104,3.88595032313197,-8.58632004368965
15949,17947,-500,-0.338842763849016,1.71928184496721,-7.51205003427911
15949,18447,-500,-4.92790933101207,3.89593452494678,-4.24277673960893
15949,18947,-500,-0.674568621678019,1.57945133572427,-2.53178524417657
15949,19447,-500,-2.11465449646326,0.0552193576878464,-4.51537220429991
15949,19947,-500,-2.76063970707642,2.3965837486997,-6.31137024553057
16449,-20053,-500,-0.81359847786103,-3.56198249119582,-4.59554297766975
16449,-19553,-500,-1.39221379647404,-3.34106019194147,-2.84757332055188
16449,-19053,-500,-1.40244170338646,-4.75373735291213,-5.14569008895742
16449,-18553,-500,-1.70272489412228,-4.95691882888981,-6.32625497710281
16449,-18053,-500,2.17592368543447,-4.33995308315996,-6.93984241448833
16449,-17553,-500,-2.02272848298633,-6.65994140618123,-3.68898333422772
16449,-17053,-500,-1.3157616192809,-8.63757690225254,-4.69266015929699
16449,-16553,-500,-1.02669213180651,-6.28390159494026,-6.01222069241867
16449,-16053,-500,-2.43868488896915,-6.94419789982887,-9.84976712855303
16449,-15553,-500,-3.68320567341131,-6.75708258850656,-7.3260106391023
16449,-15053,-500,-2.03757829734132,-4.77134179569278,-8.70494601363647
16449,-14553,-500,0.920005251094774,-4.94941577254296,-9.62433981496526
16449,-14053,-500,-1.03617639805934,-4.72747200393961,-8.19099253602373
16449,-13553,-500,1.51755843491336,-5.58310486939252,-10.4804852030846
16449,-13053,-500,0.923219794590349,-8.77009245180635,-11.9778880250887
16449,-12553,-500,-0.692784145516418,-7.56811371187998,-7.87837152338985
16449,-12053,-500,0.788556772348394,-7.2028513472869,-15.5411364155592
16449,-11553,-500,1.96252529938876,-8.2898337725563,-11.4466084879138
16449,-11053,-500,2.27554765825036,-8.37480101023217,-12.4056958863405
16449,-10553,-500,2.05833758425974,-9.77606248818939,-11.4079596156241
16449,-10053,-500,3.81345862928138,-9.2739769032646,-13.4269236174263
16449,-9553,-500,-0.430713094285624,-9.04907532141944,-14.4953741166201
16449,-9053,-500,5.07289529476377,-9.73237779778736,-18.2059216155911
16449,-8553,-500,1.51487017381039,-7.30293672245776,-17.9152983400374
16449,-8053,-500,4.29740083003345,-10.9205619396493,-17.0893944994967
16449,-7553,-500,2.61211091937935,-7.64097833935049,-22.2087128705759
16449,-7053,-500,6.96576839422429,-9.76809813367927,-18.5994133008793
16449,-6553,-500,5.39093214129982,-7.34432914689633,-22.5061430332946
16449,-6053,-500,6.86645650626668,-7.8569117043413,-25.2047979086618
16449,-5553,-500,8.28746840920016,-6.64621996541946,-24.4305810306246
16449,-5053,-500,8.65659417008379,-9.35171489312755,-26.5459484866379
16449,-4553,-500,8.56508812456551,-6.11646838092878,-23.1383554085548
16449,-4053,-500,6.83027555412579,-4.57770562488557,-25.057461863133
16449,-3553,-500,9.35576899465539,-6.73250306050675,-26.557350575376
16449,-3053,-500,9.29303919894984,-5.67550906819099,-25.0675888074928
16449,-2553,-500,9.8515005651373,-4.37924255118403,-27.6294466145978
16449,-2053,-500,11.4841525848567,-4.90673370456784,-27.6253087092
16449,-1553,-500,8.8962845170299,-3.27210247676278,-25.7754205453996
16449,-1053,-500,7.72672623955606,0.0180953359254341,-29.9008450701216
16449,-553,-500,9.44028055128087,-1.07867579954265,-28.7344941036522
16449,-53,-500,10.8740472234291,1.28955313751766,-27.66561643686
16449,447,-500,8.70175710561009,3.18051790436931,-26.1752787249872
16449,947,-500,9.08408435828874,2.78090708013802,-27.0250756735139
16449,1447,-500,8.20222547387659,0.66916545233866,-24.5301232190479
16449,1947,-500,8.51134089201036,4.42384491466277,-25.9653778153897
16449,2447,-500,8.16170274525711,4.15937618977486,-25.536680976634
16449,2947,-500,6.28753523329681,3.91125827473224,-24.9588335493435
16449,3447,-500,8.02148913370039,5.59655919735407,-26.1051184654888
16449,3947,-500,7.51996621850725,7.81319818123491,-25.1867747428876
16449,4447,-500,5.15604903532534,8.09271114034669,-22.1227695801129
16449,4947,-500,4.11017426632977,5.55649987947734,-23.6952149499375
16449,5447,-500,2.26613834975996,7.07863845358516,-23.3992686469375
16449,5947,-500,4.22778580990971,6.80026191868476,-19.9143514978093
16449,6447,-500,2.09661944413439,9.06925995725222,-20.1531197926754
16449,6947,-500,2.18699009145765,9.59373780592142,-18.1608810352095
16449,7447,-500,1.05218395307876,6.82594477500383,-13.0570208361029
16449,7947,-500,1.62652893998091,6.60964771427566,-17.0561500676846
16449,8447,-500,2.2529835046492,7.13417188373509,-16.0575739997427
16449,8947,-500,2.45541768853166,6.78997742157818,-13.0984153140619
16449,9447,-500,0.141455160216755,4.82738802311993,-14.7738300301401
16449,9947,-500,0.90492259364857,7.20381967061306,-15.5825865907349
16449,10447,-500,1.01546268034743,5.63913783215364,-11.1785523447936
16449,10947,-500,-1.56671971399699,6.37370128576735,-10.2723394218431
16449,11447,-500,-1.68638189503132,5.44543398721291,-12.4179814093504
16449,11947,-500,0.514127358721644,5.85701783739747,-7.73152634202108
16449,12447,-500,-0.49620612824575,6.12178592275955,-9.20031163470468
16449,12947,-500,-0.583820031742434,4.99512373715802,-10.9792730660844
16449,13447,-500,-4.11926445600867,5.41848721336006,-8.36280914397415
16449,13947,-500,-0.0434356561373173,4.24235972368019,-11.1926093684739
16449,14447,-500,-1.314182538244,2.24417858392033,-9.65400302299393
16449,14947,-500,-1.02857913997772,2.56409248043249,-5.74063609779169
16449,15447,-500,1.48199558015949,2.61954815495973,-4.39802286426487
16449,15947,-500,0.218189509342103,2.63828411566299,-8.92215643096045
16449,16447,-500,-1.43435806437416,3.77131916973745,-3.46201643602489
16449,16947,-500,-4.61633648235464,2.47550501161103,-8.00393038902388
16449,17447,-500,-0.313117388922548,1.46444296468486,-7.82538128229561
16449,17947,-500,-3.4040315449065,2.96427786634472,-8.60128104247695
16449,18447,-500,0.00822336270522556,3.46521068677977,-6.02303846154676
16449,18947,-500,-3.83524051748444,2.0260198553351,-5.56508826132928
16449,19447,-500,-1.70382633891084,1.25789352442453,-3.03902097491321
16449,19947,-500,-4.16144479053382,1.22641653841974,-6.0500391746824
16949,-20053,-500,-0.490584169958527,-4.66799784117093,-5.14302917571012
16949,-19553,-500,-4.17615956753961,-3.36674232227787,-3.3735148048231
16949,-19053,-500,-1.39988640999286,-5.7300582188569,-6.72065039810133
16949,-18553,-500,-0.098480092492294,-4.66664418019726,-4.33709562869978
16949,-18053,-500,-0.0999686934291764,-3.67883120303919,-5.95780850799115
16949,-17553,-500,-1.77177254572735,-5.05909544377164,-7.26601104226967
16949,-17053,-500,-0.37952884486508,-5.79824430325769,-4.0413035160029
16949,-16553,-500,0.390241809279069,-4.50300408901562,-10.6730683887865
16949,-16053,-500,0.507943337117044,-4.02013617132029,-7.60606069208034
16949,-15553,-500,-2.61440581919199,-5.6467323542684,-9.15657964158112
16949,-15053,-500,-0.943514340805997,-5.06611238599571,-8.16895982293058
16949,-14553,-500,2.30944424180919,-6.55670309794304,-7.23163944824012
16949,-14053,-500,-1.54466362968721,-4.87473410115729,-9.27290350048736
16949,-13553,-500,0.432290280095423,-5.35178168772218,-9.36257644708647
16949,-13053,-500,0.0216742604928221,-7.27824230212464,-9.68906173095231
16949,-12553,-500,2.1262974814386,-6.97409692544392,-11.7721758106292
16949,-12053,-500,2.38448186253462,-7.00728803562648,-9.29164476909954
16949,-11553,-500,0.465883895638534,-5.68916149857678,-9.30995543546612
16949,-11053,-500,2.32561330830441,-7.09145581202757,-12.0771219121689
16949,-10553,-500,2.16373741578272,-11.7316927441619,-14.5385446599681
16949,-10053,-500,0.869593688219626,-7.40884182803386,-14.2440137837285
16949,-9553,-500,1.44989912902797,-7.54006642003916,-15.623811544812
16949,-9053,-500,3.503995325909,-6.68871544519072,-15.8275096982303
16949,-8553,-500,1.48391923546517,-7.14244313958033,-19.099424191921
16949,-8053,-500,4.93898428334824,-10.6857701084536,-15.370206617804
16949,-7553,-500,2.11128797588142,-8.6865382333979,-21.6464880344004
16949,-7053,-500,2.98748880908628,-6.59093236633584,-17.2251241667562
16949,-6553,-500,4.84965865790946,-6.29567530224769,-23.90434008803
16949,-6053,-500,4.50868444543496,-9.57801056207196,-19.8768949262793
16949,-5553,-500,6.6428533269894,-6.63681283795331,-19.3798915946547
16949,-5053,-500,6.34797760147289,-5.83444615592441,-24.6398561912641
16949,-4553,-500,9.12931641409208,-5.42415281322515,-21.8892920249469
16949,-4053,-500,10.0520914059817,-5.26236236475915,-24.3449611452695
16949,-3553,-500,9.08913737168498,-7.79770238943778,-18.826252682631
16949,-3053,-500,6.63179040580169,-3.06847545551443,-23.2971296162254
16949,-2553,-500,10.7941501560737,-1.27980112511854,-27.0911581749009
16949,-2053,-500,8.73093794280533,-1.90512363147549,-24.3718656150226
16949,-1553,-500,9.12126053113567,-0.568419687644088,-28.6746762857166
16949,-1053,-500,8.81947443861193,-1.54578051012616,-27.6879022581822
16949,-553,-500,8.84006076706325,1.04744736918285,-27.6611940495746
16949,-53,-500,11.5297178543051,1.78127247337883,-27.469958949511
16949,447,-500,7.96441060558741,1.6961425611664,-24.8539124791812
16949,947,-500,9.08839454401471,4.40168822560399,-25.7976688644516
16949,1447,-500,7.41164989039483,4.89541207074743,-23.3206195993518
16949,1947,-500,8.80390441386812,5.33934546331534,-25.2736962294285
16949,2447,-500,8.19837836557711,4.35893016396453,-20.5805932130543
16949,2947,-500,6.98199619171514,4.81071357068469,-24.9974601748277
16949,3447,-500,7.43144900487227,4.27093293843032,-26.6665308247909
16949,3947,-500,6.27538010366367,4.82674605368877,-21.1357984726994
16949,4447,-500,5.89866424930121,6.06162151207528,-18.6826760011103
16949,4947,-500,5.29477055182278,6.57171668193781,-19.2179498385658
16949,5447,-500,3.00719907191748,6.11349529259096,-19.978933622467
16949,5947,-500,4.92122658196608,8.99024894203812,-21.3262517347469
16949,6447,-500,3.26944609130999,7.08605706514275,-21.9720662739041
16949,6947,-500,2.8321726436824,6.95436045438069,-17.4474672962491
16949,7447,-500,3.52273129544076,6.51497792216324,-16.9399223130254
16949,7947,-500,-0.764242407635813,5.25170584166876,-16.9035997100367
16949,8447,-500,0.63839771254924,7.85444206324386,-14.865969173842
16949,8947,-500,-1.76950336121485,5.43161206033921,-12.4702660342576
16949,9447,-500,-1.88916585319614,6.91070655337504,-12.283027442019
16949,9947,-500,-0.374969106749498,6.49100969296329,-14.1493214835808
16949,10447,-500,2.35120775338482,6.43486486601421,-11.9527896545218
16949,10947,-500,-1.42455590279988,5.86128221587594,-13.800205214866
16949,11447,-500,0.0281251767083328,4.71730677675286,-12.5710842777267
16949,11947,-500,-1.9042598918918,5.06083146722603,-7.76260241306608
16949,12447,-500,-0.442181461538888,5.27565392816207,-8.29572824921956
16949,12947,-500,2.64487536473308,5.97045443265554,-8.10148138150593
16949,13447,-500,-2.03981326287432,4.45382777276933,-9.66956098629901
16949,13947,-500,-0.0160074489822817,2.80305356297022,-7.42158960121163
16949,14447,-500,-2.66024560653881,1.50915970497268,-9.66582001118406
16949,14947,-500,-0.915345208322155,4.58608363647754,-6.23389116070016
16949,15447,-500,0.324955925593077,3.59500631393877,-8.49261092962878
16949,15947,-500,-2.96810350823347,2.21200230082957,-8.88666082763778
16949,16447,-500,-2.15397032737087,3.76405005609853,-7.43193543270846
16949,16947,-500,-2.53193409103301,1.7248264144158,-7.34712592721599
16949,17447,-500,-3.33119692730736,2.92132222141886,-5.80584601204406
16949,17947,-500,0.348954027085113,2.0420367279402,-1.65474489886789
16949,18447,-500,-2.53743144814893,4.55089451921913,-6.04615302678215
16949,18947,-500,-2.56204503430197,1.15618257543076,-4.45983619061501
16949,19447,-500,-1.51330137389476,1.65369384933465,-0.28909930144521
16949,19947,-500,-3.41650328198879,4.0611229503266,-3.79342625386862
17449,-20053,-500,-3.79732985096034,-5.08388726001611,-5.65716458303009
17449,-19553,-500,-1.0707140207549,-3.6857959176208,-1.93918966084095
17449,-19053,-500,-1.63980946363531,-5.16913598200548,-7.63470029478673
17449,-18553,-500,-1.80464810129097,-5.9534015716603,-5.1716734751582
17449,-18053,-500,-2.72367741875416,-4.3445487950586,-2.53257899243672
17449,-17553,-500,-0.81412256767053,-3.66251042551898,-7.20864355949909
17449,-17053,-500,0.235722756296719,-5.58004759321569,-7.21326069218369
17449,-16553,-500,0.286081102839502,-4.80336499013191,-8.79446400198293
17449,-16053,-500,-1.25875523048938,-5.31190924737405,-5.72241175716207
17449,-15553,-500,-0.31432308084447,-6.49050574600971,-6.68191351981994
17449,-15053,-500,1.97762949371098,-5.55334607661065,-9.44716150535688
17449,-14553,-500,-0.476907275488419,-6.93305048663273,-10.7674327619676
17449,-14053,-500,2.85819038016906,-7.20438796546254,-9.20723464200618
17449,-13553,-500,2.3946544323104,-7.24440140491781,-8.53542275968319
17449,-13053,-500,-1.33330363685705,-5.59410920331042,-6.05248435480574
17449,-12553,-500,-0.253374162867944,-7.99187748965786,-6.96431298808362
17449,-12053,-500,0.417047134804919,-6.80434102249505,-9.33146624658788
17449,-11553,-500,-0.121378646417998,-8.3001328449233,-11.0283073177248
17449,-11053,-500,4.00388006837607,-8.30842382485288,-13.3088945531142
17449,-10553,-500,4.36504217562103,-7.2333852185687,-15.1535360462013
17449,-10053,-500,-0.328511874136746,-6.85695738212798,-12.7425976231248
17449,-9553,-500,3.46906674489146,-8.08560401600329,-13.7542808807644
17449,-9053,-500,3.62768319781716,-9.18938684608858,-12.5851681064938
17449,-8553,-500,3.09222385493565,-7.13195114229569,-16.3184900050156
17449,-8053,-500,5.00246964745242,-9.1510043135249,-19.646999515428
17449,-7553,-500,5.81062143437742,-6.88307842949063,-17.2473786612446
17449,-7053,-500,3.67711022950467,-6.16407194218905,-13.3944807578384
17449,-6553,-500,3.51578907299295,-6.61612764784094,-17.252865258097
17449,-6053,-500,3.97079999961831,-4.70232076383695,-21.6601147765532
17449,-5553,-500,5.55985123151346,-5.50183542965744,-18.3092871401514
17449,-5053,-500,6.76863056135651,-7.14745096829072,-20.6566169902127
17449,-4553,-500,7.16174983537285,-6.12546092126375,-21.8600219819369
17449,-4053,-500,7.98997264952442,-5.53138539812283,-22.4095575843504
17449,-3553,-500,9.74425347472863,-5.94699689174648,-21.5523704468033
17449,-3053,-500,8.15209589304025,-3.41587219098815,-22.3751604617496
17449,-2553,-500,8.1551287016421,-4.75260099402639,-21.4764841674045
17449,-2053,-500,10.6054770240037,-1.64380664812895,-22.9604500302722
17449,-1553,-500,10.4958748874256,-1.29230625353897,-26.4005158121341
17449,-1053,-500,7.24705866323256,-0.215289008657208,-25.2590496272288
17449,-553,-500,8.694357417143,-0.0358757980901552,-21.8545776114711
17449,-53,-500,10.7505021405661,1.01317248890377,-21.8354671834324
17449,447,-500,7.81689928442906,0.760302030015118,-23.5577323581241
17449,947,-500,7.8061616616564,3.91818150686696,-24.6644640001404
17449,1447,-500,8.04913941091745,2.42106180830892,-25.4050358981895
17449,1947,-500,7.14623293898049,4.52129007514843,-23.8039661105096
17449,2447,-500,5.81604603856697,3.35824546382318,-26.9272241662712
17449,2947,-500,6.99010582206964,3.25211878107289,-21.6721781700611
17449,3447,-500,8.02768050926337,4.82234608591074,-18.0511898712694
17449,3947,-500,7.78408972574166,5.64246504713228,-22.540560413804
17449,4447,-500,7.41647649877988,6.67335164009578,-17.7427160379072
17449,4947,-500,4.24047923273048,5.21657009033399,-17.9134879197215
17449,5447,-500,3.05675778404905,4.64198271684935,-20.0579181240063
17449,5947,-500,5.22352532155682,5.26331370518552,-16.7759003259151
17449,6447,-500,3.80067288703596,6.25427417695296,-18.1861942327596
17449,6947,-500,2.19522682776776,6.49529872213862,-15.2844925914467
17449,7447,-500,1.8646822666683,6.0853565134718,-19.1264992234435
17449,7947,-500,1.05941950379301,7.42124590003165,-15.8419345693993
17449,8447,-500,1.58679608694043,5.59162826871893,-13.8132795604161
17449,8947,-500,0.593236778041099,8.28646797973111,-17.6177997755346
17449,9447,-500,2.09231112218913,4.58546171906928,-15.6556720980707
17449,9947,-500,-1.13332482583505,6.49109552207663,-13.4482507694681
17449,10447,-500,0.0720211868470617,6.39912949980575,-11.9442022119166
17449,10947,-500,1.34586451919568,4.72851503066586,-10.0238127430584
17449,11447,-500,0.576609884859014,4.93711208278812,-12.3191646995955
17449,11947,-500,-1.65088751197755,4.31428304917129,-10.9675465661991
17449,12447,-500,-1.32475486860779,2.69242150852193,-9.63801487984779
17449,12947,-500,-0.63678186149571,4.69145395983313,-10.6849697593966
17449,13447,-500,-0.161851003100292,4.29007839783144,-8.09146263021848
17449,13947,-500,-0.685245329986741,2.03473110504569,-10.151982522622
17449,14447,-500,-1.26241324628122,3.82994271259142,-5.55286800404979
17449,14947,-500,-1.48063261186351,3.13394644705512,-7.24707023414518
17449,15447,-500,-1.40483548191424,1.58729015945427,-9.07003882284399
17449,15947,-500,-1.65627721751034,1.31454358214473,-6.10509610709879
17449,16447,-500,-1.4712712779904,3.74516518776157,-5.68640767520202
17449,16947,-500,-0.198852931447273,3.64587244652022,-7.01125333757462
17449,17447,-500,-1.00071625565189,4.83682417944802,-9.38197981099758
17449,17947,-500,-1.35322533178485,0.10516499832287,-9.95027658235463
17449,18447,-500,-1.18980921941494,0.579425593964493,-5.44018405964505
17449,18947,-500,-1.21814660668336,0.635509146736099,-6.46529555327094
17449,19447,-500,-1.13890353050576,2.39481096009651,-4.29175552046415
17449,19947,-500,-4.12616263159675,2.6795146228954,-2.41347054753017
17949,-20053,-500,2.10977630203969,-4.86195169567686,-3.90406404828314
17949,-19553,-500,-1.63420889811142,-3.48045429144038,-4.21412368336798
17949,-19053,-500,-2.61585472059397,-4.10436414247394,-4.14268171990569
17949,-18553,-500,-2.34287529119733,-2.7794014590824,-4.31509150656426
17949,-18053,-500,0.757309327725023,-6.05955507032427,-2.1123396331324
17949,-17553,-500,-0.854118868514791,-8.55414058547224,-7.04494796348047
17949,-17053,-500,0.492289846148483,-5.37194567763747,-6.91504372327951
17949,-16553,-500,-1.16932267649597,-8.73653702933561,-8.20488694727304
17949,-16053,-500,-0.971924268001199,-2.36660832289141,-6.85640035210307
17949,-15553,-500,-0.885336434907944,-6.07158147414926,-9.22208095680626
17949,-15053,-500,0.352186102750575,-5.61927657193927,-8.82348551517649
17949,-14553,-500,1.58518980123431,-6.84395374414118,-8.02020061200076
17949,-14053,-500,0.31027653377752,-7.70253519705555,-3.72167156278008
17949,-13553,-500,0.169547616399439,-7.15538530291877,-6.77787413879359
17949,-13053,-500,3.87627094141864,-8.02210044797515,-7.87565794997563
17949,-12553,-500,-0.445156113158895,-6.333325816858,-10.278436558889
17949,-12053,-500,1.34467908340948,-3.93106462663376,-8.14654937461267
17949,-11553,-500,1.5133253041333,-6.8621279203848,-8.00010820035244
17949,-11053,-500,-0.650134539694088,-7.11678297453588,-8.95650033098903
17949,-10553,-500,1.68692126958776,-8.49479243269145,-10.7311377725208
17949,-10053,-500,-0.93166567754464,-6.57455769471129,-14.4861238146398
17949,-9553,-500,4.36388388752363,-9.20607717001687,-15.352618354769
17949,-9053,-500,4.24226321655834,-4.93290532694513,-10.3909297415202
17949,-8553,-500,4.58947811558517,-7.33471658402512,-16.9517864273978
17949,-8053,-500,4.5713370140431,-10.7031622808218,-16.3709796080027
17949,-7553,-500,5.21761731807685,-7.52610476746662,-15.9495917354477
17949,-7053,-500,6.46678935033136,-5.3037959838507,-20.3881135703753
17949,-6553,-500,7.96292266671139,-7.35492136378125,-13.3225427388185
17949,-6053,-500,3.14456434480159,-8.08527554720678,-19.064607476346
17949,-5553,-500,5.8444613836843,-6.95957752878254,-20.6162901870163
17949,-5053,-500,7.96941212131329,-5.42221147104477,-15.2801042257062
17949,-4553,-500,8.83685470867071,-6.06089214654287,-19.8171193738914
17949,-4053,-500,10.4359103607262,-2.81416976730235,-18.400889762289
17949,-3553,-500,8.4964927522755,-2.32872020246144,-21.0694448822566
17949,-3053,-500,6.4294901605507,-2.23790904579548,-20.6103174321254
17949,-2553,-500,7.44312180139479,-4.17479159293242,-22.6984072343347
17949,-2053,-500,10.9024258985437,-2.13138957054079,-17.8706012563182
17949,-1553,-500,8.59979573444472,-2.43257495722118,-25.0366887751189
17949,-1053,-500,7.78435842509571,-0.509514847634937,-22.8227348698313
17949,-553,-500,11.245227432017,0.989335119060911,-19.7433946776624
17949,-53,-500,7.56282100423307,0.630541691587413,-21.5696582272194
17949,447,-500,9.03296354828997,2.14071697355203,-21.0206446754373
17949,947,-500,9.55864790769261,2.97607565515804,-20.0378812665655
17949,1447,-500,6.74746314214422,1.79437912379482,-23.4316147682331
17949,1947,-500,6.99496892363284,3.71934070931618,-23.495529169973
17949,2447,-500,5.96173935836196,0.849026261772328,-18.5425285063639
17949,2947,-500,7.72461531369316,3.78404246745833,-20.2690434321555
17949,3447,-500,6.69279918767262,3.9894022962215,-20.1236807756068
17949,3947,-500,4.03544308954373,7.38369926220156,-17.472765129433
17949,4447,-500,7.73443436973468,4.97412420028864,-19.8057968588989
17949,4947,-500,4.73219190482763,6.09231585050466,-15.7638647215757
17949,5447,-500,2.79682952637398,6.63245367096242,-17.3223626957813
17949,5947,-500,3.73654388320788,6.55523727736691,-13.1942180538067
17949,6447,-500,1.89835955812394,7.00863487522216,-16.8194365453926
17949,6947,-500,5.29739156025799,5.19577326016742,-16.4453301085714
17949,7447,-500,2.70953942061794,6.82600975855476,-13.0977621051248
17949,7947,-500,3.98738293614307,6.23834958666482,-14.2727875893347
17949,8447,-500,2.72566928247106,6.59572306177323,-14.1921400379341
17949,8947,-500,1.36902899515072,7.17882678049837,-8.22784648845525
17949,9447,-500,3.59139430291414,4.562159331317,-10.9673325922095
17949,9947,-500,1.51818297100068,5.53101988851733,-11.8953740838986
17949,10447,-500,-0.220828385315451,3.85426266173046,-12.3068150777378
17949,10947,-500,0.988306963415653,3.73488245195409,-8.33985698634809
17949,11447,-500,2.7561099739284,3.3781660695797,-11.9449593875279
17949,11947,-500,-0.0162500092781614,5.2653809292228,-4.91247614601579
17949,12447,-500,1.65281986900644,6.62690230901522,-10.6385267827118
17949,12947,-500,0.888949731430594,3.66718765875767,-7.11833206339652
17949,13447,-500,0.138540135922678,3.68553010802161,-9.32016894084298
17949,13947,-500,-1.94230579019758,4.61518376244855,-11.6337461706698
17949,14447,-500,-1.78714818656746,3.80030869041661,-8.30168585444645
17949,14947,-500,-0.453782559638523,5.43317450153489,-8.49783349377
17949,15447,-500,-2.1163602353452,2.91743607059505,-9.90553110401127
17949,15947,-500,0.000532210674742517,3.38767792199568,-7.51298803451904
17949,16447,-500,-1.47303905647967,3.44751916609118,-4.39497790982955
17949,16947,-500,-1.52364528802117,4.30534870969422,-8.19330788548965
17949,17447,-500,0.17234945558745,3.4698663769057,-1.05968981724567
17949,17947,-500,-1.37932619620597,2.03948045489878,-2.71355973514238
17949,18447,-500,-2.08560837918062,1.59498344210806,-2.03483575145826
17949,18947,-500,-3.49424989352509,2.92980130965305,-6.09849756001936
17949,19447,-500,-0.944862631031879,4.88752689741866,-3.94162451491744
17949,19947,-500,0.157965454981113,0.459637795838179,-8.07354951945673
18449,-20053,-500,0.504056946585793,-2.45892307815639,-5.29023869550132
18449,-19553,-500,-1.27880898141074,-4.16882507062738,-2.66058080881252
18449,-19053,-500,-1.78899950492431,-4.40576593266573,-5.56010746497535
18449,-18553,-500,1.20358736882672,-6.82873865540444,-5.40955730336328
18449,-18053,-500,1.522308810492,-3.56993244134046,-6.96460111330309
18449,-17553,-500,-1.02798942555029,-5.68636866925271,-6.69832391064734
18449,-17053,-500,0.3110466909061,-4.17857146270727,-6.89676181845973
18449,-16553,-500,-0.654424201038461,-6.20046907037526,-4.63400788638526
18449,-16053,-500,-0.0380399734220895,-4.1489684593709,-9.87090058934614
18449,-15553,-500,1.32496355714058,-6.48722329600259,-5.10310013620778
18449,-15053,-500,-1.99860514242808,-6.94808566619949,-4.79506112239008
18449,-14553,-500,0.604984501596253,-6.43257755306126,-6.78519084122139
18449,-14053,-500,-0.855365113239194,-7.50312652480214,-6.25437415140609
18449,-13553,-500,-0.501106920275589,-6.25697849044227,-8.05259908138174
18449,-13053,-500,1.93438345368758,-7.11920945987922,-8.97105740987784
18449,-12553,-500,-1.08568627565428,-4.8607070295477,-9.56333162728062
18449,-12053,-500,2.14578644336561,-6.21366768060187,-6.01946575085497
18449,-11553,-500,1.11230493079389,-6.46156962226063,-8.64751897142962
18449,-11053,-500,3.4254314449779,-8.85513553404034,-10.1807181471524
18449,-10553,-500,1.23651821064946,-7.59263702494821,-11.7521071244132
18449,-10053,-500,4.32216315214902,-8.95530178165956,-12.3015340881386
18449,-9553,-500,3.90000375969411,-5.63981116210747,-12.2962796071244
18449,-9053,-500,5.00037804399601,-7.83800941646031,-11.5789371239108
18449,-8553,-500,5.20716606717374,-5.77038990483521,-12.5499991794494
18449,-8053,-500,3.48831538060603,-7.50175336976612,-13.9500783119491
18449,-7553,-500,3.33253522943677,-5.26125756304407,-13.914905724032
18449,-7053,-500,5.99091202686992,-7.71002897113471,-17.3757164402212
18449,-6553,-500,6.4061520427559,-8.56792664808064,-14.2198939883518
18449,-6053,-500,5.66745942850968,-4.50518287648507,-18.2085043292705
18449,-5553,-500,7.0446004760618,-5.46357450525996,-15.9338831058666
18449,-5053,-500,9.4609191645995,-6.99402045974078,-21.544465154034
18449,-4553,-500,9.41056921296324,-4.6615701067861,-19.5967404031844
18449,-4053,-500,5.45296418491319,-3.39504684336583,-23.1319308820685
18449,-3553,-500,7.70174878191081,-6.32290839830054,-15.2938657820651
18449,-3053,-500,6.77730925710729,-6.22815729328972,-17.7895102733819
18449,-2553,-500,8.5015059625321,-1.78417939261188,-20.1200886017006
18449,-2053,-500,10.781664668283,0.267933351932208,-17.4043474054838
18449,-1553,-500,10.076435091105,-0.355998674164731,-18.6613185832243
18449,-1053,-500,8.80932172846665,0.607284145649299,-18.9572353615451
18449,-553,-500,5.6881212545129,-1.18871135504209,-19.5926587290048
18449,-53,-500,8.3059280163358,0.35383221641439,-21.5210053589637
18449,447,-500,10.1636498577937,1.49522511078094,-20.6804258165777
18449,947,-500,6.95171169618413,2.99766940069111,-20.5400010218748
18449,1447,-500,7.05055513900946,2.92363595446574,-18.2069718007631
18449,1947,-500,9.28448928410275,5.47739983853074,-21.0335804127609
18449,2447,-500,9.02537057552124,2.76367740568384,-18.9536587253125
18449,2947,-500,9.24254656067943,-0.0385471828936753,-19.155221441435
18449,3447,-500,6.06707611599763,3.53440886509622,-19.2659905507123
18449,3947,-500,6.49565743268982,5.1017078754893,-15.3234930946681
18449,4447,-500,5.87394109367361,4.12441780624171,-14.823931491607
18449,4947,-500,7.53225613067018,5.82612781681625,-18.7996350442091
18449,5447,-500,6.60390216772425,4.33108848383075,-11.7932172224145
18449,5947,-500,6.38247583018222,6.23455905268599,-15.2664748487813
18449,6447,-500,2.99293829575332,4.84440652371398,-13.013277679805
18449,6947,-500,4.20400610264577,6.70617147660124,-16.6702758952206
18449,7447,-500,3.08639682582875,5.18232884403912,-15.1110819015301
18449,7947,-500,-1.60107877122189,3.64900814749411,-8.33712591210206
18449,8447,-500,1.25882343712706,2.94369163861952,-10.422316533408
18449,8947,-500,2.91961851304852,6.60073790059547,-12.2550671526495
18449,9447,-500,1.12823940876232,4.87058258081857,-8.86043298034721
18449,9947,-500,4.07130306650677,6.48033273876748,-10.6301273741293
18449,10447,-500,2.5574111275047,5.2142255834701,-11.8066400692313
18449,10947,-500,-2.70279808593107,4.28132251757596,-10.1218033469401
18449,11447,-500,1.53522756918525,4.28244703122521,-11.2654951313463
18449,11947,-500,-1.76999211138896,3.0623402563756,-6.02256739239016
18449,12447,-500,-0.124833625508762,4.626474982302,-4.46362408266969
18449,12947,-500,0.44692686286388,4.48467869667496,-7.7294908076371
18449,13447,-500,2.24428055235594,5.6447012032185,-6.69127559592658
18449,13947,-500,-0.607985502876169,3.15932524914765,-6.02394161459938
18449,14447,-500,1.55042901536689,3.24773686412086,-8.05119105462178
18449,14947,-500,0.318069312500235,2.31868548004169,-7.01764437595464
18449,15447,-500,-1.19928900333694,2.67207194179062,-6.61356442109741
18449,15947,-500,-0.953256580405911,2.95763002966432,-5.5054980060632
18449,16447,-500,-0.107463414829244,4.59601924709911,-3.52233004660668
18449,16947,-500,-2.2920043255708,3.17638977134992,-6.38610644205215
18449,17447,-500,-0.622635736985991,3.33806631329532,-5.51495321483013
18449,17947,-500,0.676487134087244,1.9931086367756,-4.22588172301151
18449,18447,-500,-3.30479806936817,1.04183039451475,-5.8744812572082
18449,18947,-500,-0.412047921759859,1.3454061473873,-4.33429308301019
18449,19447,-500,-2.93379027369373,0.641018766933624,-7.08594238008803
18449,19947,-500,0.51186803453727,2.19756834218182,-3.56378660940349
18949,-20053,-500,-1.26818539027388,-4.98948242785822,-2.44048606495312
18949,-19553,-500,0.761975933591088,-2.89365936375656,-5.26233394186742
18949,-19053,-500,-0.612408790932278,-2.79291173070057,-0.768866189445989
18949,-18553,-500,0.720023198842244,-5.96947229457311,-6.78148505377554
18949,-18053,-500,-2.28091140224028,-4.51094776749133,-8.1733906804059
18949,-17553,-500,-1.18461656994807,-4.5210041762859,-5.57258705660817
18949,-17053,-500,-1.45636575059399,-6.02845987295371,-4.50645572975876
18949,-16553,-500,1.91058872765191,-2.6201937424609,-9.75434968354846
18949,-16053,-500,-0.832331028315108,-7.44647180042297,-8.07415302969529
18949,-15553,-500,1.44355011262034,-4.13827186346374,-5.47059819928421
18949,-15053,-500,2.20953704164524,-6.22771983031378,-7.94996686304796
18949,-14553,-500,2.92248417139988,-6.72638775307826,-10.2245431697194
18949,-14053,-500,-0.469319794361605,-6.07482186235196,-8.25452531757537
18949,-13553,-500,2.80461916271756,-4.41862720445258,-5.7366372231145
18949,-13053,-500,-0.26623735055519,-8.80663061449137,-3.7628621579834
18949,-12553,-500,3.06220264094349,-8.76596203763249,-11.4735464958577
18949,-12053,-500,2.86979406307427,-6.79532576434418,-8.68482563142801
18949,-11553,-500,0.325509273959112,-8.85362113342681,-12.0871440959858
18949,-11053,-500,0.924754089375194,-6.08658456416949,-9.27845839107523
18949,-10553,-500,2.82824188033372,-6.18164996254164,-14.0527043532812
18949,-10053,-500,3.11351508306468,-4.93895502427654,-14.0330623040239
18949,-9553,-500,5.37524132837553,-6.15907248832199,-10.4067487933335
18949,-9053,-500,3.53359153769986,-5.8751575266448,-16.2266330920647
18949,-8553,-500,6.0195765491457,-5.61839589492229,-14.723702653129
18949,-8053,-500,4.56031662637484,-4.6032170490161,-11.9665954103839
18949,-7553,-500,7.94097504439966,-6.94506680926334,-10.2364940401016
18949,-7053,-500,6.3545546952975,-6.28263270130558,-15.9405743591431
18949,-6553,-500,7.61133318829008,-2.96199999463569,-14.2036417763568
18949,-6053,-500,4.12929969609112,-5.43196205568335,-14.761439786674
18949,-5553,-500,7.01374140507977,-3.84407585065362,-15.798455609519
18949,-5053,-500,6.2400773660172,-8.62708217566755,-13.9024415934085
18949,-4553,-500,6.16396159903486,-3.22151671724174,-15.5530344329735
18949,-4053,-500,7.84300821673092,-3.85525400360981,-15.4816404015265
18949,-3553,-500,8.3685414402985,-4.98505593114407,-18.7201587806788
18949,-3053,-500,6.75607933205568,-5.48299934116535,-17.4843170152009
18949,-2553,-500,8.39188298696717,-4.05220729275921,-17.640546566313
18949,-2053,-500,8.86826902493262,-0.336409950710975,-18.1941896180972
18949,-1553,-500,6.22730540404242,-1.41905452056903,-19.9400580809655
18949,-1053,-500,8.54739432798382,-0.112197972906786,-19.0398473972191
18949,-553,-500,10.5077158975457,-0.660792500199187,-19.5770462687309
18949,-53,-500,7.0466169806793,2.2799597624394,-20.5894677415476
18949,447,-500,9.67625631130929,0.487254202991831,-19.6365866633321
18949,947,-500,8.69541025590808,0.74787415295269,-19.5175023350905
18949,1447,-500,10.0685286869634,-0.243684260228267,-17.7723768781502
18949,1947,-500,7.10379364246057,4.43107744766411,-17.1740495882014
18949,2447,-500,9.28490467791571,1.61138845570041,-18.1875467818756
18949,2947,-500,5.78180895866534,1.87256273884326,-15.4291078266796
18949,3447,-500,6.37468907825283,1.56201481557544,-15.739393262191
18949,3947,-500,5.01243864606927,3.07724700311283,-14.9308888383382
18949,4447,-500,8.29473712782446,6.13147554747933,-8.9786383814141
18949,4947,-500,6.11196193162839,4.60180603353392,-16.925308960883
18949,5447,-500,4.04262262484349,5.33719461139173,-14.7634998448761
18949,5947,-500,3.39757269389315,6.10999700518862,-14.7222668178162
18949,6447,-500,3.66325375851161,5.00438462930523,-14.0493797245076
18949,6947,-500,3.23135412977966,6.13202241964116,-14.9678093385916
18949,7447,-500,4.50032788141031,4.0493278080868,-10.9194147486041
18949,7947,-500,3.70263336909549,5.87305025404847,-14.9936535296165
18949,8447,-500,3.97598229600304,4.52232671862197,-10.9876171019858
18949,8947,-500,4.76127581729648,5.50830093515126,-12.2836548268107
18949,9447,-500,3.04938191279978,5.40751815465513,-10.5819316799623
18949,9947,-500,-1.2136411317554,4.48192991738958,-12.9482057474322
18949,10447,-500,0.598643428920468,4.60818242171841,-12.6851026071558
18949,10947,-500,1.13186410101644,4.10441879715005,-8.16404674949219
18949,11447,-500,0.845445440176808,3.7531139172843,-9.88952273448229
18949,11947,-500,1.07678564972205,4.88460079139243,-8.96065754439874
18949,12447,-500,2.82811847226492,4.52669314779835,-4.79436611021273
18949,12947,-500,3.39858311928919,2.85795190259411,-9.71441786442711
18949,13447,-500,-2.53574921887701,3.27049746728868,-6.93048164427747
18949,13947,-500,-1.72537309276019,3.75992808157256,-6.84142908720422
18949,14447,-500,0.596657473103556,5.63218186358136,-7.07157776765531
18949,14947,-500,0.927159109885124,5.06333514683061,-5.2764720748364
18949,15447,-500,-2.47584845266703,2.70815114531325,-2.33153958126113
18949,15947,-500,0.386984416995143,3.18813673423406,-5.85774803795354
18949,16447,-500,-0.464828363831896,3.10874744515047,-5.84425571777374
18949,16947,-500,-1.09927617017195,3.3137955491393,-5.19480908746191
18949,17447,-500,-1.52064468897446,3.90309995328607,-3.63630273881173
18949,17947,-500,1.17798621301961,3.43715565060886,-3.83435890854368
18949,18447,-500,0.0810256042455725,1.01534658535578,-6.35241526609459
18949,18947,-500,-2.59904226519225,3.16702031144378,-6.97807732667955
18949,19447,-500,-0.448993026140119,0.0345898970833047,-1.07758908641997
18949,19947,-500,-0.486009302706941,1.83866542677488,-4.10948505951954
19449,-20053,-500,2.21236826705717,-3.05595155166353,-1.96470822480379
19449,-19553,-500,-1.75697052847872,-4.29717293024888,-5.0038932884024
19449,-19053,-500,2.04053806222919,-5.76497596939601,-4.00846463157076
19449,-18553,-500,-2.1166209592322,-5.78192171569623,-6.18608486720851
19449,-18053,-500,0.187564858709202,-4.47647990927137,-0.927614429866852
19449,-17553,-500,0.592714845906028,-6.92659980206697,-7.8358322864228
19449,-17053,-500,-0.42639318944672,-5.18426772790335,-5.52570074385166
19449,-16553,-500,-0.0592722467538872,-5.75970157029393,-5.48665318062605
19449,-16053,-500,0.90230616306121,-3.72846536756991,-4.32995937622073
19449,-15553,-500,0.703079379937332,-7.00266717124973,-8.04350856721157
19449,-15053,-500,0.630780320074584,-4.62234255543974,-6.894323390775
19449,-14553,-500,-1.15980740299068,-5.92188001991434,-8.81216513219377
19449,-14053,-500,-0.904637916561237,-5.09566732085345,-8.07095973001481
19449,-13553,-500,-3.04985635522047,-7.00805236697581,-5.36216649839969
19449,-13053,-500,2.80486037771269,-5.66118699109735,-11.2622586430382
19449,-12553,-500,1.97152062298957,-5.58095002837855,-6.79544615359249
19449,-12053,-500,3.30880204585405,-6.80436760984531,-7.78360078091119
19449,-11553,-500,-1.07227327121379,-4.67721579049326,-6.62904780572693
19449,-11053,-500,3.00816754016409,-5.27476594582426,-8.74493634037493
19449,-10553,-500,0.86592467941199,-9.66226057101671,-10.8803647864568
19449,-10053,-500,4.36043605819646,-6.13348953407277,-10.4873051064782
19449,-9553,-500,2.89903922858636,-6.00905917366865,-7.06847957884471
19449,-9053,-500,3.17963859270564,-8.90915148742171,-7.95931112868059
19449,-8553,-500,4.6214259358895,-7.28422867897859,-11.7797479271396
19449,-8053,-500,3.81357599074353,-5.11368514821067,-10.3928677847118
19449,-7553,-500,6.277565698147,-5.59412230256829,-10.2732957442743
19449,-7053,-500,6.49059438756087,-3.01810951480091,-8.45291049729215
19449,-6553,-500,6.59596507720766,-4.33774453996651,-12.032971049044
19449,-6053,-500,5.92271025807896,-8.28416687476105,-12.6790582520844
19449,-5553,-500,7.75232951430684,-7.78736509434751,-12.1449867126542
19449,-5053,-500,7.12939078741568,-3.82941567475707,-18.7854219679522
19449,-4553,-500,5.82644393120273,-4.12297519181507,-11.7251210175349
19449,-4053,-500,8.92923939058815,-5.58287255267848,-15.8921240273343
19449,-3553,-500,6.67290210176234,-3.12060682147075,-16.0694563632968
19449,-3053,-500,6.1298476090706,-1.79226541925908,-14.3759487871727
19449,-2553,-500,6.70986361216727,-0.0630997258688657,-15.0724694265519
19449,-2053,-500,5.65131545603755,-2.62001570733682,-14.0599601828083
19449,-1553,-500,5.76925482051841,-2.95203573400054,-17.080822541176
19449,-1053,-500,5.57173127964232,0.333319417641475,-16.9110706431226
19449,-553,-500,7.83905027170206,0.782563950710674,-18.8874181564021
19449,-53,-500,7.39271710569187,-0.328767232199723,-16.6876845746689
19449,447,-500,5.89978041249059,1.60018420468718,-14.6293720386981
19449,947,-500,5.50313319548919,-2.00656950775135,-17.0021267281284
19449,1447,-500,7.19342343654134,0.436940763985857,-16.2495753302305
19449,1947,-500,6.08729601330387,0.421027528550244,-16.2750079765059
19449,2447,-500,5.82716349658763,1.5090277811422,-13.923706511358
19449,2947,-500,6.61346312115957,5.20367815513316,-17.3170228122294
19449,3447,-500,7.34848617515813,3.61189909346685,-14.7059988608322
19449,3947,-500,6.99380417363925,2.64094249258497,-15.3265437628051
19449,4447,-500,8.62004654032852,4.9291657616276,-19.0681718333701
19449,4947,-500,5.54047957576686,5.12687485635009,-10.2655486388923
19449,5447,-500,4.92096550176546,2.80204585488676,-13.5824273691068
19449,5947,-500,3.21954522188279,4.80539979018024,-12.5461766913704
19449,6447,-500,5.27089076498301,6.50940006866444,-11.6987992031927
19449,6947,-500,1.51961590256241,5.82946958099159,-11.8480777678526
19449,7447,-500,3.50805873440658,5.32097255185295,-10.0872809741053
19449,7947,-500,2.94151360478203,1.91905367948585,-9.15644232938708
19449,8447,-500,3.31155187342826,4.50268423275625,-10.092009692365
19449,8947,-500,5.33041001977004,5.95593552488945,-11.9428297329152
19449,9447,-500,4.44972911641826,6.33290402003832,-12.7053349586558
19449,9947,-500,0.488184303534275,4.23746479408808,-8.92071056557349
19449,10447,-500,0.843953722724047,3.31815236575339,-3.46901751082018
19449,10947,-500,2.82973750945456,5.40877471607041,-9.62878251369331
19449,11447,-500,1.04236954439947,3.6195401948269,-12.204947153447
19449,11947,-500,0.532228252190324,2.92464763154919,-9.67800834269518
19449,12447,-500,1.66146785062253,3.31715337918112,-6.82907936506096
19449,12947,-500,0.793669364515556,3.50539546635816,-7.84163790459732
19449,13447,-500,3.73771290144654,3.21226222359088,-6.41303471790896
19449,13947,-500,0.0900854167670061,3.7881276391156,-3.68356195019567
19449,14447,-500,-0.328175513208049,0.979518432552764,-1.4688424484699
19449,14947,-500,-0.278279662811461,5.23940624812723,-8.173186211034
19449,15447,-500,0.407327582338446,4.30490593230685,-4.52869650831074
19449,15947,-500,-0.329990920007846,3.9391364279296,-4.61801635338121
19449,16447,-500,0.151224424343914,6.08798469368607,-7.00229651362663
19449,16947,-500,1.00647097347806,2.83591098758052,-5.48101610803778
19449,17447,-500,0.00741906307593698,0.578755874745474,-4.28671839112549
19449,17947,-500,-1.12661921590168,1.16068079603959,-2.7206070225822
19449,18447,-500,-0.0204227443116549,0.325835198249692,-7.87802407308784
19449,18947,-500,0.313371660653121,1.54821490194764,-7.84389615384168
19449,19447,-500,-2.5134973285455,1.99950231403208,-4.19306950849424
19449,19947,-500,-1.32678078861787,3.90843834427125,3.3193885180406
19949,-20053,-500,0.961839390322251,-4.23167873545099,-5.2265537091088
19949,-19553,-500,-0.342671535245069,-4.12808498360773,-3.08765364356325
19949,-19053,-500,1.09660644866748,-3.70538892244358,-3.14349818784755
19949,-18553,-500,-0.33570907740503,-6.47086009547221,0.715056483935677
19949,-18053,-500,2.75425222228904,-2.24844824021674,-3.79320142579305
19949,-17553,-500,-1.03937466198568,-4.51606467678918,-5.97761541017586
19949,-17053,-500,-0.904138087691194,-5.15010519640594,-2.08452856719923
19949,-16553,-500,-0.282777484558807,-3.03290706327041,-6.41160477884463
19949,-16053,-500,0.66064792946559,-3.79354143301846,-3.87483392937348
19949,-15553,-500,-0.0655656139474956,-5.28759269315032,-4.90776874518265
19949,-15053,-500,-0.931189138206791,-5.15870003640951,-1.29316845468169
19949,-14553,-500,1.90645627028599,-4.24334623071677,-0.847275318751981
19949,-14053,-500,0.965616486771781,-7.383404430642,-9.49024987206352
19949,-13553,-500,2.01298231044944,-4.19672633413724,-8.1153052067582
19949,-13053,-500,3.37362342376418,-4.95471421602516,-7.58828684628519
19949,-12553,-500,3.36018895370487,-5.79302282137626,-4.92352597256711
19949,-12053,-500,1.03889212678637,-4.65388028824892,-6.09851488280599
19949,-11553,-500,2.50021550577467,-4.98307721366383,-4.05560650608686
19949,-11053,-500,2.52862445608572,-6.51746820004088,-7.72566030813525
19949,-10553,-500,4.75304318891568,-3.35860130211801,-11.0938229377669
19949,-10053,-500,5.24594751544692,-5.22280002125735,-11.1754633619764
19949,-9553,-500,3.08826274317021,-6.6775640695548,-10.9283037520346
19949,-9053,-500,1.27032650414602,-5.69680402802888,-9.56821677981198
19949,-8553,-500,3.38140502352757,-5.83314390690202,-8.95148164699333
19949,-8053,-500,4.54309725767068,-6.54900188784759,-11.9109492262495
19949,-7553,-500,5.59094667259849,-5.5198166565567,-9.14680215043473
19949,-7053,-500,3.89719882324726,-4.1845555812346,-12.8845515168189
19949,-6553,-500,6.23958815528919,-7.00925571222153,-13.9320191287584
19949,-6053,-500,6.8349040019789,-4.94451101802116,-12.8198216933812
19949,-5553,-500,7.2398869390069,-4.41925686792655,-13.4792758457752
19949,-5053,-500,4.36010751924303,-2.23860387196772,-11.9154226243865
19949,-4553,-500,7.23288965426556,-3.45365894889596,-14.0519987623529
19949,-4053,-500,7.20161107044876,-2.95800351852122,-15.5794081509248
19949,-3553,-500,9.30942403410539,-4.41731678873325,-12.298946461722
19949,-3053,-500,7.11196312602072,-1.84607933335253,-17.0083975705056
19949,-2553,-500,7.15902757206175,-3.78723886463811,-15.3799744911967
19949,-2053,-500,8.10214576224749,-3.46325821328955,-18.1023955495393
19949,-1553,-500,7.99351021610243,-2.51077241485129,-15.7653082170388
19949,-1053,-500,8.77485725515092,1.18924055014598,-13.4951792766335
19949,-553,-500,5.55826072295262,-2.27589139550965,-16.9853765685426
19949,-53,-500,8.18516886381202,-0.54455765652124,-15.2419388281439
19949,447,-500,7.08226824886389,-0.834476383095526,-14.3454701933274
19949,947,-500,6.3495922733232,1.07749665413392,-11.1560146745378
19949,1447,-500,7.79088035795926,3.14044462036236,-17.6134399404245
19949,1947,-500,5.86279694242396,1.20148747199001,-15.053688650332
19949,2447,-500,6.08230675391099,2.36364320681614,-15.7360044776199
19949,2947,-500,8.12107643743113,-0.972620128627683,-16.5646047757853
19949,3447,-500,6.54211281837399,1.7715345343172,-15.0864423149348
19949,3947,-500,4.04909112216221,1.49421781086317,-13.0916365303283
19949,4447,-500,6.08794812738424,3.22651573415153,-16.42668703152
19949,4947,-500,4.06478521020552,4.11200696826652,-13.2482096035321
19949,5447,-500,4.12286036384854,3.47773801017519,-13.9266757925799
19949,5947,-500,4.4157743462507,5.52007905715422,-7.37645244653171
19949,6447,-500,3.14016896424897,5.02539714186029,-11.0930343657206
19949,6947,-500,6.02277960358138,3.01310760664917,-9.14125521086876
19949,7447,-500,1.51309186931953,3.17329390978233,-12.690185553163
19949,7947,-500,5.08606650381356,4.93280340421213,-7.96811505847641
19949,8447,-500,4.15436351562922,3.7320722558312,-10.7717191002551
19949,8947,-500,5.08253013153764,3.78983467319074,-11.5820719951839
19949,9447,-500,2.19220732622855,3.83136894618761,-7.83548108553339
19949,9947,-500,6.06213056546564,5.76849065712648,-7.95284057894544
19949,10447,-500,0.500024631983973,4.694175213719,-6.72060605938536
19949,10947,-500,1.28359788575518,2.11602456491003,-4.50849707297075
19949,11447,-500,-1.5218604537161,0.961743952435741,-12.1596349689479
19949,11947,-500,1.5116957371257,2.44352650004883,-8.57761433378643
19949,12447,-500,1.01037110292409,3.52652926941743,-7.56413213722984
19949,12947,-500,-0.314146731227665,3.56738151100107,-10.2245819246074
19949,13447,-500,1.55900963005834,4.58772983499103,-4.41518847583325
19949,13947,-500,-1.49023804954622,1.99509556969689,-6.28989412770486
19949,14447,-500,1.67190484984515,2.98719392146915,-3.78560216662258
19949,14947,-500,-2.1839596548011,2.2198453915188,-5.42275957958722
19949,15447,-500,0.740284056658375,0.996699239971574,-5.19582224520195
19949,15947,-500,-1.64997319004182,2.10540120034364,-8.67170908417695
19949,16447,-500,-1.5730130467864,1.30519134319502,-5.82713100037078
19949,16947,-500,0.39674143790972,2.46460647167217,-1.34658909103964
19949,17447,-500,-1.29059683628067,3.11108468062603,0.531130858353437
19949,17947,-500,-0.775648558643375,0.594110634771076,-4.78518162163888
19949,18447,-500,0.526910785936022,1.93393624906292,-1.99568465789553
19949,18947,-500,-2.36344461271487,-1.63883726843166,-3.06744540447372
19949,19447,-500,-0.247906914059337,3.3880774762243,-0.251594872467578
19949,19947,-500,-2.72342776719632,2.0580784934131,-5.61054173857181
