x,y,z,Bx,By,Bz
18949.000000,-15053.000000,0.000000,1.374283,-5.029141,-6.815212
-9051.000000,10947.000000,0.000000,16.454741,-37.576313,0.988931
-16051.000000,18947.000000,0.000000,2.822182,-7.250335,-1.903773
-19051.000000,-12053.000000,0.000000,8.029609,9.080175,-2.117984
1949.000000,14947.000000,0.000000,-16.588139,-15.467208,-11.757290
-9051.000000,9947.000000,0.000000,22.418334,-42.818669,3.576067
19949.000000,8947.000000,0.000000,3.797789,5.748651,-9.904299
10949.000000,16947.000000,0.000000,-5.857768,3.477951,-9.069680
18949.000000,6947.000000,0.000000,5.375765,6.503633,-13.290010
-8051.000000,5947.000000,0.000000,66.487409,-72.960720,36.139739
11949.000000,-14053.000000,0.000000,-4.733385,-7.198037,-14.241170
949.000000,5947.000000,0.000000,-80.128535,-150.636001,118.312992
-10051.000000,7947.000000,0.000000,36.221917,-43.957907,7.765461
-8051.000000,-19053.000000,0.000000,-2.644387,9.467878,-4.527882
-9051.000000,-7053.000000,0.000000,64.566960,107.465500,38.901494
-15051.000000,-13053.000000,0.000000,7.775183,14.891419,-2.873218
-19051.000000,8947.000000,0.000000,12.415666,-8.426577,-1.523996
-12051.000000,-16053.000000,0.000000,1.772423,13.646780,-3.823626
-7051.000000,13947.000000,0.000000,2.514926,-28.483446,-3.251698
-10051.000000,8947.000000,0.000000,28.566174,-40.404807,4.591926
-4051.000000,947.000000,0.000000,-72.360800,-3.219251,179.118087
15949.000000,-2053.000000,0.000000,12.714956,-2.446434,-32.301901
-6051.000000,-5053.000000,0.000000,-56.344996,198.577362,311.815601
-1051.000000,2947.000000,0.000000,-22.022633,-24.433029,229.965091
7949.000000,-3053.000000,0.000000,-208.047613,21.837101,-93.559665
14949.000000,11947.000000,0.000000,-1.545360,7.859085,-13.298115
10949.000000,-19053.000000,0.000000,-3.740222,-3.553526,-7.296546
-9051.000000,-18053.000000,0.000000,-1.850869,11.146444,-4.532996
19949.000000,-11053.000000,0.000000,3.784756,-5.438699,-8.927963
949.000000,-20053.000000,0.000000,-6.275981,3.592287,-6.593442
-3051.000000,-17053.000000,0.000000,-7.277748,10.959182,-8.023766
-2051.000000,-2053.000000,0.000000,-2.550140,117.421038,30.579711
-15051.000000,18947.000000,0.000000,2.665048,-7.860868,-2.035193
-2051.000000,18947.000000,0.000000,-6.307708,-10.837493,-5.570484
14949.000000,-14053.000000,0.000000,-0.668391,-7.141371,-11.146422
-13051.000000,-9053.000000,0.000000,24.230860,30.958983,-0.286790
17949.000000,-8053.000000,0.000000,6.221265,-7.101649,-15.288047
5949.000000,15947.000000,0.000000,-12.671306,-2.783298,-11.879890
16949.000000,-19053.000000,0.000000,-0.434481,-4.039468,-5.264374
-15051.000000,13947.000000,0.000000,7.742635,-12.403811,-2.054110
8949.000000,947.000000,0.000000,-122.411859,1.957080,-128.636871
7949.000000,3947.000000,0.000000,-125.696041,-24.594250,-82.089535
-20051.000000,2947.000000,0.000000,17.712419,-3.717582,-1.209070
-13051.000000,-7053.000000,0.000000,39.917489,33.837913,3.742919
-12051.000000,-9053.000000,0.000000,26.038399,38.435213,0.791472
-12051.000000,18947.000000,0.000000,1.758896,-9.762945,-2.512500
-11051.000000,-8053.000000,0.000000,38.954671,54.308795,7.033153
7949.000000,-19053.000000,0.000000,-5.620813,-1.886274,-7.919649
-18051.000000,-3053.000000,0.000000,25.471978,5.640592,-0.615730
9949.000000,14947.000000,0.000000,-8.760075,3.797652,-12.757124
-9051.000000,-9053.000000,0.000000,21.128914,71.340585,6.028747
-19051.000000,3947.000000,0.000000,19.401296,-5.773075,-1.057839
15949.000000,12947.000000,0.000000,-0.827237,6.769502,-10.616277
-4051.000000,-2053.000000,0.000000,-205.961218,78.751676,119.730797
19949.000000,-2053.000000,0.000000,9.647022,-1.147317,-15.022640
3949.000000,-3053.000000,0.000000,-14.554358,123.375796,324.235477
17949.000000,-19053.000000,0.000000,-0.073830,-3.892452,-4.915507
-10051.000000,-10053.000000,0.000000,16.037716,48.304647,-0.444697
-10051.000000,1947.000000,0.000000,111.005878,-52.665633,47.582665
10949.000000,11947.000000,0.000000,-9.758473,7.258816,-19.338600
18949.000000,-12053.000000,0.000000,2.952656,-5.937698,-9.179173
7949.000000,19947.000000,0.000000,-6.066743,0.459333,-6.566108
7949.000000,1947.000000,0.000000,-197.226709,-19.744758,-93.044919
-20051.000000,8947.000000,0.000000,11.185486,-7.160049,-1.534919
11949.000000,1947.000000,0.000000,-5.473476,11.836216,-73.887114
4949.000000,7947.000000,0.000000,-75.388125,-48.755723,-34.534795
-11051.000000,-15053.000000,0.000000,1.823825,17.088917,-4.381493
-6051.000000,3947.000000,0.000000,89.710784,-95.231751,119.619420
16949.000000,19947.000000,0.000000,-1.309041,3.208332,-4.501349
-20051.000000,9947.000000,0.000000,10.052697,-7.238565,-1.574349
-7051.000000,-1053.000000,0.000000,146.447128,-21.526123,389.457668
-7051.000000,-18053.000000,0.000000,-3.565795,11.058747,-5.374577
18949.000000,11947.000000,0.000000,1.602481,5.790575,-8.590914
-6051.000000,6947.000000,0.000000,56.191487,-99.430094,53.823778
17949.000000,19947.000000,0.000000,-0.948789,3.159826,-4.227622
2949.000000,-20053.000000,0.000000,-6.338079,2.000111,-6.892831
-10051.000000,-19053.000000,0.000000,-1.244193,9.372259,-3.853322
-8051.000000,-6053.000000,0.000000,101.250033,161.926639,118.953950
1949.000000,947.000000,0.000000,11.975293,9.109964,194.779518
-10051.000000,-16053.000000,0.000000,-0.196481,15.216994,-4.706246
1949.000000,13947.000000,0.000000,-20.006867,-19.763513,-13.276541
-16051.000000,3947.000000,0.000000,30.620632,-11.393396,0.682996
11949.000000,12947.000000,0.000000,-6.631303,6.975758,-15.298339
-17051.000000,18947.000000,0.000000,2.922779,-6.666453,-1.783222
-14051.000000,4947.000000,0.000000,37.527886,-20.097074,2.972588
-3051.000000,6947.000000,0.000000,10.951278,-147.611681,101.252727
4949.000000,12947.000000,0.000000,-23.500697,-10.442946,-18.875698
-13051.000000,-18053.000000,0.000000,0.989851,9.651994,-3.175242
-6051.000000,18947.000000,0.000000,-2.512779,-12.247151,-4.051960
8949.000000,-3053.000000,0.000000,-114.546457,3.694712,-123.887839
-51.000000,18947.000000,0.000000,-7.757091,-8.969262,-6.347795
-20051.000000,11947.000000,0.000000,7.956663,-7.099452,-1.621193
-1051.000000,-19053.000000,0.000000,-6.620820,6.115589,-6.966252
5949.000000,1947.000000,0.000000,-288.002061,-101.562954,163.974915
-13051.000000,-10053.000000,0.000000,18.258746,28.143918,-1.624485
-7051.000000,16947.000000,0.000000,-0.863382,-16.846386,-4.010774
-51.000000,-20053.000000,0.000000,-6.119200,4.346442,-6.394204
2949.000000,-13053.000000,0.000000,-17.046149,14.726747,-17.718085
5949.000000,-18053.000000,0.000000,-7.556313,-0.039321,-9.274059
5949.000000,2947.000000,0.000000,-241.577336,-133.710185,91.950194
16949.000000,-5053.000000,0.000000,9.768635,-6.496922,-22.936297
-15051.000000,-5053.000000,0.000000,38.250512,17.507426,1.933785
-4051.000000,5947.000000,0.000000,49.612255,-134.224767,137.784468
-4051.000000,2947.000000,0.000000,39.461577,-44.900241,202.991758
16949.000000,-17053.000000,0.000000,-0.087345,-4.870861,-6.551552
-5051.000000,-4053.000000,0.000000,-196.502594,130.541379,263.699520
-13051.000000,16947.000000,0.000000,3.750764,-11.426831,-2.433228
-51.000000,2947.000000,0.000000,-39.360067,-35.308689,221.899928
-16051.000000,-11053.000000,0.000000,11.952178,15.226848,-2.371050
-18051.000000,12947.000000,0.000000,8.003904,-9.000602,-1.775163
-19051.000000,-2053.000000,0.000000,22.207672,3.076488,-0.957063
-1051.000000,-17053.000000,0.000000,-8.413663,9.101640,-8.951273
-19051.000000,7947.000000,0.000000,13.827728,-8.260288,-1.442606
5949.000000,4947.000000,0.000000,-144.834700,-91.849684,-28.260561
-3051.000000,-13053.000000,0.000000,-11.918288,24.414913,-13.057532
11949.000000,-19053.000000,0.000000,-3.088292,-3.869852,-7.002562
5949.000000,16947.000000,0.000000,-10.795650,-2.233819,-10.194023
-16051.000000,-16053.000000,0.000000,3.715045,9.695051,-2.634129
12949.000000,-18053.000000,0.000000,-2.613391,-4.581732,-7.589546
9949.000000,-6053.000000,0.000000,-35.750927,-11.366502,-75.179112
4949.000000,15947.000000,0.000000,-13.490592,-4.977326,-11.734937
-17051.000000,-8053.000000,0.000000,18.503026,13.788323,-1.563330
-6051.000000,15947.000000,0.000000,-1.749930,-20.723111,-4.467987
16949.000000,9947.000000,0.000000,1.813575,7.876060,-13.314460
10949.000000,12947.000000,0.000000,-8.804671,6.296305,-16.475853
-12051.000000,-6053.000000,0.000000,59.498656,43.547977,11.759870
-10051.000000,-8053.000000,0.000000,40.585452,70.163399,11.880967
-19051.000000,16947.000000,0.000000,4.140089,-6.399295,-1.653081
-1051.000000,9947.000000,0.000000,-26.511414,-82.655771,3.991184
8949.000000,-16053.000000,0.000000,-7.518220,-3.437347,-12.005305
-10051.000000,-17053.000000,0.000000,-0.697669,12.869996,-4.439284
-5051.000000,-14053.000000,0.000000,-8.037355,22.370520,-9.599960
-3051.000000,12947.000000,0.000000,-8.991589,-40.372639,-5.338477
3949.000000,-7053.000000,0.000000,-47.551571,121.563590,12.361084
1949.000000,-18053.000000,0.000000,-8.218679,4.454146,-8.780479
-1051.000000,-12053.000000,0.000000,-14.531551,26.823304,-16.661926
11949.000000,-16053.000000,0.000000,-3.988406,-5.583636,-10.552358
-10051.000000,-1053.000000,0.000000,157.008358,-7.035962,76.045618
-2051.000000,5947.000000,0.000000,-10.378191,-151.990806,160.310430
16949.000000,7947.000000,0.000000,3.687877,8.532727,-16.355846
-17051.000000,-19053.000000,0.000000,1.837194,6.540697,-2.174110
11949.000000,13947.000000,0.000000,-6.162226,6.074389,-13.180388
8949.000000,4947.000000,0.000000,-62.770141,1.650069,-77.028183
-14051.000000,-7053.000000,0.000000,33.931750,26.283512,1.481766
-8051.000000,947.000000,0.000000,170.722581,-103.128658,173.517213
-8051.000000,-18053.000000,0.000000,-2.706591,11.184914,-4.943823
14949.000000,1947.000000,0.000000,10.456841,7.399567,-38.192972
-9051.000000,14947.000000,0.000000,3.796910,-20.795563,-3.095477
-12051.000000,2947.000000,0.000000,67.227383,-29.643998,14.589156
18949.000000,7947.000000,0.000000,4.469944,6.573834,-12.285252
8949.000000,6947.000000,0.000000,-39.967602,3.812336,-54.271376
6949.000000,9947.000000,0.000000,-34.785697,-6.749552,-33.180880
-14051.000000,8947.000000,0.000000,20.707546,-19.900120,-0.369973
-8051.000000,1947.000000,0.000000,133.257986,-106.750746,119.408885
4949.000000,-2053.000000,0.000000,-185.919111,64.853402,352.623386
949.000000,4947.000000,0.000000,-79.500726,-133.354823,169.802894
6949.000000,-17053.000000,0.000000,-8.153952,-0.980732,-10.679750
9949.000000,-14053.000000,0.000000,-8.417426,-5.575051,-15.969742
-11051.000000,18947.000000,0.000000,1.282415,-10.374197,-2.706751
19949.000000,-53.000000,0.000000,9.692428,0.959104,-15.196899
14949.000000,-8053.000000,0.000000,4.257060,-10.954278,-24.568564
-19051.000000,11947.000000,0.000000,8.595501,-8.157101,-1.682069
-18051.000000,6947.000000,0.000000,17.268928,-9.540144,-1.194494
9949.000000,-4053.000000,0.000000,-48.639325,-7.831016,-103.281148
17949.000000,-13053.000000,0.000000,1.975166,-6.246248,-9.275783
-7051.000000,-5053.000000,0.000000,88.827878,185.594737,290.790665
-1051.000000,-1053.000000,0.000000,42.953059,115.960230,162.031084
5949.000000,-13053.000000,0.000000,-17.648751,5.002023,-19.830611
4949.000000,-8053.000000,0.000000,-58.285569,71.914368,-21.344416
4949.000000,-15053.000000,0.000000,-12.612142,3.804871,-14.307753
3949.000000,17947.000000,0.000000,-10.059952,-4.813088,-8.560195
-19051.000000,-10053.000000,0.000000,10.942256,9.603926,-2.001437
8949.000000,-53.000000,0.000000,-128.520698,2.529104,-134.132663
-19051.000000,14947.000000,0.000000,5.629758,-7.192186,-1.702363
-14051.000000,-19053.000000,0.000000,0.946536,8.005382,-2.764172
12949.000000,1947.000000,0.000000,3.787299,10.456009,-59.157764
-16051.000000,947.000000,0.000000,37.359696,-4.613953,1.662304
-14051.000000,3947.000000,0.000000,42.310537,-18.724500,4.011515
16949.000000,1947.000000,0.000000,10.960931,5.065690,-25.404099
-8051.000000,17947.000000,0.000000,-0.309254,-13.820308,-3.569696
-17051.000000,-20053.000000,0.000000,1.391355,5.915502,-2.074586
-14051.000000,-15053.000000,0.000000,4.209864,13.257985,-3.214288
1949.000000,-7053.000000,0.000000,-6.214610,103.287686,5.781397
10949.000000,15947.000000,0.000000,-6.480611,4.040030,-10.456875
-3051.000000,-10053.000000,0.000000,-20.002387,45.600538,-18.957037
-6051.000000,-10053.000000,0.000000,-12.891287,63.282613,-7.380904
-15051.000000,-15053.000000,0.000000,4.575491,11.967858,-2.931151
10949.000000,4947.000000,0.000000,-19.830730,15.128527,-62.138921
6949.000000,16947.000000,0.000000,-9.972885,-0.644362,-10.170897
10949.000000,-20053.000000,0.000000,-3.388976,-3.158268,-6.405702
-12051.000000,-4053.000000,0.000000,82.689616,32.281100,19.959520
-6051.000000,-12053.000000,0.000000,-8.261082,36.656592,-9.590942
12949.000000,18947.000000,0.000000,-3.431767,3.282472,-6.324425
7949.000000,-7053.000000,0.000000,-73.038981,16.306417,-62.107611
-5051.000000,-9053.000000,0.000000,-27.832644,78.235314,-9.328783
-4051.000000,-16053.000000,0.000000,-7.336866,14.212740,-8.430309
-19051.000000,5947.000000,0.000000,16.709269,-7.412380,-1.252388
-11051.000000,8947.000000,0.000000,26.779431,-33.890197,2.694719
-13051.000000,8947.000000,0.000000,22.730940,-23.765239,0.323937
-17051.000000,-2053.000000,0.000000,31.603912,4.389860,0.331964
-12051.000000,4947.000000,0.000000,50.398616,-32.384890,8.951762
-1051.000000,6947.000000,0.000000,-36.056396,-154.246640,94.168731
13949.000000,18947.000000,0.000000,-2.807952,3.469753,-5.998523
14949.000000,16947.000000,0.000000,-2.306961,4.521049,-7.154054
15949.000000,13947.000000,0.000000,-1.150126,6.142992,-9.433017
17949.000000,16947.000000,0.000000,-0.597133,4.214164,-5.721504
-14051.000000,-5053.000000,0.000000,46.664523,22.562849,4.466709
-4051.000000,-8053.000000,0.000000,-46.605043,85.938630,-15.948465
-10051.000000,-15053.000000,0.000000,0.551014,18.115922,-4.913207
5949.000000,3947.000000,0.000000,-189.209458,-123.823636,15.127362
18949.000000,5947.000000,0.000000,6.322363,6.274424,-14.285469
949.000000,19947.000000,0.000000,-7.150085,-6.474730,-5.939889
12949.000000,-8053.000000,0.000000,-1.113053,-13.653226,-33.821729
-16051.000000,-53.000000,0.000000,38.511078,-1.494841,1.805894
6949.000000,12947.000000,0.000000,-19.221321,-2.147976,-19.464702
-12051.000000,3947.000000,0.000000,58.501672,-31.659235,11.620696
-51.000000,4947.000000,0.000000,-57.955007,-128.388936,190.017088
-12051.000000,1947.000000,0.000000,76.206452,-25.754576,17.723309
-9051.000000,18947.000000,0.000000,0.034524,-11.440664,-3.163633
14949.000000,-11053.000000,0.000000,0.911205,-9.422582,-16.641506
3949.000000,-4053.000000,0.000000,-19.257015,172.078316,260.959522
11949.000000,-18053.000000,0.000000,-3.359980,-4.363687,-7.988742
-2051.000000,-13053.000000,0.000000,-12.637092,22.861875,-14.024808
-15051.000000,11947.000000,0.000000,11.296176,-14.381794,-1.772509
11949.000000,2947.000000,0.000000,-6.578542,14.135602,-67.428222
18949.000000,-17053.000000,0.000000,0.692141,-4.354375,-5.578207
6949.000000,-7053.000000,0.000000,-91.734263,46.359486,-47.263296
-10051.000000,-4053.000000,0.000000,136.480606,59.522303,65.608932
18949.000000,-10053.000000,0.000000,4.430375,-6.258938,-11.081554
10949.000000,-10053.000000,0.000000,-10.922216,-11.101974,-30.649087
-4051.000000,-6053.000000,0.000000,-129.046748,136.094866,21.788550
-1051.000000,-13053.000000,0.000000,-13.273108,21.486198,-14.830075
-9051.000000,6947.000000,0.000000,49.370004,-57.095206,17.582747
5949.000000,13947.000000,0.000000,-17.907687,-4.549096,-16.395530
13949.000000,-8053.000000,0.000000,2.215829,-12.388638,-28.865196
16949.000000,-20053.000000,0.000000,-0.545372,-3.673541,-4.733616
15949.000000,-10053.000000,0.000000,3.015715,-9.091397,-16.612116
1949.000000,16947.000000,0.000000,-11.725983,-9.849685,-9.077039
949.000000,18947.000000,0.000000,-8.251824,-7.815188,-6.699309
-51.000000,-1053.000000,0.000000,-13.904042,109.588225,186.046061
3949.000000,-19053.000000,0.000000,-7.115475,1.617676,-7.979359
18949.000000,2947.000000,0.000000,9.039319,4.468430,-16.886203
-15051.000000,14947.000000,0.000000,6.344384,-11.407518,-2.116180
-51.000000,-8053.000000,0.000000,-9.604705,65.525364,-17.773216
15949.000000,-16053.000000,0.000000,-0.410355,-5.598567,-7.960070
-13051.000000,-4053.000000,0.000000,65.163370,24.303398,10.977406
7949.000000,18947.000000,0.000000,-6.889303,0.541058,-7.521914
19949.000000,15947.000000,0.000000,0.379052,4.103404,-5.346619
949.000000,-53.000000,0.000000,-32.102499,54.741557,160.104592
19949.000000,13947.000000,0.000000,1.030108,4.706730,-6.425406
-10051.000000,-14053.000000,0.000000,1.665442,21.730615,-4.998103
-16051.000000,-14053.000000,0.000000,6.089870,11.861738,-2.697273
6949.000000,17947.000000,0.000000,-8.620236,-0.512265,-8.773452
5949.000000,-6053.000000,0.000000,-136.074094,120.483439,10.116570
-2051.000000,-15053.000000,0.000000,-10.001345,15.069361,-10.923097
-19051.000000,-17053.000000,0.000000,3.220868,6.583558,-2.004412
2949.000000,-1053.000000,0.000000,65.240773,46.418583,260.881868
-3051.000000,-2053.000000,0.000000,-97.036510,96.359449,18.939243
-8051.000000,16947.000000,0.000000,0.317143,-16.184640,-3.643002
-6051.000000,16947.000000,0.000000,-2.190547,-17.293035,-4.435285
-10051.000000,19947.000000,0.000000,0.244227,-9.553441,-2.799490
16949.000000,6947.000000,0.000000,4.823016,8.630138,-17.996913
16949.000000,-16053.000000,0.000000,0.169890,-5.333742,-7.328895
-10051.000000,2947.000000,0.000000,92.913168,-54.626685,36.878895
-7051.000000,6947.000000,0.000000,56.274562,-83.022198,37.859916
-16051.000000,-9053.000000,0.000000,17.750247,16.723221,-1.726037
1949.000000,-15053.000000,0.000000,-12.307444,9.611594,-13.160933
1949.000000,-6053.000000,0.000000,12.414908,125.450085,32.670372
-12051.000000,17947.000000,0.000000,2.467393,-11.017256,-2.581415
-4051.000000,-12053.000000,0.000000,-12.910297,32.393852,-13.290934
4949.000000,-11053.000000,0.000000,-27.452287,19.643896,-25.068590
8949.000000,18947.000000,0.000000,-6.218241,1.362572,-7.371248
-16051.000000,13947.000000,0.000000,7.507974,-10.969074,-1.969494
-20051.000000,-5053.000000,0.000000,16.467360,6.028932,-1.484130
-8051.000000,-17053.000000,0.000000,-2.724800,13.301624,-5.380085
7949.000000,-1053.000000,0.000000,-234.576408,5.607730,-100.823841
15949.000000,7947.000000,0.000000,2.778359,9.638502,-18.929877
-11051.000000,15947.000000,0.000000,3.997504,-15.310592,-2.787951
-5051.000000,7947.000000,0.000000,32.755991,-106.029620,44.147314
8949.000000,-9053.000000,0.000000,-29.466463,-4.268450,-42.698534
11949.000000,-17053.000000,0.000000,-3.659433,-4.931017,-9.158047
-8051.000000,9947.000000,0.000000,21.891286,-49.937033,5.383319
-16051.000000,14947.000000,0.000000,6.249349,-10.182502,-2.005693
17949.000000,-16053.000000,0.000000,0.636080,-5.023945,-6.728542
-11051.000000,-7053.000000,0.000000,54.537197,58.737119,13.513632
11949.000000,7947.000000,0.000000,-8.652363,12.798165,-33.427236
-2051.000000,-4053.000000,0.000000,-31.205940,100.868186,-23.581673
13949.000000,14947.000000,0.000000,-3.220300,5.730860,-9.878446
3949.000000,-6053.000000,0.000000,-45.242723,166.932625,67.837855
4949.000000,17947.000000,0.000000,-9.758784,-3.267006,-8.725203
6949.000000,-19053.000000,0.000000,-6.141536,-1.110012,-8.020590
-19051.000000,-5053.000000,0.000000,19.156963,7.296594,-1.325804
2949.000000,1947.000000,0.000000,-24.605712,-74.001851,257.554069
-19051.000000,-18053.000000,0.000000,2.626682,6.071372,-1.938651
-18051.000000,-2053.000000,0.000000,26.358712,3.664801,-0.475433
-14051.000000,7947.000000,0.000000,24.422346,-20.579585,0.309221
7949.000000,6947.000000,0.000000,-55.185596,-7.253763,-55.915701
-18051.000000,-1053.000000,0.000000,26.767520,1.588526,-0.389919
-4051.000000,15947.000000,0.000000,-5.389221,-21.130205,-5.667293
-18051.000000,4947.000000,0.000000,20.818848,-8.227357,-0.875774
-7051.000000,-15053.000000,0.000000,-4.160867,19.295328,-7.003166
-8051.000000,-15053.000000,0.000000,-2.527729,19.279075,-6.230992
-6051.000000,-19053.000000,0.000000,-4.046406,9.050880,-5.254803
-5051.000000,1947.000000,0.000000,14.005928,-84.108465,198.228460
4949.000000,-4053.000000,0.000000,-148.438016,166.189271,260.083124
4949.000000,947.000000,0.000000,-207.044249,-66.991219,334.031580
12949.000000,947.000000,0.000000,5.179655,7.443399,-62.559646
949.000000,-14053.000000,0.000000,-13.361792,14.415936,-14.396791
3949.000000,947.000000,0.000000,-62.353021,-55.077727,347.204218
-17051.000000,-15053.000000,0.000000,4.854592,9.612783,-2.468159
-11051.000000,-18053.000000,0.000000,-0.270737,10.621249,-3.792888
19949.000000,14947.000000,0.000000,0.676108,4.406632,-5.862678
18949.000000,947.000000,0.000000,10.289860,2.374597,-17.933890
-51.000000,3947.000000,0.000000,-50.730799,-83.532028,219.781009
9949.000000,9947.000000,0.000000,-16.844262,7.675437,-29.339459
17949.000000,12947.000000,0.000000,0.624662,5.913888,-8.658240
-7051.000000,3947.000000,0.000000,93.110924,-93.109579,86.922542
-12051.000000,-17053.000000,0.000000,0.982350,11.765183,-3.661497
-7051.000000,-19053.000000,0.000000,-3.356467,9.323853,-4.887627
4949.000000,6947.000000,0.000000,-97.209362,-67.288371,-31.366514
-2051.000000,-6053.000000,0.000000,-29.067308,80.868335,-32.470906
18949.000000,-9053.000000,0.000000,5.284422,-6.255694,-12.102855
-5051.000000,-17053.000000,0.000000,-5.717959,12.400704,-6.978743
-1051.000000,8947.000000,0.000000,-30.204979,-107.005141,19.643833
17949.000000,-17053.000000,0.000000,0.344188,-4.626240,-6.052121
-9051.000000,11947.000000,0.000000,11.843973,-32.636062,-0.796161
12949.000000,15947.000000,0.000000,-4.153951,4.907787,-9.297007
-2051.000000,13947.000000,0.000000,-11.649657,-31.046446,-7.563210
2949.000000,-53.000000,0.000000,46.205986,14.513614,266.904086
15949.000000,-53.000000,0.000000,12.737462,2.083123,-32.788028
16949.000000,-2053.000000,0.000000,12.256296,-2.026563,-26.286856
-15051.000000,947.000000,0.000000,45.240432,-6.448064,3.681057
-15051.000000,5947.000000,0.000000,28.663093,-16.740315,0.723839
-5051.000000,14947.000000,0.000000,-3.164831,-25.714846,-4.901244
13949.000000,16947.000000,0.000000,-3.063753,4.466049,-7.653258
12949.000000,6947.000000,0.000000,-3.420200,13.538550,-33.707039
-17051.000000,19947.000000,0.000000,2.398404,-6.126876,-1.725044
-10051.000000,-3053.000000,0.000000,151.347697,39.171690,73.826081
-3051.000000,2947.000000,0.000000,18.562680,-21.971975,223.539146
-14051.000000,-53.000000,0.000000,57.951009,-4.047773,7.496972
-17051.000000,4947.000000,0.000000,24.030329,-10.181117,-0.426092
-10051.000000,-5053.000000,0.000000,114.369923,74.755528,53.127692
9949.000000,1947.000000,0.000000,-55.069881,9.968869,-109.350181
-6051.000000,4947.000000,0.000000,86.288117,-98.461877,99.460528
11949.000000,-8053.000000,0.000000,-6.278769,-14.363212,-39.323767
-13051.000000,-1053.000000,0.000000,74.369540,1.162120,13.852399
-16051.000000,7947.000000,0.000000,19.492081,-14.146707,-0.854552
-13051.000000,1947.000000,0.000000,62.561120,-18.395654,10.567130
-6051.000000,7947.000000,0.000000,39.618085,-90.618291,34.025608
-19051.000000,1947.000000,0.000000,21.492611,-3.323307,-0.910403
1949.000000,-1053.000000,0.000000,56.084447,62.026851,156.925146
19949.000000,11947.000000,0.000000,1.930432,5.258019,-7.692469
5949.000000,-12053.000000,0.000000,-21.869847,8.137931,-23.191447
2949.000000,4947.000000,0.000000,-124.503471,-144.790814,103.990657
14949.000000,12947.000000,0.000000,-1.870640,7.094818,-11.714797
-11051.000000,4947.000000,0.000000,57.847975,-41.072067,14.163142
2949.000000,-15053.000000,0.000000,-12.648785,7.846246,-13.612443
-11051.000000,-6053.000000,0.000000,72.573588,59.012180,21.274529
7949.000000,10947.000000,0.000000,-23.558571,0.514518,-27.297227
-15051.000000,-7053.000000,0.000000,28.912325,20.706969,0.103142
-6051.000000,-1053.000000,0.000000,-27.532398,-7.358815,425.778626
-14051.000000,19947.000000,0.000000,1.867354,-7.641314,-2.104446
-9051.000000,7947.000000,0.000000,38.966410,-52.943862,11.810638
11949.000000,17947.000000,0.000000,-4.461553,3.445697,-7.548909
-7051.000000,-9053.000000,0.000000,-2.631859,89.353479,4.779534
-12051.000000,12947.000000,0.000000,9.993590,-19.779515,-1.986020
-3051.000000,-11053.000000,0.000000,-16.309296,37.054141,-16.694822
13949.000000,4947.000000,0.000000,3.143742,12.814285,-36.604780
6949.000000,3947.000000,0.000000,-171.125166,-69.845160,-45.298551
12949.000000,4947.000000,0.000000,-1.143997,14.420705,-43.999500
14949.000000,-10053.000000,0.000000,1.802376,-10.115192,-19.017639
11949.000000,3947.000000,0.000000,-7.584451,15.314768,-60.113641
14949.000000,7947.000000,0.000000,1.324481,10.767020,-21.921563
4949.000000,-5053.000000,0.000000,-124.221009,189.285530,153.167485
-6051.000000,-11053.000000,0.000000,-10.020244,47.448429,-9.331757
-5051.000000,18947.000000,0.000000,-3.479771,-12.195333,-4.403753
8949.000000,-7053.000000,0.000000,-49.705229,-2.351832,-65.611424
-6051.000000,19947.000000,0.000000,-2.514935,-10.393190,-3.795480
7949.000000,-53.000000,0.000000,-232.842087,-2.507454,-100.788290
-1051.000000,-7053.000000,0.000000,-9.691350,71.860005,-22.028058
-7051.000000,1947.000000,0.000000,109.382576,-133.511675,167.450203
9949.000000,19947.000000,0.000000,-4.942864,1.750989,-6.282028
4949.000000,3947.000000,0.000000,-173.900540,-161.037032,77.162089
1949.000000,-53.000000,0.000000,35.951970,38.562900,172.171372
18949.000000,-2053.000000,0.000000,10.568071,-1.384666,-17.934916
-6051.000000,-18053.000000,0.000000,-4.397160,10.769864,-5.817149
17949.000000,-10053.000000,0.000000,4.219416,-7.125290,-12.665693
6949.000000,10947.000000,0.000000,-28.211983,-4.533619,-27.733730
11949.000000,5947.000000,0.000000,-8.705228,14.955649,-45.535724
-14051.000000,10947.000000,0.000000,14.447119,-17.824249,-1.383134
11949.000000,15947.000000,0.000000,-5.266102,4.579425,-9.894983
16949.000000,8947.000000,0.000000,2.681569,8.265198,-14.786205
7949.000000,5947.000000,0.000000,-71.447066,-12.400017,-65.307041
949.000000,-7053.000000,0.000000,-0.679330,89.790334,-3.337864
-15051.000000,10947.000000,0.000000,13.493495,-15.288324,-1.536430
-3051.000000,18947.000000,0.000000,-5.414772,-11.494954,-5.170680
19949.000000,5947.000000,0.000000,6.147985,5.390261,-12.263560
18949.000000,-53.000000,0.000000,10.617847,1.150133,-18.157692
5949.000000,-2053.000000,0.000000,-315.277638,48.278451,217.890853
7949.000000,-5053.000000,0.000000,-139.862928,29.505123,-81.398648
9949.000000,-5053.000000,0.000000,-42.187910,-10.173515,-89.681192
-15051.000000,-17053.000000,0.000000,2.563895,9.503644,-2.785402
9949.000000,-16053.000000,0.000000,-6.343686,-4.412034,-11.614808
11949.000000,-20053.000000,0.000000,-2.842049,-3.439248,-6.166254
-8051.000000,14947.000000,0.000000,2.515642,-22.397608,-3.398509
-19051.000000,-3053.000000,0.000000,21.501908,4.650304,-1.054761
2949.000000,9947.000000,0.000000,-49.058960,-48.924624,-20.036689
11949.000000,947.000000,0.000000,-4.470011,8.536138,-78.794034
-7051.000000,7947.000000,0.000000,41.745877,-76.178937,24.764834
1949.000000,-16053.000000,0.000000,-10.746875,7.356236,-11.501504
13949.000000,-12053.000000,0.000000,-1.243751,-9.175990,-16.209080
-12051.000000,14947.000000,0.000000,5.950144,-15.775287,-2.500915
-51.000000,16947.000000,0.000000,-10.403580,-13.424128,-7.946269
-12051.000000,5947.000000,0.000000,42.987947,-32.234161,6.599762
949.000000,10947.000000,0.000000,-33.999293,-52.535616,-11.841478
15949.000000,15947.000000,0.000000,-1.543809,4.993693,-7.468908
16949.000000,-13053.000000,0.000000,1.441218,-6.831541,-10.330450
8949.000000,-13053.000000,0.000000,-12.322455,-4.338764,-19.689310
16949.000000,-6053.000000,0.000000,8.545769,-7.400860,-21.324994
-13051.000000,-15053.000000,0.000000,3.647289,14.580403,-3.543141
-2051.000000,-17053.000000,0.000000,-7.895359,10.073278,-8.505437
10949.000000,-3053.000000,0.000000,-20.886853,-7.795133,-94.798659
-6051.000000,-6053.000000,0.000000,-47.511326,228.092103,184.158794
3949.000000,13947.000000,0.000000,-20.221684,-11.841258,-15.417252
13949.000000,947.000000,0.000000,9.782545,6.246264,-49.751543
-7051.000000,947.000000,0.000000,130.230077,-138.069384,264.942527
-15051.000000,7947.000000,0.000000,21.840533,-17.042019,-0.387871
-6051.000000,1947.000000,0.000000,58.930608,-128.853317,195.829977
18949.000000,-8053.000000,0.000000,6.191574,-6.104293,-13.144541
-16051.000000,11947.000000,0.000000,10.632958,-12.469323,-1.784218
9949.000000,11947.000000,0.000000,-12.799993,5.922851,-20.748938
13949.000000,-53.000000,0.000000,10.694392,3.160775,-51.077860
13949.000000,-10053.000000,0.000000,-0.018266,-11.051071,-21.710857
-19051.000000,19947.000000,0.000000,2.523802,-5.209284,-1.519219
17949.000000,-6053.000000,0.000000,8.395553,-6.237481,-17.926945
8949.000000,15947.000000,0.000000,-9.093393,2.189798,-11.377697
10949.000000,-1053.000000,0.000000,-22.983951,0.675413,-103.057400
949.000000,-17053.000000,0.000000,-9.168063,6.913515,-9.723431
-11051.000000,-9053.000000,0.000000,26.888309,47.755405,2.296631
-18051.000000,8947.000000,0.000000,13.785376,-9.951355,-1.470771
13949.000000,7947.000000,0.000000,-0.883490,11.813650,-25.355908
18949.000000,19947.000000,0.000000,-0.633552,3.078917,-3.961547
13949.000000,-2053.000000,0.000000,10.822308,-3.453354,-50.239471
-7051.000000,-10053.000000,0.000000,-4.224584,64.789389,-3.588873
14949.000000,9947.000000,0.000000,-0.475273,9.422336,-17.133706
1949.000000,-19053.000000,0.000000,-7.213166,3.519156,-7.693498
-1051.000000,7947.000000,0.000000,-33.606753,-133.745742,48.282567
8949.000000,-6053.000000,0.000000,-64.588093,-0.592605,-80.775624
-13051.000000,2947.000000,0.000000,56.268435,-22.015134,8.813455
2949.000000,-19053.000000,0.000000,-7.218467,2.575529,-7.859385
6949.000000,-15053.000000,0.000000,-11.264769,-0.361195,-14.519666
10949.000000,9947.000000,0.000000,-12.004544,9.480906,-26.919671
6949.000000,-11053.000000,0.000000,-26.029189,6.221269,-28.323439
-9051.000000,-20053.000000,0.000000,-1.956832,8.111038,-3.846820
10949.000000,-6053.000000,0.000000,-16.835554,-14.854101,-65.001028
-6051.000000,-4053.000000,0.000000,-60.309768,139.497616,380.765716
16949.000000,-7053.000000,0.000000,7.267686,-7.976936,-19.604532
-9051.000000,13947.000000,0.000000,5.734105,-24.216075,-2.689712
13949.000000,12947.000000,0.000000,-3.169718,7.285560,-12.877967
19949.000000,6947.000000,0.000000,5.335727,5.636357,-11.487032
13949.000000,17947.000000,0.000000,-2.943387,3.936834,-6.765366
-2051.000000,-3053.000000,0.000000,-23.046657,111.836605,-4.631609
-7051.000000,-2053.000000,0.000000,138.251670,32.077955,395.379418
10949.000000,-5053.000000,0.000000,-18.170109,-13.748125,-76.051501
18949.000000,-7053.000000,0.000000,7.121660,-5.779055,-14.178262
-5051.000000,-15053.000000,0.000000,-7.098060,18.232076,-8.653881
1949.000000,9947.000000,0.000000,-46.736497,-60.252264,-13.757430
3949.000000,4947.000000,0.000000,-142.054048,-142.490688,57.732749
-1051.000000,11947.000000,0.000000,-19.722261,-48.453325,-7.433514
-51.000000,-2053.000000,0.000000,7.654847,142.609042,111.431778
-51.000000,1947.000000,0.000000,-29.819159,-4.677745,207.715148
8949.000000,19947.000000,0.000000,-5.521546,1.161528,-6.445625
-13051.000000,19947.000000,0.000000,1.570965,-8.155308,-2.254767
-14051.000000,-12053.000000,0.000000,10.137316,19.083646,-2.895803
-2051.000000,-1053.000000,0.000000,19.369489,104.202883,74.680021
4949.000000,11947.000000,0.000000,-28.920371,-13.821219,-22.161141
-9051.000000,-53.000000,0.000000,182.775220,-45.469266,124.432356
-13051.000000,14947.000000,0.000000,6.226452,-14.211561,-2.360116
13949.000000,-19053.000000,0.000000,-1.871944,-4.178201,-6.335695
8949.000000,17947.000000,0.000000,-7.029301,1.598208,-8.472965
12949.000000,-12053.000000,0.000000,-3.154410,-9.442458,-17.937643
10949.000000,947.000000,0.000000,-23.376858,8.980254,-98.323400
16949.000000,-11053.000000,0.000000,2.861394,-7.743779,-12.978309
-5051.000000,-1053.000000,0.000000,-166.679830,22.435720,316.852173
-16051.000000,-7053.000000,0.000000,24.739116,16.526580,-0.729575
12949.000000,-53.000000,0.000000,6.143140,3.845904,-64.507071
18949.000000,-18053.000000,0.000000,0.437712,-4.028202,-5.051186
15949.000000,947.000000,0.000000,12.097215,4.231649,-32.162265
-18051.000000,-16053.000000,0.000000,3.928535,7.905233,-2.230679
5949.000000,14947.000000,0.000000,-14.995482,-3.526491,-13.920481
7949.000000,12947.000000,0.000000,-16.578963,0.975923,-19.131858
18949.000000,13947.000000,0.000000,0.675626,5.093241,-7.084167
8449.000000,-11553.000000,-500.000000,-18.557159,-0.472332,-24.093677
-8051.000000,18947.000000,-500.000000,-0.600982,-11.899719,-2.937028
12949.000000,-14053.000000,-500.000000,-3.639654,-6.472684,-12.903462
7949.000000,1447.000000,-500.000000,-179.888922,-16.660326,-57.406545
19949.000000,947.000000,-500.000000,8.156298,1.859214,-14.916230
7449.000000,4947.000000,-500.000000,-102.004908,-34.148118,-49.176693
11949.000000,8947.000000,-500.000000,-9.906131,9.382155,-26.892281
17949.000000,1447.000000,-500.000000,8.854039,3.261558,-20.925527
-11051.000000,-9053.000000,-500.000000,25.864093,45.644123,5.566295
5949.000000,-3053.000000,-500.000000,-219.937014,73.551797,153.016205
1949.000000,-17053.000000,-500.000000,-9.234363,6.330176,-9.393945
-14051.000000,15947.000000,-500.000000,5.125490,-11.535074,-1.776822
8449.000000,13947.000000,-500.000000,-13.251500,0.777749,-14.941595
-6051.000000,11947.000000,-500.000000,5.203745,-43.241735,2.084917
19449.000000,1447.000000,-500.000000,8.243854,2.510117,-16.074216
9949.000000,-18053.000000,-500.000000,-5.069915,-2.902534,-8.457157
-18551.000000,15947.000000,-500.000000,4.962541,-7.186043,-1.434366
17949.000000,447.000000,-500.000000,9.326704,1.987143,-21.366814
-7051.000000,-9553.000000,-500.000000,-2.120761,71.308414,5.253436
-7551.000000,4947.000000,-500.000000,71.840673,-75.490999,60.653306
-12051.000000,1447.000000,-500.000000,75.320483,-21.331077,23.949166
-7051.000000,7947.000000,-500.000000,37.620216,-70.388207,28.038327
-9051.000000,-9553.000000,-500.000000,15.359233,59.683497,6.415950
19949.000000,17447.000000,-500.000000,-0.154449,3.443702,-4.647898
-15051.000000,13947.000000,-500.000000,7.765580,-12.340013,-1.461889
3449.000000,-2553.000000,-500.000000,1.992081,86.404498,238.725116
-3051.000000,6447.000000,-500.000000,11.964736,-125.258313,114.787406
4449.000000,-16053.000000,-500.000000,-10.737106,4.209888,-11.500552
-4051.000000,-17053.000000,-500.000000,-6.291489,12.131403,-6.789340
4449.000000,-2553.000000,-500.000000,-92.213585,81.131192,269.260243
17449.000000,3447.000000,-500.000000,7.321756,5.768554,-21.074972
13949.000000,3947.000000,-500.000000,1.163978,10.341191,-38.291746
11949.000000,7447.000000,-500.000000,-10.985717,10.732004,-33.728693
-2551.000000,-6553.000000,-500.000000,-41.266841,79.541693,-12.848098
-551.000000,-6053.000000,-500.000000,-3.693519,82.365058,-0.822447
949.000000,17947.000000,-500.000000,-9.362355,-9.938605,-6.853433
9949.000000,4947.000000,-500.000000,-40.591694,6.243996,-61.100144
-15551.000000,-18053.000000,-500.000000,2.124230,8.190962,-2.256031
6449.000000,1447.000000,-500.000000,-245.191789,-50.763127,85.835428
-3551.000000,-14053.000000,-500.000000,-9.490055,21.083104,-9.516281
6949.000000,18447.000000,-500.000000,-8.051178,-1.019634,-7.787546
-14551.000000,447.000000,-500.000000,49.312455,-5.259389,8.171629
6449.000000,-12053.000000,-500.000000,-20.917605,7.414202,-21.329832
19949.000000,15447.000000,-500.000000,0.274286,3.997542,-5.586015
-19051.000000,15447.000000,-500.000000,5.262626,-7.000211,-1.394718
3449.000000,-53.000000,-500.000000,-21.855136,3.661940,263.168329
7949.000000,-19053.000000,-500.000000,-5.677647,-1.354591,-7.695125
-13051.000000,11447.000000,-500.000000,13.674859,-19.657930,-0.291337
13949.000000,-4053.000000,-500.000000,4.211690,-7.381308,-42.402710
3449.000000,-7053.000000,-500.000000,-33.427514,104.087178,18.940344
-4551.000000,-1053.000000,-500.000000,-121.735386,34.115532,205.713432
-16551.000000,-3053.000000,-500.000000,32.759093,7.509052,2.429198
-20051.000000,-11553.000000,-500.000000,8.074532,7.958393,-1.543520
-8051.000000,-4053.000000,-500.000000,133.586983,92.550728,194.775449
9449.000000,-4053.000000,-500.000000,-73.013210,1.896056,-85.634267
-5051.000000,2947.000000,-500.000000,47.275577,-70.279699,161.751121
2449.000000,1947.000000,-500.000000,-34.116806,-47.287530,205.621445
-5051.000000,6947.000000,-500.000000,40.983164,-102.675299,70.656295
16949.000000,14947.000000,-500.000000,-1.020775,4.899342,-7.611639
14449.000000,4447.000000,-500.000000,2.260950,10.072717,-33.420461
-2551.000000,-3553.000000,-500.000000,-60.108674,94.368381,15.857633
-15551.000000,-1553.000000,-500.000000,41.558679,3.775404,5.035673
2949.000000,-12053.000000,-500.000000,-19.215588,21.345514,-17.202176
-19051.000000,18447.000000,-500.000000,3.293612,-5.810934,-1.382329
-4551.000000,-19053.000000,-500.000000,-4.816773,8.710384,-5.353487
6449.000000,-19553.000000,-500.000000,-5.972421,-0.227799,-7.277928
-8551.000000,7947.000000,-500.000000,37.308267,-54.773888,17.695955
5949.000000,4447.000000,-500.000000,-143.198334,-88.889761,4.581200
-5551.000000,-9053.000000,-500.000000,-19.660469,79.004048,2.950170
-19051.000000,4947.000000,-500.000000,17.958096,-6.633458,-0.329496
4449.000000,14947.000000,-500.000000,-16.205937,-8.693008,-12.238994
449.000000,447.000000,-500.000000,-25.009170,31.288104,178.836568
-14051.000000,-3553.000000,-500.000000,51.991600,15.628248,9.597735
5449.000000,1447.000000,-500.000000,-210.503519,-69.543777,196.736772
-15051.000000,8947.000000,-500.000000,18.532239,-16.434408,0.308556
-15551.000000,12447.000000,-500.000000,10.030621,-12.883427,-1.177639
4449.000000,9947.000000,-500.000000,-45.149335,-31.950011,-21.777195
-20051.000000,-3553.000000,-500.000000,17.813957,4.413971,-0.549193
19449.000000,11447.000000,-500.000000,1.581245,5.274483,-8.463039
-2051.000000,15947.000000,-500.000000,-8.712984,-19.937025,-5.946430
-14051.000000,-1553.000000,-500.000000,56.486641,4.630079,11.025993
-9551.000000,-17053.000000,-500.000000,-0.965503,13.176685,-4.056449
-13551.000000,4947.000000,-500.000000,39.123190,-21.913175,6.494118
-13051.000000,-3053.000000,-500.000000,66.718535,16.642829,16.900300
13449.000000,-2553.000000,-500.000000,2.910508,-4.216474,-51.332871
-18551.000000,17447.000000,-500.000000,3.899919,-6.522204,-1.436749
-11551.000000,-53.000000,-500.000000,94.167207,-12.265137,35.931995
-19051.000000,9447.000000,-500.000000,11.701263,-8.406770,-0.991187
9949.000000,-17053.000000,-500.000000,-5.741332,-3.214666,-9.726250
3449.000000,7947.000000,-500.000000,-73.272247,-72.847355,-4.036395
19449.000000,6447.000000,-500.000000,4.871447,5.517301,-12.687611
12449.000000,-8053.000000,-500.000000,-5.958162,-11.295795,-34.236449
5449.000000,-6053.000000,-500.000000,-102.187327,113.868376,35.159667
7449.000000,8947.000000,-500.000000,-39.023371,-8.569371,-34.124435
-12551.000000,2947.000000,-500.000000,58.462322,-24.245973,15.087780
16449.000000,-553.000000,-500.000000,9.767253,0.835014,-28.691339
449.000000,3447.000000,-500.000000,-47.204777,-61.738357,189.920131
-12551.000000,-553.000000,-500.000000,77.492766,-3.550834,22.820418
-12551.000000,4947.000000,-500.000000,44.976935,-27.631156,9.944075
-3051.000000,-19053.000000,-500.000000,-5.634966,7.894887,-5.882144
-11551.000000,4447.000000,-500.000000,55.391823,-34.651932,16.684728
-14051.000000,16947.000000,-500.000000,4.078555,-10.445533,-1.844599
14449.000000,17447.000000,-500.000000,-2.860987,3.825189,-6.859020
-1051.000000,16947.000000,-500.000000,-9.010153,-15.170871,-6.355532
-10551.000000,13447.000000,-500.000000,8.258145,-21.980017,-1.120800
2449.000000,-17053.000000,-500.000000,-9.310467,5.707904,-9.549961
2949.000000,16447.000000,-500.000000,-12.723932,-9.432478,-9.265050
-4551.000000,13947.000000,-500.000000,-3.501789,-31.417045,-2.952132
6949.000000,10447.000000,-500.000000,-31.079158,-7.933947,-26.621386
5949.000000,12447.000000,-500.000000,-23.550802,-8.530437,-18.844071
-10051.000000,12447.000000,-500.000000,10.725053,-26.425236,-0.133058
-11051.000000,17447.000000,-500.000000,2.474523,-12.592094,-2.284705
9449.000000,-6053.000000,-500.000000,-50.465054,-0.694152,-64.973348
8449.000000,10447.000000,-500.000000,-23.672765,0.041456,-26.613191
12949.000000,11947.000000,-500.000000,-5.589638,7.094978,-15.701626
-6051.000000,5447.000000,-500.000000,66.433787,-89.886709,85.802455
12449.000000,5947.000000,-500.000000,-8.375183,11.893161,-39.086608
-4551.000000,1447.000000,-500.000000,-17.023465,-39.825654,188.894433
7949.000000,-13553.000000,-500.000000,-13.329937,-0.446801,-17.311199
-8051.000000,8947.000000,-500.000000,28.490073,-53.942871,13.603294
3949.000000,16447.000000,-500.000000,-12.662214,-7.298372,-9.737051
-17051.000000,6947.000000,-500.000000,19.347194,-11.391337,0.084754
-13051.000000,17947.000000,-500.000000,2.934951,-10.226410,-1.997063
15449.000000,5947.000000,-500.000000,2.717329,9.358433,-24.444358
11449.000000,-1553.000000,-500.000000,-20.064721,-0.825245,-79.707308
-1051.000000,13447.000000,-500.000000,-14.833394,-32.781838,-6.515304
4449.000000,-10053.000000,-500.000000,-31.386853,33.903013,-20.854693
12949.000000,9447.000000,-500.000000,-6.018556,9.287335,-22.424773
5449.000000,-1553.000000,-500.000000,-210.390317,34.334218,230.542928
-4551.000000,-4553.000000,-500.000000,-139.609658,119.721508,137.748264
1449.000000,-2053.000000,-500.000000,27.405149,84.181817,124.434682
-17051.000000,-19553.000000,-500.000000,1.679593,6.262683,-1.911629
-9551.000000,11947.000000,-500.000000,12.095562,-29.955162,0.726967
-7051.000000,-11053.000000,-500.000000,-3.538901,47.344235,-3.214205
13949.000000,947.000000,-500.000000,4.544829,5.356745,-46.622788
-8051.000000,-16053.000000,-500.000000,-2.382418,16.107628,-4.992855
-13551.000000,-15553.000000,-500.000000,3.481581,13.030987,-2.761402
-5051.000000,-3053.000000,-500.000000,-131.723082,83.918643,235.995340
-15551.000000,-16553.000000,-500.000000,3.243278,9.657854,-2.318987
-20051.000000,-10553.000000,-500.000000,9.280883,8.102062,-1.461675
-1051.000000,-5553.000000,-500.000000,-8.650001,84.409228,-2.365197
5949.000000,-9053.000000,-500.000000,-44.949187,33.311841,-26.952636
-17551.000000,4947.000000,-500.000000,22.079755,-9.020953,0.420379
17949.000000,11947.000000,-500.000000,0.611217,5.855695,-9.503885
8449.000000,-13553.000000,-500.000000,-12.441892,-1.648745,-17.235023
-13051.000000,-16053.000000,-500.000000,2.652391,12.713132,-2.905546
-19551.000000,4447.000000,-500.000000,17.368946,-5.600191,-0.433788
-12051.000000,-11053.000000,-500.000000,13.222616,28.851735,-0.802110
-51.000000,16947.000000,-500.000000,-10.089212,-13.795670,-6.999550
15449.000000,6447.000000,-500.000000,2.158658,9.379539,-23.250009
-8051.000000,-3053.000000,-500.000000,149.766239,58.876097,215.378182
-3551.000000,12447.000000,-500.000000,-6.109952,-44.006700,-0.870432
-12551.000000,14947.000000,-500.000000,6.160576,-14.894368,-1.740071
15949.000000,-2053.000000,-500.000000,9.448765,-2.048535,-31.158150
-5051.000000,-2553.000000,-500.000000,-128.650038,69.380459,244.874408
-6051.000000,-16053.000000,-500.000000,-4.887568,15.850015,-6.213109
19449.000000,-1553.000000,-500.000000,8.755013,-0.593534,-16.355009
949.000000,18447.000000,-500.000000,-8.690515,-9.010357,-6.489805
6449.000000,-16053.000000,-500.000000,-9.904536,0.926565,-11.820728
-17551.000000,14447.000000,-500.000000,6.533525,-8.821493,-1.442861
-14551.000000,2447.000000,-500.000000,43.558246,-12.574208,6.615597
-20051.000000,-16053.000000,-500.000000,3.926204,6.405385,-1.653917
-15551.000000,-10553.000000,-500.000000,13.738238,16.915703,-1.203644
-2551.000000,-10053.000000,-500.000000,-18.195358,44.470955,-14.418654
13949.000000,14947.000000,-500.000000,-3.587849,5.098505,-9.667078
5949.000000,-13053.000000,-500.000000,-17.382735,6.425950,-18.157677
5449.000000,-7553.000000,-500.000000,-66.495603,70.757458,-11.969111
3949.000000,-1553.000000,-500.000000,-46.638599,48.691025,280.313583
5949.000000,-5053.000000,-500.000000,-151.332370,111.988919,65.224198
449.000000,15947.000000,-500.000000,-12.329960,-16.093334,-8.014344
-3551.000000,-5053.000000,-500.000000,-106.655047,104.368315,31.807597
15449.000000,-10553.000000,-500.000000,0.943236,-8.284621,-16.330552
-13051.000000,13447.000000,-500.000000,8.875468,-16.435869,-1.293918
11449.000000,14447.000000,-500.000000,-7.098939,4.484562,-12.210130
4949.000000,-10053.000000,-500.000000,-32.964354,30.419091,-22.519431
5949.000000,19447.000000,-500.000000,-7.447337,-1.842137,-6.785266
5449.000000,9447.000000,-500.000000,-46.952184,-25.437892,-27.020470
10449.000000,3947.000000,-500.000000,-35.966871,9.006846,-67.384107
-16551.000000,-553.000000,-500.000000,34.441776,0.318373,2.858367
-1551.000000,-5553.000000,-500.000000,-19.350678,83.351797,-7.410702
-13051.000000,9447.000000,-500.000000,20.292339,-22.626812,1.387248
-7051.000000,-19553.000000,-500.000000,-3.087754,8.782919,-4.269469
-2551.000000,-5553.000000,-500.000000,-51.839194,87.428565,-7.925561
-15551.000000,18447.000000,-500.000000,3.130610,-7.930678,-1.700330
-15551.000000,-19553.000000,-500.000000,1.325369,6.939149,-2.144923
7949.000000,-8053.000000,-500.000000,-50.309861,13.725842,-42.498067
-12051.000000,6447.000000,-500.000000,38.003046,-30.788895,8.191579
10449.000000,947.000000,-500.000000,-46.353718,5.808096,-90.309525
7949.000000,2447.000000,-500.000000,-157.089858,-24.211143,-57.720228
2449.000000,-53.000000,-500.000000,13.147291,21.544600,201.481473
-17551.000000,-8053.000000,-500.000000,17.194778,12.341221,-0.669140
-13551.000000,10947.000000,-500.000000,14.743542,-18.967259,-0.157251
4949.000000,17447.000000,-500.000000,-10.465213,-4.256340,-8.766792
11949.000000,-20053.000000,-500.000000,-2.963468,-3.058904,-6.084450
12949.000000,-13553.000000,-500.000000,-3.737231,-6.850446,-13.877003
-7051.000000,9947.000000,-500.000000,18.935780,-54.730617,10.518502
-12551.000000,19947.000000,-500.000000,1.473329,-8.443633,-2.029545
-18051.000000,17947.000000,-500.000000,3.601646,-6.606614,-1.472216
-18051.000000,-2053.000000,-500.000000,25.976181,3.603602,0.790294
19449.000000,-17053.000000,-500.000000,0.617448,-3.953929,-5.357434
1449.000000,1447.000000,-500.000000,-23.107377,-6.868513,183.440719
-10551.000000,11947.000000,-500.000000,12.597770,-26.393733,0.267662
-9051.000000,17947.000000,-500.000000,0.705091,-13.256936,-2.713492
11449.000000,4447.000000,-500.000000,-18.231826,11.689497,-55.333144
2449.000000,-13553.000000,-500.000000,-15.091418,14.544496,-14.619333
-15051.000000,-4553.000000,-500.000000,39.094724,15.649896,4.732156
-5551.000000,947.000000,-500.000000,-1.131336,-74.960764,238.667036
-9051.000000,-2553.000000,-500.000000,156.636686,33.088819,136.952964
-12051.000000,-11553.000000,-500.000000,11.159061,26.853727,-1.434176
17449.000000,16947.000000,-500.000000,-1.052429,3.987948,-5.904726
-13051.000000,4447.000000,-500.000000,44.865408,-24.082610,9.044074
-7051.000000,-8553.000000,-500.000000,0.884699,95.767929,19.748733
-10551.000000,7947.000000,-500.000000,33.192651,-38.469588,8.898288
-3551.000000,-553.000000,-500.000000,-83.118718,49.157517,122.131785
-13551.000000,-16553.000000,-500.000000,2.465218,11.440809,-2.764031
-16051.000000,13947.000000,-500.000000,7.533829,-10.924957,-1.448228
-17551.000000,5947.000000,-500.000000,20.152574,-9.831407,0.131428
8949.000000,-14553.000000,-500.000000,-9.682982,-2.707329,-14.552015
15949.000000,-10553.000000,-500.000000,1.536010,-7.924597,-15.350247
7949.000000,12947.000000,-500.000000,-16.769411,-0.573567,-17.717150
12949.000000,-4553.000000,-500.000000,-1.300733,-9.138361,-49.486097
3949.000000,19947.000000,-500.000000,-7.386824,-3.702433,-6.160252
-12051.000000,16447.000000,-500.000000,3.986227,-13.168811,-2.045445
16449.000000,10447.000000,-500.000000,0.207287,7.272457,-13.180207
-7551.000000,-2053.000000,-500.000000,136.594668,26.542074,270.637784
1449.000000,12447.000000,-500.000000,-24.981315,-32.166941,-11.008622
17449.000000,-17053.000000,-500.000000,-0.106508,-4.413496,-6.279445
-19551.000000,-11053.000000,-500.000000,9.053186,8.675707,-1.523186
9949.000000,17947.000000,-500.000000,-6.295918,1.827806,-7.948240
8949.000000,-8553.000000,-500.000000,-33.648968,0.468886,-41.373041
4949.000000,-17553.000000,-500.000000,-8.474799,2.012060,-9.451414
2949.000000,7947.000000,-500.000000,-71.900392,-80.720335,3.541380
-3551.000000,1447.000000,-500.000000,-18.450410,2.585526,165.994222
11449.000000,-10553.000000,-500.000000,-9.205264,-8.665397,-25.201670
7449.000000,6947.000000,-500.000000,-61.443389,-17.922819,-44.669338
19449.000000,10447.000000,-500.000000,2.116507,5.487970,-9.248798
-13551.000000,-8553.000000,-500.000000,25.614163,27.905484,2.129681
-9551.000000,-553.000000,-500.000000,144.820761,-19.087807,101.541285
-3051.000000,-11553.000000,-500.000000,-14.213378,34.078525,-12.373937
-2551.000000,10947.000000,-500.000000,-11.131422,-62.455948,4.870773
15949.000000,8947.000000,-500.000000,0.619956,8.278176,-16.556861
-6551.000000,-3053.000000,-500.000000,28.221604,75.308288,320.390954
-17551.000000,3947.000000,-500.000000,23.916225,-7.914070,0.701812
-4551.000000,16947.000000,-500.000000,-4.113608,-17.506400,-4.283427
8949.000000,15447.000000,-500.000000,-9.906486,1.445260,-11.701675
12449.000000,16947.000000,-500.000000,-4.599963,3.605655,-8.189583
-6551.000000,-1053.000000,-500.000000,48.921747,-9.074502,328.529718
-13551.000000,-3053.000000,-500.000000,59.794000,14.732431,13.106228
-10551.000000,-12053.000000,-500.000000,7.252937,29.895814,-2.208358
-11551.000000,6447.000000,-500.000000,40.179233,-34.090097,9.969665
19949.000000,-10553.000000,-500.000000,3.544958,-5.080580,-9.300675
4449.000000,-6053.000000,-500.000000,-65.781930,132.477668,59.003424
13449.000000,12447.000000,-500.000000,-4.563686,6.779685,-14.018001
-14051.000000,4447.000000,-500.000000,38.684807,-18.923151,5.810972
-3551.000000,17447.000000,-500.000000,-5.382955,-15.689689,-4.744853
6949.000000,6447.000000,-500.000000,-77.000446,-30.490824,-43.036390
-14551.000000,-2053.000000,-500.000000,50.391580,6.841771,8.404299
-11051.000000,-7053.000000,-500.000000,50.476719,54.941946,18.071904
18949.000000,3447.000000,-500.000000,7.248518,4.509380,-16.321844
10449.000000,15447.000000,-500.000000,-7.785620,3.135693,-11.101787
-1051.000000,-15553.000000,-500.000000,-9.783096,13.077622,-9.800149
16449.000000,-7053.000000,-500.000000,5.364672,-7.654960,-20.835216
18949.000000,18947.000000,-500.000000,-0.675247,3.164494,-4.343134
-11051.000000,-1553.000000,-500.000000,110.315098,5.657218,49.474644
-14051.000000,2447.000000,-500.000000,47.546187,-14.496581,8.379950
17949.000000,-17553.000000,-500.000000,0.000854,-4.134650,-5.733095
19449.000000,-5553.000000,-500.000000,7.049372,-4.128677,-14.285579
4449.000000,-12053.000000,-500.000000,-21.183990,16.292665,-19.030716
-8051.000000,6447.000000,-500.000000,54.044286,-66.008042,34.535712
3949.000000,-14053.000000,-500.000000,-14.757430,9.353863,-14.762311
949.000000,-16553.000000,-500.000000,-9.579803,8.408339,-9.621667
-14051.000000,7447.000000,-500.000000,25.845829,-20.344459,2.339885
-4551.000000,10447.000000,-500.000000,4.015070,-64.922469,10.701110
3949.000000,-19053.000000,-500.000000,-7.061188,2.134151,-7.634806
1449.000000,-6553.000000,-500.000000,-1.288765,95.885327,17.001143
-1551.000000,2947.000000,-500.000000,-11.748076,-26.631823,201.372448
11949.000000,4447.000000,-500.000000,-12.584828,12.044205,-51.279451
-3051.000000,447.000000,-500.000000,-32.847268,39.834405,131.753668
-18051.000000,-5553.000000,-500.000000,21.273528,9.409315,-0.040397
7449.000000,-20053.000000,-500.000000,-5.217610,-0.974820,-6.779425
12949.000000,15447.000000,-500.000000,-4.595149,4.587213,-9.696426
-5051.000000,18947.000000,-500.000000,-3.302071,-12.316724,-3.837728
-3551.000000,5447.000000,-500.000000,30.936490,-110.601654,149.212105
949.000000,-16053.000000,-500.000000,-10.206151,9.428499,-10.226121
18449.000000,-1053.000000,-500.000000,9.362270,-0.073817,-19.611498
8949.000000,18947.000000,-500.000000,-6.297756,0.872744,-7.119091
-5551.000000,-553.000000,-500.000000,-50.692187,-13.949812,297.740651
14949.000000,-17053.000000,-500.000000,-1.493147,-4.739332,-7.530217
3449.000000,-18553.000000,-500.000000,-7.605689,2.961689,-8.072469
-12051.000000,-6053.000000,-500.000000,55.683238,41.195782,16.022037
-2051.000000,-12553.000000,-500.000000,-12.915148,26.132952,-12.521022
18449.000000,-53.000000,-500.000000,9.258329,1.196094,-19.604517
-2051.000000,-12053.000000,-500.000000,-13.683399,28.952551,-13.085733
9949.000000,-3553.000000,-500.000000,-57.264517,-1.675116,-88.192662
-10551.000000,-5553.000000,-500.000000,81.065225,61.603207,39.475768
7949.000000,-11053.000000,-500.000000,-22.577485,2.563767,-26.144474
-11051.000000,7447.000000,-500.000000,35.204280,-36.113922,8.814998
-13051.000000,947.000000,-500.000000,64.600025,-12.464921,16.067006
-20051.000000,-8553.000000,-500.000000,11.903516,7.969613,-1.236142
-3551.000000,-12553.000000,-500.000000,-11.710068,28.644784,-10.813443
-1551.000000,16947.000000,-500.000000,-8.393234,-15.750677,-6.033965
3449.000000,-15053.000000,-500.000000,-12.534636,7.784815,-12.764183
-9551.000000,-10553.000000,-500.000000,10.875362,44.965884,0.946231
-16551.000000,7947.000000,-500.000000,18.212745,-12.743771,-0.021209
-13551.000000,8947.000000,-500.000000,21.303513,-21.317606,1.424504
-17051.000000,-7553.000000,-500.000000,19.677893,13.422316,-0.246124
-14051.000000,13947.000000,-500.000000,7.907052,-13.914253,-1.465425
-2051.000000,-19053.000000,-500.000000,-6.091824,7.243507,-6.216394
-11551.000000,5947.000000,-500.000000,43.718730,-34.495898,11.475427
6449.000000,19947.000000,-500.000000,-6.772367,-1.224920,-6.369899
13449.000000,7447.000000,-500.000000,-3.955895,10.775318,-27.771488
-17551.000000,7947.000000,-500.000000,16.282888,-10.656192,-0.418679
6949.000000,9947.000000,-500.000000,-34.480639,-9.337216,-28.793181
4449.000000,447.000000,-500.000000,-119.696472,-28.803260,281.414605
19949.000000,15947.000000,-500.000000,0.150722,3.857326,-5.335135
-11051.000000,-7553.000000,-500.000000,43.276584,53.493807,14.321160
-16051.000000,-6553.000000,-500.000000,26.073783,15.772691,1.137938
949.000000,19447.000000,-500.000000,-7.523386,-7.455770,-5.812578
14949.000000,15447.000000,-500.000000,-2.590410,4.863175,-8.435253
-2051.000000,-6053.000000,-500.000000,-31.506948,80.147391,-12.469268
-2051.000000,6947.000000,-500.000000,-12.206886,-129.321404,94.762285
-10051.000000,-553.000000,-500.000000,132.461523,-15.031303,78.811582
5449.000000,9947.000000,-500.000000,-41.884922,-21.954311,-25.705219
-1551.000000,10947.000000,-500.000000,-17.980187,-61.508225,2.402518
16949.000000,-6553.000000,-500.000000,6.198132,-6.883863,-20.054582
-10551.000000,18447.000000,-500.000000,1.415905,-11.421031,-2.400876
-51.000000,-18053.000000,-500.000000,-7.647245,7.002484,-7.683901
8449.000000,15947.000000,-500.000000,-9.882183,0.691817,-10.982429
-6551.000000,-8553.000000,-500.000000,-8.010384,96.895676,17.733404
9949.000000,8947.000000,-500.000000,-20.781932,5.673923,-32.034457
-13551.000000,14947.000000,-500.000000,6.349005,-13.402996,-1.681972
9949.000000,-8553.000000,-500.000000,-23.708755,-6.099595,-40.358209
-4551.000000,15447.000000,-500.000000,-4.082611,-23.291902,-4.057837
949.000000,16947.000000,-500.000000,-10.919959,-12.177965,-7.622489
11949.000000,15447.000000,-500.000000,-5.792445,4.184288,-10.298605
4449.000000,1447.000000,-500.000000,-128.246208,-71.749678,255.301582
4449.000000,-12553.000000,-500.000000,-19.307103,13.641119,-18.064716
-6551.000000,-6553.000000,-500.000000,-2.245896,163.866492,110.961256
19449.000000,18447.000000,-500.000000,-0.458919,3.246232,-4.396578
13949.000000,11947.000000,-500.000000,-3.729414,7.183807,-14.329102
12449.000000,15947.000000,-500.000000,-4.980493,4.125990,-9.349186
19449.000000,14947.000000,-500.000000,0.233683,4.278620,-6.116121
7949.000000,10447.000000,-500.000000,-26.163325,-2.266593,-26.838223
-13551.000000,16947.000000,-500.000000,3.964888,-10.925548,-1.900885
2449.000000,-6553.000000,-500.000000,-10.516678,108.547364,28.898682
-1051.000000,-10053.000000,-500.000000,-16.038325,41.856808,-15.536043
16949.000000,-12053.000000,-500.000000,1.427484,-6.660265,-11.463082
-11551.000000,-12053.000000,-500.000000,8.855651,26.597148,-1.993890
-18551.000000,3947.000000,-500.000000,20.657191,-6.357414,0.056185
-15551.000000,9947.000000,-500.000000,15.172797,-14.636950,-0.394331
2949.000000,4447.000000,-500.000000,-103.404750,-120.845702,118.557459
-10551.000000,3447.000000,-500.000000,73.555106,-43.804032,30.946918
-19551.000000,-14053.000000,-500.000000,5.635117,7.670576,-1.704883
2449.000000,18947.000000,-500.000000,-8.515739,-6.352310,-6.628576
8449.000000,-19053.000000,-500.000000,-5.403899,-1.710628,-7.639233
-15051.000000,-11553.000000,-500.000000,11.306883,17.045911,-1.618279
-18551.000000,-17553.000000,-500.000000,2.955005,6.653292,-1.805028
949.000000,-19053.000000,-500.000000,-6.989458,4.887758,-7.077147
6449.000000,-16553.000000,-500.000000,-9.153981,0.638887,-10.998633
16449.000000,-8553.000000,-500.000000,3.782555,-7.931008,-17.966240
8449.000000,-15553.000000,-500.000000,-8.853308,-1.944345,-12.589580
-5551.000000,8447.000000,-500.000000,26.212339,-83.111792,32.591368
19449.000000,3947.000000,-500.000000,6.769967,4.480892,-14.694090
-4551.000000,8947.000000,-500.000000,13.368184,-86.299729,29.270511
-6551.000000,-553.000000,-500.000000,54.541545,-33.588542,318.204997
-11551.000000,-10553.000000,-500.000000,15.314994,33.576350,0.228480
-18551.000000,17947.000000,-500.000000,3.590739,-6.302073,-1.431059
-10051.000000,19447.000000,-500.000000,0.561133,-10.265486,-2.466622
4949.000000,10447.000000,-500.000000,-39.053000,-23.246921,-22.872122
19949.000000,1447.000000,-500.000000,7.979412,2.305159,-14.776103
-18551.000000,-10053.000000,-500.000000,11.509676,10.362633,-1.381005
3949.000000,-9553.000000,-500.000000,-32.044559,44.044852,-18.176295
10449.000000,3447.000000,-500.000000,-38.130776,8.847302,-71.890363
14949.000000,447.000000,-500.000000,7.904098,3.455710,-38.442260
-7551.000000,9447.000000,-500.000000,23.821053,-54.766883,12.253190
-19051.000000,-8553.000000,-500.000000,13.386636,9.473207,-1.141724
-14551.000000,1447.000000,-500.000000,46.819709,-9.294090,7.497211
14449.000000,7447.000000,-500.000000,-0.924841,10.113735,-24.147066
16449.000000,7447.000000,-500.000000,2.506780,8.271912,-18.098382
18949.000000,1947.000000,-500.000000,8.228207,3.233632,-17.282730
-1551.000000,-19053.000000,-500.000000,-6.291911,6.889843,-6.376032
1449.000000,7447.000000,-500.000000,-66.399593,-109.797222,39.336005
-6051.000000,2447.000000,-500.000000,60.551091,-91.800272,156.880070
5449.000000,-3553.000000,-500.000000,-175.538695,102.271233,185.378334
5949.000000,-9553.000000,-500.000000,-39.153046,27.157409,-26.769020
-12551.000000,3947.000000,-500.000000,51.583821,-26.511090,12.423197
14949.000000,8947.000000,-500.000000,-0.936143,8.980540,-18.837502
-12551.000000,-4053.000000,-500.000000,68.569096,26.580543,19.387558
10449.000000,1947.000000,-500.000000,-43.778244,7.464874,-84.253723
-4051.000000,-2053.000000,-500.000000,-138.013133,69.045697,134.153371
-6051.000000,4447.000000,-500.000000,73.008812,-86.281925,105.804562
14949.000000,-20053.000000,-500.000000,-1.486434,-3.470998,-5.297101
13949.000000,-1553.000000,-500.000000,5.544959,-1.341240,-47.657180
-16051.000000,5947.000000,-500.000000,24.572526,-13.313352,1.219593
-11551.000000,10447.000000,-500.000000,18.074394,-26.752654,1.542638
-18551.000000,-11553.000000,-500.000000,9.093789,9.938658,-1.613298
9949.000000,-14553.000000,-500.000000,-8.101271,-4.105821,-14.129275
-5551.000000,-53.000000,-500.000000,-35.804740,-37.293617,285.679139
-13051.000000,-4553.000000,-500.000000,58.255832,25.988437,13.820923
2949.000000,8947.000000,-500.000000,-57.696771,-62.741559,-8.249552
-10051.000000,1447.000000,-500.000000,107.323745,-43.512629,59.081604
-18051.000000,-9553.000000,-500.000000,13.056079,11.351517,-1.233724
-15051.000000,12947.000000,-500.000000,9.381126,-13.312601,-1.261246
-19051.000000,7447.000000,-500.000000,14.472195,-8.055897,-0.716710
-5051.000000,14447.000000,-500.000000,-2.525114,-28.092362,-3.135506
949.000000,19947.000000,-500.000000,-7.015793,-6.803942,-5.500030
9449.000000,-19053.000000,-500.000000,-4.814667,-2.343254,-7.486381
10949.000000,-10053.000000,-500.000000,-12.168518,-8.382360,-28.623702
-14051.000000,-5053.000000,-500.000000,44.849234,21.779595,7.398081
-6551.000000,8447.000000,-500.000000,30.941072,-72.130523,25.863418
-5051.000000,7447.000000,-500.000000,34.335209,-99.361039,57.561186
8949.000000,5947.000000,-500.000000,-50.684745,-2.036972,-54.553976
8449.000000,13447.000000,-500.000000,-14.315679,0.771366,-16.184137
16949.000000,-13553.000000,-500.000000,0.675103,-6.024272,-9.670925
7449.000000,16947.000000,-500.000000,-9.558333,-0.657276,-9.604295
10449.000000,-14553.000000,-500.000000,-7.292837,-4.659815,-13.852412
12949.000000,5447.000000,-500.000000,-5.162574,11.859536,-38.639685
-11551.000000,9947.000000,-500.000000,20.212157,-27.928941,2.263862
18449.000000,-3053.000000,-500.000000,8.896362,-2.522114,-18.877029
6949.000000,-14553.000000,-500.000000,-12.297985,1.134267,-14.799901
7449.000000,-16553.000000,-500.000000,-8.457964,-0.722470,-10.976938
949.000000,-18553.000000,-500.000000,-7.439210,5.426642,-7.523303
-13051.000000,-13553.000000,-500.000000,6.272887,17.868810,-2.583813
16449.000000,-1053.000000,-500.000000,9.812781,-0.080133,-28.650831
-14551.000000,-11553.000000,-500.000000,11.507101,18.426378,-1.594347
11449.000000,10447.000000,-500.000000,-10.538619,7.547902,-22.360982
8949.000000,-12053.000000,-500.000000,-15.221450,-2.519828,-21.977901
-5051.000000,-8553.000000,-500.000000,-28.992655,86.464062,4.211005
15949.000000,-12053.000000,-500.000000,0.588065,-7.221343,-12.805311
-18051.000000,9947.000000,-500.000000,12.122952,-9.824108,-0.947625
11449.000000,-10053.000000,-500.000000,-9.778126,-9.121991,-27.464897
5949.000000,-3553.000000,-500.000000,-206.007337,88.352390,137.937459
949.000000,-2553.000000,-500.000000,23.419317,97.813477,97.703984
-10051.000000,9947.000000,-500.000000,21.375726,-35.366974,4.273976
-3551.000000,1947.000000,-500.000000,-2.724960,-9.363581,175.220455
-15551.000000,2447.000000,-500.000000,36.650114,-9.541255,3.997210
-12551.000000,-2553.000000,-500.000000,76.631428,14.510328,22.574109
18449.000000,-10053.000000,-500.000000,3.570988,-6.124392,-11.755574
10949.000000,2447.000000,-500.000000,-29.745751,9.420587,-75.147797
-5051.000000,6447.000000,-500.000000,47.681249,-103.901184,84.715415
17449.000000,5947.000000,-500.000000,4.807746,7.169036,-17.793752
-4551.000000,10947.000000,-500.000000,2.000530,-58.601786,6.929777
18949.000000,-1053.000000,-500.000000,9.087030,-0.068246,-17.930179
-19551.000000,-10053.000000,-500.000000,10.421969,8.801498,-1.410637
-19051.000000,9947.000000,-500.000000,11.042208,-8.405793,-1.050260
1449.000000,-2553.000000,-500.000000,33.326128,92.169409,114.081521
9949.000000,-5053.000000,-500.000000,-46.481695,-4.016785,-74.180172
-13551.000000,-9053.000000,-500.000000,22.703194,27.115891,1.290281
-2051.000000,1947.000000,-500.000000,-1.898086,9.364739,181.723810
-9551.000000,-6553.000000,-500.000000,68.309878,85.672803,44.990064
9449.000000,-13053.000000,-500.000000,-11.417019,-3.777274,-18.315363
-9051.000000,14947.000000,-500.000000,3.905860,-20.604620,-2.094525
4449.000000,18947.000000,-500.000000,-8.461067,-3.811344,-7.085472
11949.000000,19947.000000,-500.000000,-3.880237,2.244911,-5.734291
-2551.000000,-8053.000000,-500.000000,-27.816916,64.056244,-15.100132
2949.000000,-16053.000000,-500.000000,-10.762644,6.606050,-11.035757
-9551.000000,16947.000000,-500.000000,1.896215,-14.881654,-2.533241
6949.000000,-6553.000000,-500.000000,-96.759450,52.729580,-29.874966
3449.000000,12447.000000,-500.000000,-26.829254,-21.525646,-15.480774
17949.000000,-13553.000000,-500.000000,1.244222,-5.581918,-8.747586
-10051.000000,-6053.000000,-500.000000,76.814260,73.893924,43.243096
-11051.000000,-3553.000000,-500.000000,100.624574,34.484446,44.737968
-12051.000000,-9053.000000,-500.000000,25.254476,37.068435,3.479437
-551.000000,3447.000000,-500.000000,-32.062220,-52.386082,198.812026
-7551.000000,8947.000000,-500.000000,28.067526,-58.320101,15.697037
17949.000000,-53.000000,-500.000000,9.477871,1.310782,-21.482715
5949.000000,-20053.000000,-500.000000,-5.758975,0.078036,-6.819710
-12051.000000,-6553.000000,-500.000000,49.946172,41.978046,13.572224
5449.000000,-553.000000,-500.000000,-217.532036,2.479678,231.843403
8449.000000,18947.000000,-500.000000,-6.625071,0.471606,-7.181380
-9051.000000,8947.000000,-500.000000,28.366067,-45.918854,9.981955
6949.000000,13947.000000,-500.000000,-16.130366,-2.814593,-15.163637
-17051.000000,-6553.000000,-500.000000,22.361923,12.737748,0.226944
10449.000000,12947.000000,-500.000000,-10.485515,4.461300,-16.192102
-1051.000000,14947.000000,-500.000000,-11.933900,-23.236690,-6.984522
-4051.000000,2947.000000,-500.000000,29.071292,-46.979054,180.436480
1449.000000,5447.000000,-500.000000,-79.369734,-121.978460,117.235878
19949.000000,-3053.000000,-500.000000,8.109241,-1.940531,-14.588217
8949.000000,4447.000000,-500.000000,-70.061072,-4.348554,-67.171735
13449.000000,447.000000,-500.000000,2.426934,4.453977,-52.592994
-1051.000000,11947.000000,-500.000000,-18.444948,-47.093828,-3.751561
13449.000000,14947.000000,-500.000000,-4.147549,5.018859,-10.018805
-2051.000000,-11553.000000,-500.000000,-14.501103,32.055117,-13.633077
-13051.000000,-9053.000000,-500.000000,23.671634,30.074885,1.904838
1949.000000,-11553.000000,-500.000000,-18.482816,27.298144,-16.582934
-4051.000000,7447.000000,-500.000000,21.880165,-111.390296,68.255458
949.000000,1947.000000,-500.000000,-32.222984,-16.466970,185.782133
-18051.000000,-9053.000000,-500.000000,14.056690,11.378119,-1.106906
-9051.000000,19947.000000,-500.000000,-0.241691,-9.974800,-2.631114
449.000000,-19553.000000,-500.000000,-6.484727,4.809672,-6.546572
4449.000000,-15053.000000,-500.000000,-12.565085,5.822434,-13.173455
8949.000000,5447.000000,-500.000000,-56.492058,-2.885276,-58.655112
12949.000000,-20053.000000,-500.000000,-2.442963,-3.274176,-5.839609
-2551.000000,-14053.000000,-500.000000,-10.449536,19.836806,-10.403995
13949.000000,14447.000000,-500.000000,-3.642137,5.411579,-10.310707
11449.000000,-11053.000000,-500.000000,-8.661532,-8.212204,-23.144369
17949.000000,-19053.000000,-500.000000,-0.243328,-3.641271,-4.912303
11449.000000,10947.000000,-500.000000,-10.030038,7.110335,-20.686445
15449.000000,16947.000000,-500.000000,-2.204510,4.114217,-6.816471
-11551.000000,14447.000000,-500.000000,6.658454,-17.485190,-1.644647
8449.000000,-20053.000000,-500.000000,-4.774262,-1.591574,-6.695612
-18051.000000,-7553.000000,-500.000000,17.187431,11.032713,-0.673714
6949.000000,-14053.000000,-500.000000,-13.468663,1.636031,-15.970477
14449.000000,15447.000000,-500.000000,-3.041081,4.848266,-8.751732
12449.000000,9947.000000,-500.000000,-7.487774,8.715055,-21.986848
15949.000000,7947.000000,-500.000000,1.437891,8.632363,-18.460453
-1551.000000,-10053.000000,-500.000000,-16.590990,42.284126,-15.402270
-2051.000000,-4053.000000,-500.000000,-35.724313,93.834236,5.369194
3949.000000,-6053.000000,-500.000000,-45.605492,134.042521,62.062090
-51.000000,-11553.000000,-500.000000,-15.403498,29.691034,-15.126276
11949.000000,-15053.000000,-500.000000,-4.709497,-5.441223,-11.906785
-10051.000000,-8553.000000,-500.000000,30.483544,60.572038,11.887161
-11051.000000,14447.000000,-500.000000,6.419568,-18.403243,-1.665653
-10551.000000,-10553.000000,-500.000000,13.835315,39.236343,0.690244
9449.000000,16447.000000,-500.000000,-8.085205,1.805141,-9.955856
-14551.000000,4447.000000,-500.000000,35.891605,-16.800763,4.587231
-7051.000000,-15053.000000,-500.000000,-3.773088,19.492075,-5.887809
6949.000000,2947.000000,-500.000000,-186.659402,-61.129470,-2.008415
6949.000000,12447.000000,-500.000000,-21.058401,-4.280720,-19.280320
-12051.000000,18947.000000,-500.000000,1.843476,-9.788833,-2.138867
14449.000000,11447.000000,-500.000000,-2.842390,7.495352,-14.567252
15449.000000,-20053.000000,-500.000000,-1.271046,-3.478905,-5.155054
10449.000000,-553.000000,-500.000000,-47.722885,2.653530,-94.480897
10949.000000,-3053.000000,-500.000000,-29.041393,-4.590609,-81.129616
12449.000000,-5053.000000,-500.000000,-5.288244,-10.201603,-51.623520
-4551.000000,9947.000000,-500.000000,6.527210,-71.731958,15.523026
17449.000000,-9053.000000,-500.000000,3.980008,-6.984959,-14.801972
5449.000000,13447.000000,-500.000000,-20.265144,-8.432344,-15.885472
2449.000000,-11553.000000,-500.000000,-19.529746,26.284284,-17.099424
-1051.000000,-11053.000000,-500.000000,-15.279339,34.082090,-14.946186
5449.000000,-2553.000000,-500.000000,-196.595550,67.714893,217.237359
949.000000,15447.000000,-500.000000,-13.937115,-16.831289,-8.814277
11949.000000,-14053.000000,-500.000000,-5.197003,-6.121617,-13.814620
16449.000000,8947.000000,-500.000000,1.212815,7.899201,-15.512196
-51.000000,4447.000000,-500.000000,-47.819993,-93.622787,178.846575
18449.000000,17447.000000,-500.000000,-0.676171,3.680624,-5.207804
7949.000000,-3053.000000,-500.000000,-175.941079,23.318274,-55.216971
-9551.000000,13447.000000,-500.000000,7.495319,-24.442966,-1.057931
-5051.000000,-7053.000000,-500.000000,-56.604588,131.385482,43.640745
-15551.000000,-3053.000000,-500.000000,39.602593,9.300329,4.512957
-16051.000000,-6053.000000,-500.000000,27.785550,15.176165,1.503207
9449.000000,-17053.000000,-500.000000,-6.199541,-2.824071,-9.868162
-15551.000000,-5553.000000,-500.000000,32.086215,16.155155,2.669583
-2551.000000,6447.000000,-500.000000,0.510411,-128.241949,117.079964
3949.000000,10447.000000,-500.000000,-41.056503,-32.331508,-19.236802
-13551.000000,-15053.000000,-500.000000,4.100993,13.907213,-2.731710
-2051.000000,17447.000000,-500.000000,-7.288017,-14.720072,-5.553133
15949.000000,10447.000000,-500.000000,-0.344200,7.552945,-13.972174
7949.000000,-7053.000000,-500.000000,-68.156186,20.279011,-48.369912
-10551.000000,-14553.000000,-500.000000,2.039101,19.204062,-3.702031
-51.000000,947.000000,-500.000000,-20.581952,16.742651,188.654284
-16051.000000,11947.000000,-500.000000,10.609961,-12.379668,-1.107058
17449.000000,-11053.000000,-500.000000,2.392312,-6.676549,-12.064187
-19551.000000,-1053.000000,-500.000000,20.580448,1.321259,-0.141696
16449.000000,9447.000000,-500.000000,0.845800,7.711212,-14.703461
-18551.000000,-8053.000000,-500.000000,15.142933,10.229466,-0.948266
-8551.000000,-4553.000000,-500.000000,128.191471,95.156413,141.348965
-11551.000000,-6053.000000,-500.000000,60.786240,47.445161,20.568419
18949.000000,15947.000000,-500.000000,-0.209529,4.085459,-5.801812
-5051.000000,1447.000000,-500.000000,-4.063581,-62.943257,201.510477
-14051.000000,-15053.000000,-500.000000,4.344221,13.248159,-2.609764
-1551.000000,-6053.000000,-500.000000,-19.491928,79.116380,-10.389116
-7551.000000,-9053.000000,-500.000000,5.621478,80.274594,12.071259
12949.000000,-12053.000000,-500.000000,-3.979245,-8.083441,-17.355290
-7051.000000,-18053.000000,-500.000000,-3.350747,11.281648,-4.833362
19949.000000,-13553.000000,-500.000000,1.952753,-4.677163,-7.129544
-551.000000,-16553.000000,-500.000000,-8.952197,10.122411,-8.971364
-17051.000000,3447.000000,-500.000000,26.754299,-8.139944,1.299106
8949.000000,19947.000000,-500.000000,-5.585319,0.747816,-6.243477
2949.000000,3447.000000,-500.000000,-87.053911,-109.691808,164.993552
11449.000000,-4553.000000,-500.000000,-16.809175,-8.994542,-65.106984
-20051.000000,12447.000000,-500.000000,7.499196,-7.002966,-1.260748
-10051.000000,-19053.000000,-500.000000,-1.090156,9.499026,-3.467302
-18051.000000,-5053.000000,-500.000000,22.196479,8.786631,0.112259
-7051.000000,-17553.000000,-500.000000,-3.433827,12.300863,-5.026215
1449.000000,7947.000000,-500.000000,-61.130057,-100.341302,25.453500
9949.000000,-1553.000000,-500.000000,-66.476272,1.376884,-98.677866
18949.000000,10947.000000,-500.000000,1.643757,5.658603,-9.371291
-16551.000000,-10553.000000,-500.000000,12.708885,14.267985,-1.348688
10449.000000,1447.000000,-500.000000,-45.212749,6.698550,-87.570846
10449.000000,-4053.000000,-500.000000,-38.613164,-5.323259,-79.832148
-17551.000000,13447.000000,-500.000000,7.654703,-9.338505,-1.370389
-6551.000000,-18053.000000,-500.000000,-3.768736,11.177108,-5.046096
-16551.000000,8947.000000,-500.000000,15.979654,-12.706219,-0.372560
1449.000000,15947.000000,-500.000000,-13.228441,-13.988591,-8.814771
-551.000000,-7553.000000,-500.000000,-11.307707,67.060105,-10.707583
8949.000000,17447.000000,-500.000000,-7.596954,1.093339,-8.744766
12449.000000,-19553.000000,-500.000000,-2.810824,-3.359922,-6.342486
-1051.000000,6947.000000,-500.000000,-31.507032,-130.051864,89.289016
5449.000000,-7053.000000,-500.000000,-76.816964,84.705102,-1.777665
9949.000000,-10053.000000,-500.000000,-17.567806,-5.806979,-30.477176
2949.000000,17447.000000,-500.000000,-10.801336,-7.662018,-8.165151
-5551.000000,15447.000000,-500.000000,-2.100032,-22.914089,-3.487298
12449.000000,-18053.000000,-500.000000,-3.172825,-3.982328,-7.671304
-6551.000000,9447.000000,-500.000000,21.316543,-63.016088,15.650292
8949.000000,13447.000000,-500.000000,-13.181520,1.819256,-15.964445
-16051.000000,10947.000000,-500.000000,12.462969,-13.002976,-0.856980
-7051.000000,14447.000000,-500.000000,1.820089,-25.704840,-2.232163
13449.000000,-16553.000000,-500.000000,-2.668024,-4.943680,-8.839696
3949.000000,-11553.000000,-500.000000,-22.554184,21.621467,-19.109847
-8551.000000,11447.000000,-500.000000,13.134140,-36.276507,2.314949
-51.000000,3947.000000,-500.000000,-44.358903,-75.602413,189.244759
-17051.000000,-4053.000000,-500.000000,28.256548,8.983101,1.350323
-2051.000000,17947.000000,-500.000000,-6.868610,-13.360320,-5.370789
11449.000000,-15053.000000,-500.000000,-5.391687,-5.175558,-12.238511
-3051.000000,-53.000000,-500.000000,-43.365785,50.666739,116.500399
-5551.000000,-15553.000000,-500.000000,-5.733039,17.188655,-6.803231
-7051.000000,-17053.000000,-500.000000,-3.513218,13.434678,-5.218008
5949.000000,10447.000000,-500.000000,-35.546743,-14.984670,-25.343325
-9551.000000,-53.000000,-500.000000,139.492394,-29.939735,96.320815
15949.000000,4947.000000,-500.000000,4.651148,8.468228,-24.646116
-13551.000000,-19053.000000,-500.000000,0.847923,8.300065,-2.572317
-3051.000000,-12553.000000,-500.000000,-12.199132,27.753948,-11.443845
-5051.000000,-15553.000000,-500.000000,-6.339014,16.882925,-7.163861
7449.000000,947.000000,-500.000000,-222.068408,-19.808295,-19.177589
17449.000000,2447.000000,-500.000000,8.211599,4.777449,-22.125435
-17551.000000,-14053.000000,-500.000000,6.062386,9.839027,-1.935662
9949.000000,947.000000,-500.000000,-65.070998,4.470637,-95.102527
6949.000000,-11053.000000,-500.000000,-25.448465,8.353363,-25.236704
-51.000000,-19553.000000,-500.000000,-6.378261,5.197477,-6.425670
-12051.000000,-4053.000000,-500.000000,76.505375,30.505334,25.033309
-8051.000000,-9553.000000,-500.000000,7.873917,67.174534,6.790831
-11551.000000,1447.000000,-500.000000,82.774647,-25.425391,30.032925
-4551.000000,9447.000000,-500.000000,9.619538,-78.923236,21.629612
6449.000000,4447.000000,-500.000000,-138.501434,-71.988774,-15.457321
-15051.000000,-19553.000000,-500.000000,1.177147,7.161126,-2.230802
-10551.000000,19447.000000,-500.000000,0.839887,-10.022742,-2.373436
-4551.000000,-14053.000000,-500.000000,-8.257574,22.241001,-8.544099
-7051.000000,8947.000000,-500.000000,27.211009,-62.910325,17.956776
-12551.000000,-5553.000000,-500.000000,55.757054,34.477978,14.331582
17949.000000,-15053.000000,-500.000000,0.653642,-5.035559,-7.459647
11949.000000,947.000000,-500.000000,-12.359634,6.728854,-70.172532
-16551.000000,19947.000000,-500.000000,2.395223,-6.395135,-1.561606
-14051.000000,-9053.000000,-500.000000,21.681684,24.474409,0.774517
-12051.000000,-3053.000000,-500.000000,83.559790,21.408514,28.082128
16949.000000,947.000000,-500.000000,9.258504,3.163624,-25.533281
6949.000000,-10553.000000,-500.000000,-28.816571,10.525400,-27.119956
-19051.000000,-12553.000000,-500.000000,7.445266,8.854213,-1.681763
9949.000000,-7553.000000,-500.000000,-29.061053,-6.024722,-48.704492
-19551.000000,5447.000000,-500.000000,16.189943,-6.369691,-0.557185
-3551.000000,-9053.000000,-500.000000,-25.955660,60.407619,-11.446536
9449.000000,3947.000000,-500.000000,-61.469439,1.745848,-72.213823
14949.000000,14447.000000,-500.000000,-2.566353,5.432399,-9.529601
-7051.000000,16947.000000,-500.000000,-0.678583,-16.833807,-3.224387
-51.000000,-10053.000000,-500.000000,-15.929866,41.877696,-15.462985
12949.000000,10447.000000,-500.000000,-5.898214,8.392651,-19.439866
16949.000000,447.000000,-500.000000,9.513450,2.388174,-25.791619
-3051.000000,14947.000000,-500.000000,-7.492421,-25.518433,-4.991663
16449.000000,5947.000000,-500.000000,4.059861,8.226507,-20.832999
10449.000000,19447.000000,-500.000000,-4.997559,1.738879,-6.423669
18949.000000,-15053.000000,-500.000000,1.055708,-4.688420,-6.807011
-15051.000000,14447.000000,-500.000000,7.047672,-11.852563,-1.539042
7449.000000,-53.000000,-500.000000,-233.190876,-5.655307,-16.667761
-1551.000000,5947.000000,-500.000000,-20.859203,-127.440050,138.141667
7949.000000,8947.000000,-500.000000,-35.198533,-4.661006,-34.373061
7949.000000,-15053.000000,-500.000000,-10.210329,-1.098918,-13.678673
10449.000000,11447.000000,-500.000000,-12.652419,5.416931,-20.540318
16449.000000,-17553.000000,-500.000000,-0.662238,-4.381653,-6.400761
-17551.000000,-18553.000000,-500.000000,2.262903,6.640060,-1.900364
-15051.000000,2947.000000,-500.000000,38.375158,-12.181011,4.792991
-2051.000000,-15053.000000,-500.000000,-9.666597,15.675666,-9.722598
-12051.000000,-19553.000000,-500.000000,-0.053761,8.334048,-2.845363
-19551.000000,17947.000000,-500.000000,3.543350,-5.728499,-1.352872
-3051.000000,15447.000000,-500.000000,-7.209453,-22.989066,-5.134372
-18051.000000,11947.000000,-500.000000,9.266439,-9.345463,-1.223999
14949.000000,-12053.000000,-500.000000,-0.554503,-7.703417,-14.257106
-12551.000000,-18053.000000,-500.000000,0.849307,9.996999,-2.919583
16949.000000,15447.000000,-500.000000,-1.112385,4.675400,-7.207421
7949.000000,5447.000000,-500.000000,-78.578886,-18.869679,-54.575181
-10051.000000,947.000000,-500.000000,114.973757,-38.636840,64.929468
-6051.000000,6447.000000,-500.000000,54.598595,-90.598637,64.912139
7449.000000,13447.000000,-500.000000,-16.538080,-1.749059,-16.416973
-17051.000000,-8053.000000,-500.000000,18.338039,13.596544,-0.472173
-20051.000000,-1553.000000,-500.000000,18.915082,1.909910,-0.381095
18449.000000,4947.000000,-500.000000,6.054966,5.835828,-16.311975
17949.000000,-2553.000000,-500.000000,9.304635,-2.119488,-20.963756
14949.000000,17947.000000,-500.000000,-2.483819,3.650875,-6.272205
-15051.000000,-18053.000000,-500.000000,1.969404,8.504810,-2.351056
-1551.000000,-12553.000000,-500.000000,-13.220330,25.418988,-12.975463
10949.000000,-20053.000000,-500.000000,-3.496107,-2.755047,-6.302995
2949.000000,-2553.000000,-500.000000,28.642584,87.022568,205.332459
-12551.000000,13447.000000,-500.000000,8.866442,-17.457227,-1.264192
-2051.000000,-553.000000,-500.000000,0.495202,73.838527,109.785726
-11051.000000,-15553.000000,-500.000000,1.521327,15.769262,-3.570402
-3551.000000,12947.000000,-500.000000,-6.343674,-39.415916,-2.174553
-3051.000000,1447.000000,-500.000000,-11.712980,16.036542,161.778614
-19551.000000,-13053.000000,-500.000000,6.650866,8.079183,-1.669378
-6551.000000,8947.000000,-500.000000,25.825100,-67.664918,20.340042
-20051.000000,2947.000000,-500.000000,17.588565,-3.688517,-0.450269
-14551.000000,-5053.000000,-500.000000,40.767683,19.218742,5.625393
8449.000000,-18553.000000,-500.000000,-5.763291,-1.766819,-8.174013
-9051.000000,-19553.000000,-500.000000,-1.798685,8.912943,-3.646120
-13551.000000,-18553.000000,-500.000000,1.091107,8.843590,-2.624819
7949.000000,-13053.000000,-500.000000,-14.678978,-0.087349,-18.766891
10449.000000,8947.000000,-500.000000,-17.666978,7.100576,-30.894176
7449.000000,15947.000000,-500.000000,-11.083174,-0.843133,-11.128522
13949.000000,-5053.000000,-500.000000,3.200994,-9.002724,-39.013454
12449.000000,-10553.000000,-500.000000,-5.587057,-9.337553,-22.990808
-7551.000000,14447.000000,-500.000000,2.695555,-24.892625,-2.093470
14949.000000,-19053.000000,-500.000000,-1.509646,-3.849981,-5.938517
-9551.000000,-6053.000000,-500.000000,81.136392,85.989964,55.245237
-12051.000000,4947.000000,-500.000000,48.102152,-31.023628,12.176684
-18551.000000,-16053.000000,-500.000000,4.008411,7.515327,-1.841107
-4551.000000,17447.000000,-500.000000,-4.057532,-15.968020,-4.255694
-18051.000000,-15053.000000,-500.000000,4.912229,8.582997,-1.906644
18949.000000,16947.000000,-500.000000,-0.404931,3.763611,-5.264860
-9051.000000,-14053.000000,-500.000000,0.190212,22.849379,-4.437312
6449.000000,447.000000,-500.000000,-262.080986,-23.977315,101.214784
-10551.000000,-11053.000000,-500.000000,11.202556,35.859037,-0.543608
17449.000000,2947.000000,-500.000000,7.782524,5.302799,-21.626713
-51.000000,1947.000000,-500.000000,-26.380652,-8.347188,190.018227
-8551.000000,9447.000000,-500.000000,24.741508,-47.115360,9.212316
-3551.000000,18947.000000,-500.000000,-4.748483,-11.920115,-4.386458
8449.000000,11947.000000,-500.000000,-18.242373,0.607360,-20.689859
7949.000000,-11553.000000,-500.000000,-20.126827,1.668359,-24.041908
17949.000000,-11553.000000,-500.000000,2.327940,-6.212229,-10.786828
-2051.000000,-5553.000000,-500.000000,-33.595134,84.111699,-9.941076
-11551.000000,447.000000,-500.000000,90.956600,-17.332178,34.243543
-551.000000,3947.000000,-500.000000,-35.556471,-72.055348,194.339674
4449.000000,-14053.000000,-500.000000,-14.822293,8.125510,-15.045927
16449.000000,-9553.000000,-500.000000,2.843356,-7.824461,-16.134677
-11551.000000,4947.000000,-500.000000,51.317577,-34.804188,14.826225
13949.000000,4947.000000,-500.000000,-0.023540,10.905071,-34.694452
-4051.000000,-10053.000000,-500.000000,-19.203104,51.339378,-10.389698
949.000000,-15053.000000,-500.000000,-11.566917,11.927701,-11.519612
-1051.000000,-8553.000000,-500.000000,-15.889989,55.605153,-15.010405
5449.000000,4447.000000,-500.000000,-143.319967,-103.705976,25.671180
8949.000000,-16553.000000,-500.000000,-7.129107,-2.467427,-10.739992
-20051.000000,19947.000000,-500.000000,2.578164,-4.808879,-1.266782
18949.000000,-7553.000000,-500.000000,5.629995,-5.452302,-13.552680
-17551.000000,9947.000000,-500.000000,12.695521,-10.629829,-0.875601
-3051.000000,-2053.000000,-500.000000,-79.670773,83.347709,60.629878
17449.000000,-6053.000000,-500.000000,6.855220,-6.080294,-19.186667
-11051.000000,18947.000000,-500.000000,1.377121,-10.403925,-2.302779
-10051.000000,-5053.000000,-500.000000,98.664450,67.623231,58.272099
1949.000000,-5553.000000,-500.000000,10.682377,115.680041,51.932647
-12051.000000,-3553.000000,-500.000000,80.409522,26.187640,26.725201
-9551.000000,-18553.000000,-500.000000,-1.347542,10.354007,-3.736522
10949.000000,3947.000000,-500.000000,-26.469748,10.690691,-63.374724
-4051.000000,18447.000000,-500.000000,-4.425523,-13.222967,-4.314077
5949.000000,-553.000000,-500.000000,-252.526866,1.077508,174.254379
8949.000000,-7553.000000,-500.000000,-43.447718,2.371046,-49.714731
-551.000000,7447.000000,-500.000000,-38.856960,-123.358822,64.670003
-6551.000000,12447.000000,-500.000000,5.122291,-37.908248,0.644622
13949.000000,5447.000000,-500.000000,-0.569868,11.003163,-32.873142
12949.000000,-17553.000000,-500.000000,-2.911738,-4.334787,-7.981629
-17051.000000,-11553.000000,-500.000000,10.129241,12.490947,-1.649240
18449.000000,12947.000000,-500.000000,0.461014,5.274935,-8.161559
14449.000000,-1053.000000,-500.000000,7.257801,-0.004507,-43.159446
-18551.000000,18947.000000,-500.000000,3.033615,-5.869262,-1.411674
5949.000000,5947.000000,-500.000000,-101.180602,-59.350708,-27.029948
-1051.000000,10447.000000,-500.000000,-22.717815,-68.179374,4.575607
-9051.000000,-3053.000000,-500.000000,151.835295,46.769377,133.263309
-17051.000000,-15053.000000,-500.000000,4.943252,9.614054,-2.049427
16949.000000,7447.000000,-500.000000,2.987647,7.797935,-16.836813
16949.000000,-20053.000000,-500.000000,-0.691078,-3.425472,-4.724686
10949.000000,-16053.000000,-500.000000,-5.398411,-4.315616,-10.821785
-14551.000000,16947.000000,-500.000000,4.167429,-9.976814,-1.791387
-1551.000000,447.000000,-500.000000,10.853510,46.680399,158.385271
19449.000000,-3053.000000,-500.000000,8.393495,-2.116803,-15.867041
-16051.000000,-2553.000000,-500.000000,36.763125,6.788543,3.546300
-12051.000000,9447.000000,-500.000000,21.818252,-26.746160,2.431437
6449.000000,16947.000000,-500.000000,-10.397458,-2.144390,-9.611619
17949.000000,15947.000000,-500.000000,-0.652728,4.290562,-6.299759
-13551.000000,-18053.000000,-500.000000,1.369148,9.426686,-2.671936
-7551.000000,-19053.000000,-500.000000,-2.825014,9.606349,-4.278385
-7051.000000,-4053.000000,-500.000000,73.560560,110.424164,273.203830
4949.000000,-18053.000000,-500.000000,-7.889752,1.692834,-8.832827
-15551.000000,-12553.000000,-500.000000,8.809873,14.500669,-1.944625
14949.000000,-17553.000000,-500.000000,-1.507506,-4.499705,-7.088387
4449.000000,-18053.000000,-500.000000,-8.007743,2.252818,-8.774991
-1551.000000,-18053.000000,-500.000000,-7.064958,8.320737,-7.148975
5449.000000,11447.000000,-500.000000,-30.189775,-14.300516,-21.270730
-2551.000000,-4053.000000,-500.000000,-60.727666,93.517304,7.736955
-15051.000000,-11053.000000,-500.000000,12.700663,17.761825,-1.380752
-1051.000000,3947.000000,-500.000000,-26.021842,-69.236331,198.300537
15449.000000,-2053.000000,-500.000000,9.015121,-2.216061,-34.467323
-16551.000000,-1553.000000,-500.000000,34.317094,3.254454,2.798960
-10551.000000,-6553.000000,-500.000000,62.211900,64.000091,28.135380
-13551.000000,-20053.000000,-500.000000,0.449566,7.321269,-2.456115
13449.000000,13447.000000,-500.000000,-4.424463,6.028569,-12.236452
12949.000000,947.000000,-500.000000,-1.386828,6.168372,-57.376581
5449.000000,10947.000000,-500.000000,-33.580715,-16.453272,-22.763386
9449.000000,5447.000000,-500.000000,-46.380664,2.426222,-58.210872
-11051.000000,18447.000000,-500.000000,1.696577,-11.085618,-2.309864
-14051.000000,4947.000000,-500.000000,36.430738,-19.528378,5.176849
-51.000000,19947.000000,-500.000000,-6.608771,-7.731103,-5.208856
4949.000000,10947.000000,-500.000000,-34.956288,-20.181148,-21.674698
449.000000,17947.000000,-500.000000,-9.064805,-10.625818,-6.618563
5949.000000,-14053.000000,-500.000000,-14.362828,4.218204,-15.729204
7949.000000,5947.000000,-500.000000,-69.369762,-16.035021,-52.108679
-2051.000000,-18553.000000,-500.000000,-6.447833,7.943497,-6.575435
-17051.000000,2947.000000,-500.000000,27.680059,-7.334610,1.456321
7949.000000,-14053.000000,-500.000000,-12.152735,-0.725828,-15.985715
-8051.000000,-53.000000,-500.000000,152.036148,-51.327890,196.951832
15949.000000,-8053.000000,-500.000000,3.809824,-8.431216,-20.407329
15449.000000,15447.000000,-500.000000,-2.173105,4.849475,-8.121165
11949.000000,-5553.000000,-500.000000,-9.878722,-10.836081,-53.049564
-10051.000000,-14553.000000,-500.000000,1.334224,19.804455,-3.947302
-10051.000000,15447.000000,-500.000000,4.078105,-17.700239,-2.128464
-17051.000000,13947.000000,-500.000000,7.239935,-9.661862,-1.424945
-7051.000000,1447.000000,-500.000000,94.506116,-101.908390,186.622107
16449.000000,-13553.000000,-500.000000,0.323247,-6.231422,-10.159375
-11551.000000,-16053.000000,-500.000000,1.534845,14.139900,-3.379348
2449.000000,3447.000000,-500.000000,-75.875706,-97.817973,170.413682
-3551.000000,-3553.000000,-500.000000,-123.795242,93.552623,58.801786
18449.000000,-11053.000000,-500.000000,2.867094,-5.996374,-10.683818
-17551.000000,18947.000000,-500.000000,3.004785,-6.405156,-1.497496
3449.000000,14947.000000,-500.000000,-16.541773,-11.654398,-11.567435
15449.000000,4947.000000,-500.000000,3.913533,9.078031,-26.836789
-6551.000000,-9553.000000,-500.000000,-7.391393,71.551526,3.581549
5949.000000,-18553.000000,-500.000000,-7.037570,0.425125,-8.314960
-2551.000000,-11053.000000,-500.000000,-15.480060,36.484524,-13.555230
8449.000000,6447.000000,-500.000000,-53.365589,-6.666565,-50.495643
12949.000000,2447.000000,-500.000000,-2.678236,9.540392,-52.522446
5449.000000,1947.000000,-500.000000,-203.357313,-88.377186,175.239175
16449.000000,13447.000000,-500.000000,-1.035023,5.743153,-9.404774
-6051.000000,17947.000000,-500.000000,-2.231748,-14.575400,-3.603566
2949.000000,-13553.000000,-500.000000,-15.466838,13.463134,-14.978773
-15051.000000,7947.000000,-500.000000,21.497881,-16.756321,0.913784
-51.000000,9447.000000,-500.000000,-35.006981,-82.105815,10.783058
-20051.000000,3947.000000,-500.000000,16.715757,-4.646018,-0.532880
-51.000000,18447.000000,-500.000000,-8.115958,-10.226114,-6.069430
-3551.000000,9947.000000,-500.000000,-1.587149,-76.329567,15.836682
-7551.000000,11447.000000,-500.000000,11.441668,-40.801371,3.067752
-4551.000000,-10053.000000,-500.000000,-18.348251,54.190700,-8.400617
-15551.000000,-13553.000000,-500.000000,6.956510,13.207316,-2.148181
-16551.000000,-2053.000000,-500.000000,33.978856,4.713868,2.712408
16449.000000,16947.000000,-500.000000,-1.584732,4.082980,-6.354437
18949.000000,447.000000,-500.000000,8.872865,1.660588,-17.843009
-12551.000000,-14553.000000,-500.000000,4.159522,16.358707,-2.949097
10449.000000,447.000000,-500.000000,-47.168443,4.820522,-92.400196
17449.000000,10447.000000,-500.000000,1.078009,6.677748,-11.715569
-11551.000000,-7553.000000,-500.000000,41.221193,47.058553,11.379779
8949.000000,-16053.000000,-500.000000,-7.666410,-2.542531,-11.563251
13949.000000,6947.000000,-500.000000,-1.941546,10.723395,-27.574623
-18051.000000,14447.000000,-500.000000,6.394259,-8.310115,-1.420196
-551.000000,14447.000000,-500.000000,-13.923953,-24.997015,-7.599794
-19051.000000,13947.000000,-500.000000,6.549559,-7.548971,-1.354745
-2051.000000,447.000000,-500.000000,3.276734,49.240497,141.238715
5949.000000,7447.000000,-500.000000,-70.842961,-37.431127,-33.244332
-3051.000000,-20053.000000,-500.000000,-5.060420,6.620271,-5.283080
-20051.000000,6947.000000,-500.000000,13.479983,-6.582542,-0.833907
5949.000000,5447.000000,-500.000000,-113.774037,-68.764472,-20.507667
-1551.000000,3447.000000,-500.000000,-13.896386,-46.503835,203.677650
-13551.000000,-1553.000000,-500.000000,62.896350,4.911420,14.163764
-6051.000000,6947.000000,-500.000000,47.876263,-89.012561,54.776915
17949.000000,-5553.000000,-500.000000,7.343937,-5.272123,-18.258085
17449.000000,14947.000000,-500.000000,-0.713740,4.793489,-7.292772
19449.000000,-15053.000000,-500.000000,1.218113,-4.511107,-6.498888
-2551.000000,16447.000000,-500.000000,-7.428266,-18.422423,-5.505372
9949.000000,3447.000000,-500.000000,-51.102674,6.077264,-75.357044
4949.000000,-9553.000000,-500.000000,-36.997991,36.923576,-22.147684
15449.000000,7947.000000,-500.000000,0.693385,9.071274,-19.795055
5449.000000,-10553.000000,-500.000000,-30.116231,21.674797,-23.600108
-11051.000000,14947.000000,-500.000000,5.545062,-17.292709,-1.849429
449.000000,-18553.000000,-500.000000,-7.329015,5.885484,-7.384408
-551.000000,2947.000000,-500.000000,-28.040977,-33.634021,198.652472
-20051.000000,10447.000000,-500.000000,9.508054,-7.212562,-1.146370
8949.000000,-6053.000000,-500.000000,-63.617576,5.855203,-64.237638
-51.000000,8447.000000,-500.000000,-40.863919,-102.553279,29.453620
-3051.000000,-17053.000000,-500.000000,-7.028147,11.396476,-7.300302
8949.000000,-9053.000000,-500.000000,-29.714270,-0.282935,-37.709467
-18051.000000,18947.000000,-500.000000,3.024022,-6.132882,-1.453752
-18051.000000,-16053.000000,-500.000000,4.008925,7.920955,-1.910232
-20051.000000,-2053.000000,-500.000000,18.737978,2.565328,-0.412074
-3051.000000,19447.000000,-500.000000,-4.965135,-10.690359,-4.418099
11449.000000,-14553.000000,-500.000000,-5.705062,-5.487540,-13.191076
-8051.000000,13947.000000,-500.000000,4.445917,-26.029508,-1.571081
-13551.000000,-7553.000000,-500.000000,32.059144,28.772599,4.069309
4949.000000,6447.000000,-500.000000,-98.224227,-72.224556,-12.212254
-3551.000000,-11053.000000,-500.000000,-15.305522,39.263765,-11.850775
12449.000000,10947.000000,-500.000000,-7.084566,7.799658,-18.972543
-18551.000000,-19053.000000,-500.000000,2.140282,5.848896,-1.737732
11449.000000,-2053.000000,-500.000000,-19.655509,-2.404495,-78.505961
-11051.000000,-9553.000000,-500.000000,21.523271,42.523531,3.505629
4449.000000,5947.000000,-500.000000,-109.757579,-92.212707,10.195582
18449.000000,-2553.000000,-500.000000,9.093184,-1.940359,-19.149778
-8551.000000,5947.000000,-500.000000,57.894638,-62.011090,33.693273
-7051.000000,-12053.000000,-500.000000,-3.798172,37.003788,-5.172697
-15051.000000,-13553.000000,-500.000000,6.933409,14.065113,-2.219919
8949.000000,7447.000000,-500.000000,-37.004757,0.201627,-43.238778
-2051.000000,-1053.000000,-500.000000,-4.127419,84.427726,92.472011
11449.000000,13447.000000,-500.000000,-7.834679,5.144951,-14.139781
14949.000000,13447.000000,-500.000000,-2.485092,6.045896,-10.781990
13949.000000,-9053.000000,-500.000000,-0.762655,-10.116500,-24.132072
-10051.000000,4947.000000,-500.000000,60.947581,-48.513735,25.990867
-2551.000000,-7553.000000,-500.000000,-31.645116,69.387488,-14.796210
-10551.000000,-8553.000000,-500.000000,31.046865,54.339425,9.864180
-13051.000000,-4053.000000,-500.000000,61.547171,23.240239,15.015599
5949.000000,16947.000000,-500.000000,-10.757944,-2.959402,-9.570624
-13051.000000,12447.000000,-500.000000,11.065401,-18.043913,-0.866463
-16051.000000,8947.000000,-500.000000,16.800370,-13.837545,-0.183354
19949.000000,2447.000000,-500.000000,7.523301,3.127300,-14.387621
-7051.000000,2947.000000,-500.000000,84.644297,-90.701362,113.896943
-9051.000000,-5553.000000,-500.000000,98.441413,97.470672,84.405933
-11051.000000,1447.000000,-500.000000,90.738875,-30.376612,37.648256
-17051.000000,5947.000000,-500.000000,21.522755,-10.863052,0.429540
14449.000000,9947.000000,-500.000000,-2.400177,8.590392,-17.673574
16949.000000,-7553.000000,-500.000000,5.156886,-7.287720,-18.378350
-16051.000000,3947.000000,-500.000000,30.006358,-11.160531,2.289528
-20051.000000,19447.000000,-500.000000,2.788850,-4.969607,-1.281266
18949.000000,-11553.000000,-500.000000,2.719063,-5.591236,-9.592949
-18051.000000,7447.000000,-500.000000,16.256973,-9.627013,-0.459751
-16051.000000,-53.000000,-500.000000,37.544076,-1.443004,3.806735
-11551.000000,-17053.000000,-500.000000,0.780106,12.162958,-3.316152
6949.000000,8947.000000,-500.000000,-42.788675,-13.031206,-33.425448
-12051.000000,18447.000000,-500.000000,2.177433,-10.388680,-2.144894
-20051.000000,4947.000000,-500.000000,15.713618,-5.449671,-0.628248
9949.000000,19447.000000,-500.000000,-5.312260,1.458879,-6.514512
13949.000000,16447.000000,-500.000000,-3.382456,4.249094,-7.995942
16449.000000,-12553.000000,-500.000000,0.774866,-6.714949,-11.428465
14449.000000,8947.000000,-500.000000,-1.934435,9.278276,-20.070556
-18051.000000,8447.000000,-500.000000,14.546639,-9.837767,-0.671427
-9551.000000,1447.000000,-500.000000,115.005172,-52.008033,73.849216
-15551.000000,-13053.000000,-500.000000,7.836955,13.852971,-2.058333
-6551.000000,18947.000000,-500.000000,-1.887668,-12.287879,-3.352027
18449.000000,-16553.000000,-500.000000,0.416391,-4.360658,-6.110378
13449.000000,16447.000000,-500.000000,-3.826624,4.155869,-8.250936
2449.000000,15947.000000,-500.000000,-13.743267,-11.693887,-9.541604
-1051.000000,-8053.000000,-500.000000,-15.347246,60.557535,-14.253170
-11051.000000,1947.000000,-500.000000,85.207392,-33.517274,34.488823
-7551.000000,-3553.000000,-500.000000,120.717970,83.721673,251.612453
7949.000000,-18553.000000,-500.000000,-6.063617,-1.376435,-8.234434
4949.000000,-5053.000000,-500.000000,-104.814885,142.560278,117.954966
-19551.000000,13947.000000,-500.000000,6.366971,-7.098061,-1.333407
-10551.000000,8947.000000,-500.000000,26.679196,-35.753033,5.919843
13449.000000,2947.000000,-500.000000,0.017126,9.818914,-45.849682
-17551.000000,-53.000000,-500.000000,28.657022,-0.648533,1.412069
11449.000000,-6553.000000,-500.000000,-14.250518,-11.065438,-49.665960
-13551.000000,-4553.000000,-500.000000,52.550546,22.766675,10.675258
7449.000000,7947.000000,-500.000000,-48.654328,-12.432711,-39.490200
-19051.000000,-16553.000000,-500.000000,3.628712,6.865516,-1.767320
-7051.000000,1947.000000,-500.000000,90.378490,-101.010967,156.587674
7949.000000,7447.000000,-500.000000,-48.655674,-9.013676,-43.243638
3449.000000,-4553.000000,-500.000000,-9.213630,141.785110,150.316919
-15051.000000,3947.000000,-500.000000,35.031538,-14.174695,3.983601
4449.000000,12447.000000,-500.000000,-26.165297,-16.055001,-17.200088
-14051.000000,-1053.000000,-500.000000,56.562665,1.741288,11.060411
-5051.000000,-10553.000000,-500.000000,-14.367749,50.066849,-7.465392
-12551.000000,12947.000000,-500.000000,9.963837,-18.358349,-1.037796
-15051.000000,6447.000000,-500.000000,26.360695,-16.631441,1.968350
5949.000000,6447.000000,-500.000000,-89.893544,-50.983193,-30.838982
12949.000000,-18053.000000,-500.000000,-2.812542,-4.095669,-7.483262
5449.000000,-14553.000000,-500.000000,-13.392635,4.567677,-14.481124
-9551.000000,2447.000000,-500.000000,97.181150,-56.684077,58.121165
13949.000000,-13553.000000,-500.000000,-2.264095,-6.902085,-12.796025
-2051.000000,19447.000000,-500.000000,-5.762695,-10.109654,-4.776022
19949.000000,-53.000000,-500.000000,8.394257,0.918340,-15.078925
-14051.000000,10947.000000,-500.000000,14.311753,-17.589915,-0.344394
-7551.000000,947.000000,-500.000000,121.640636,-88.707648,191.266613
-7551.000000,-4053.000000,-500.000000,112.540412,102.307067,237.390285
949.000000,4947.000000,-500.000000,-68.921311,-113.180696,147.354610
8449.000000,-8553.000000,-500.000000,-38.715391,5.213466,-40.827567
1949.000000,-10053.000000,-500.000000,-20.527428,42.234780,-15.813276
-3051.000000,8447.000000,-500.000000,-0.819003,-104.755860,43.158748
7949.000000,8447.000000,-500.000000,-39.083005,-5.848923,-37.217267
-15051.000000,4947.000000,-500.000000,31.546826,-15.553813,3.156911
3449.000000,4947.000000,-500.000000,-114.107815,-120.797242,79.517192
8949.000000,8947.000000,-500.000000,-27.687811,1.515019,-33.755373
-4551.000000,-6553.000000,-500.000000,-78.345597,129.226228,45.960564
16949.000000,-13053.000000,-500.000000,0.900361,-6.243375,-10.236326
4449.000000,9447.000000,-500.000000,-50.718533,-36.856702,-21.967642
-17051.000000,-8553.000000,-500.000000,17.019969,13.668136,-0.687147
11949.000000,-15553.000000,-500.000000,-4.485680,-5.130499,-11.074840
13449.000000,3947.000000,-500.000000,-1.110221,10.927763,-41.930765
-10551.000000,9447.000000,-500.000000,23.766382,-34.263335,4.650763
12949.000000,-9053.000000,-500.000000,-3.890279,-10.611956,-27.503088
-1551.000000,947.000000,-500.000000,5.833980,32.418306,168.318364
7449.000000,-16053.000000,-500.000000,-9.142158,-0.595823,-11.812224
-3551.000000,-2053.000000,-500.000000,-113.735109,76.242909,87.935952
-14051.000000,-7553.000000,-500.000000,29.915631,25.603664,3.006393
-7051.000000,5447.000000,-500.000000,67.465512,-79.682908,62.998211
-12551.000000,10947.000000,-500.000000,15.520369,-22.035318,0.306243
-9551.000000,-2053.000000,-500.000000,148.899370,17.284975,107.243983
13449.000000,11947.000000,-500.000000,-4.613646,7.175736,-15.012688
11449.000000,947.000000,-500.000000,-20.754175,6.766399,-77.092696
-10551.000000,18947.000000,-500.000000,1.108020,-10.697239,-2.392624
-9551.000000,8447.000000,-500.000000,31.608125,-44.208748,10.455746
-4051.000000,-13553.000000,-500.000000,-9.533802,24.002680,-9.421361
-15051.000000,5947.000000,-500.000000,28.066041,-16.391071,2.352867
-20051.000000,-18553.000000,-500.000000,2.486940,5.363704,-1.580781
-18051.000000,15447.000000,-500.000000,5.460294,-7.830973,-1.457667
-6051.000000,-2553.000000,-500.000000,-30.299454,60.198235,323.570096
-7051.000000,-2553.000000,-500.000000,90.512248,50.662720,307.359439
-19051.000000,-10553.000000,-500.000000,10.187978,9.473980,-1.472637
7949.000000,4947.000000,-500.000000,-89.181236,-21.726274,-56.551802
-3551.000000,8947.000000,-500.000000,2.905983,-93.274597,31.509257
19949.000000,6447.000000,-500.000000,4.880934,5.144402,-11.804785
13449.000000,-12053.000000,-500.000000,-2.965724,-8.097289,-16.573108
10949.000000,-53.000000,-500.000000,-32.363847,3.923509,-87.135830
-13551.000000,-17053.000000,-500.000000,2.050157,10.722543,-2.743550
18949.000000,-4553.000000,-500.000000,7.873156,-3.727378,-16.312354
-16051.000000,-3053.000000,-500.000000,35.971095,8.346133,3.353802
449.000000,-14053.000000,-500.000000,-12.683324,15.946434,-12.567200
-1051.000000,-6053.000000,-500.000000,-10.392153,80.023146,-6.205158
9449.000000,19947.000000,-500.000000,-5.309434,1.064199,-6.182005
-11551.000000,17447.000000,-500.000000,2.741872,-12.147959,-2.201406
-19051.000000,-1553.000000,-500.000000,22.183668,2.221345,0.099265
17449.000000,-8553.000000,-500.000000,4.433511,-6.968266,-15.530110
17949.000000,-16553.000000,-500.000000,0.219556,-4.486451,-6.365475
4449.000000,-17553.000000,-500.000000,-8.595994,2.627221,-9.383036
-17051.000000,8947.000000,-500.000000,15.191543,-11.673996,-0.530595
-19051.000000,-11053.000000,-500.000000,9.452004,9.364879,-1.536816
13449.000000,15947.000000,-500.000000,-3.936387,4.427448,-8.796347
18949.000000,5947.000000,-500.000000,5.235545,5.788510,-14.134501
-20051.000000,447.000000,-500.000000,18.942158,-0.739988,-0.338040
14449.000000,12447.000000,-500.000000,-3.000333,6.773824,-12.803409
4949.000000,5447.000000,-500.000000,-119.333211,-93.001001,8.119255
-16551.000000,-19053.000000,-500.000000,1.814298,6.831015,-2.020776
-7051.000000,-553.000000,-500.000000,104.314505,-36.854055,294.796046
6449.000000,8447.000000,-500.000000,-52.034096,-21.165338,-34.170227
-4051.000000,-14553.000000,-500.000000,-8.364059,19.612056,-8.649900
-2051.000000,15447.000000,-500.000000,-9.244850,-22.153584,-5.982576
-13551.000000,-16053.000000,-500.000000,2.939538,12.209500,-2.770992
16949.000000,3447.000000,-500.000000,7.175060,6.261447,-23.018032
14949.000000,-9553.000000,-500.000000,0.958548,-9.118222,-19.749918
-17551.000000,17947.000000,-500.000000,3.602541,-6.922949,-1.514893
-13051.000000,10447.000000,-500.000000,16.742380,-21.212605,0.453813
-19551.000000,-11553.000000,-500.000000,8.407954,8.563524,-1.569599
18949.000000,-5053.000000,-500.000000,7.543940,-4.124252,-15.911139
-8051.000000,11947.000000,-500.000000,10.286541,-35.700505,1.453582
-10551.000000,14447.000000,-500.000000,6.118237,-19.339177,-1.691753
-13051.000000,-17553.000000,-500.000000,1.428029,10.386417,-2.837020
9449.000000,17947.000000,-500.000000,-6.715279,1.443030,-8.060058
-51.000000,-13053.000000,-500.000000,-13.665626,20.941529,-13.523230
18949.000000,-10553.000000,-500.000000,3.360455,-5.727599,-10.531298
19949.000000,19447.000000,-500.000000,-0.433607,2.927257,-3.872121
4449.000000,4947.000000,-500.000000,-126.506317,-112.847790,43.079043
7449.000000,14447.000000,-500.000000,-14.013327,-1.283787,-14.005978
14949.000000,2447.000000,-500.000000,6.062962,7.275788,-35.448266
12949.000000,-8553.000000,-500.000000,-3.746515,-10.930491,-29.664598
3449.000000,-10553.000000,-500.000000,-25.229614,32.895521,-18.680272
19949.000000,-12553.000000,-500.000000,2.423893,-4.866948,-7.809376
11449.000000,5447.000000,-500.000000,-16.935702,11.532583,-48.223137
449.000000,15447.000000,-500.000000,-13.369956,-17.965004,-8.343227
16949.000000,-1053.000000,-500.000000,9.851395,-0.082478,-25.980323
9949.000000,-7053.000000,-500.000000,-32.136287,-5.857985,-53.401543
-1551.000000,-3053.000000,-500.000000,-11.151181,103.260160,31.946945
-8551.000000,15447.000000,-500.000000,2.591859,-19.821131,-2.411345
2949.000000,-6553.000000,-500.000000,-19.414010,114.264589,33.775451
14949.000000,947.000000,-500.000000,7.550033,4.533964,-37.931931
-11051.000000,-14053.000000,-500.000000,3.421171,20.144685,-3.367166
-2551.000000,-15053.000000,-500.000000,-9.277095,16.230206,-9.378237
4949.000000,12447.000000,-500.000000,-25.483900,-13.423542,-17.879672
13949.000000,12447.000000,-500.000000,-3.743538,6.805086,-13.406906
13449.000000,-12553.000000,-500.000000,-2.985359,-7.689883,-15.406018
7949.000000,-4053.000000,-500.000000,-151.919301,29.697824,-54.661652
1949.000000,-16053.000000,-500.000000,-10.551560,8.078188,-10.653009
7449.000000,6447.000000,-500.000000,-69.404882,-21.385488,-46.865908
6949.000000,5447.000000,-500.000000,-99.354821,-41.991321,-41.941824
18949.000000,11447.000000,-500.000000,1.379691,5.526947,-8.946110
-16551.000000,-15553.000000,-500.000000,4.386788,9.697434,-2.139881
3449.000000,19947.000000,-500.000000,-7.414862,-4.228727,-6.078198
-6551.000000,19447.000000,-500.000000,-1.949124,-11.346736,-3.289808
-17551.000000,-15053.000000,-500.000000,4.937895,9.085989,-1.976037
15949.000000,-19053.000000,-500.000000,-1.030593,-3.832143,-5.594712
-12051.000000,-7053.000000,-500.000000,44.325288,42.040780,11.197960
-15551.000000,-5053.000000,-500.000000,33.903210,15.125918,3.103453
-2551.000000,1947.000000,-500.000000,-1.304569,8.542867,177.669644
949.000000,1447.000000,-500.000000,-27.625335,-1.513262,181.382473
12949.000000,-11053.000000,-500.000000,-4.064753,-8.961452,-20.218971
7949.000000,-17553.000000,-500.000000,-6.955452,-1.391729,-9.462238
17449.000000,19947.000000,-500.000000,-1.257532,2.969439,-4.338530
19449.000000,-10553.000000,-500.000000,3.470268,-5.396439,-9.894926
-18051.000000,-18053.000000,-500.000000,2.610465,6.664577,-1.853652
6449.000000,-1053.000000,-500.000000,-265.708131,12.248823,107.995417
2449.000000,-8553.000000,-500.000000,-23.045521,65.644108,-8.472761
-4551.000000,12447.000000,-500.000000,-1.813375,-42.839440,0.032864
-11551.000000,-8553.000000,-500.000000,30.312180,43.476848,6.451934
7449.000000,-17053.000000,-500.000000,-7.844866,-0.816417,-10.212142
3449.000000,3947.000000,-500.000000,-109.363026,-124.663095,129.495107
-1551.000000,4947.000000,-500.000000,-18.630274,-104.616651,178.266174
449.000000,-13553.000000,-500.000000,-13.398642,17.964424,-13.231854
-10551.000000,-10053.000000,-500.000000,17.030103,42.850389,2.275375
18949.000000,-14553.000000,-500.000000,1.240430,-4.838684,-7.154454
15949.000000,-9553.000000,-500.000000,2.343644,-8.264994,-17.266320
9449.000000,12947.000000,-500.000000,-12.936339,2.901237,-16.987674
-1051.000000,-20053.000000,-500.000000,-5.762461,5.410474,-5.820394
-14551.000000,19447.000000,-500.000000,2.326810,-7.794614,-1.790577
9449.000000,-1553.000000,-500.000000,-91.503290,2.820122,-100.363895
1949.000000,17447.000000,-500.000000,-10.584550,-9.368238,-7.731624
-6551.000000,-53.000000,-500.000000,59.666108,-58.472952,300.042634
2949.000000,5447.000000,-500.000000,-104.736901,-118.705645,75.569745
-4051.000000,8947.000000,-500.000000,8.424759,-90.117162,30.688630
18449.000000,19447.000000,-500.000000,-0.883466,3.065891,-4.279863
-20051.000000,-18053.000000,-500.000000,2.733391,5.568219,-1.600358
17949.000000,947.000000,-500.000000,9.117442,2.639985,-21.180023
-8051.000000,2947.000000,-500.000000,93.775502,-80.526186,86.515518
4949.000000,16947.000000,-500.000000,-11.328118,-4.708643,-9.396985
-3051.000000,10947.000000,-500.000000,-7.670330,-62.179683,5.750765
-3051.000000,5947.000000,-500.000000,15.336288,-121.609579,136.222309
14449.000000,6947.000000,-500.000000,-0.497968,10.303547,-25.620379
1449.000000,18947.000000,-500.000000,-8.270518,-7.593285,-6.315570
5449.000000,-4553.000000,-500.000000,-147.730129,127.054138,129.560510
-10051.000000,2447.000000,-500.000000,91.864234,-48.767964,47.509073
-15551.000000,-14553.000000,-500.000000,5.446170,11.947386,-2.266236
-1551.000000,6947.000000,-500.000000,-22.112091,-130.143468,92.720370
-14551.000000,-8553.000000,-500.000000,22.934821,22.545145,0.896447
-6551.000000,-2053.000000,-500.000000,37.791649,35.195503,332.371579
19449.000000,-9053.000000,-500.000000,4.500413,-5.370985,-11.230664
16449.000000,14947.000000,-500.000000,-1.359685,4.990643,-7.939218
2949.000000,4947.000000,-500.000000,-105.850763,-121.098296,96.363435
3949.000000,6947.000000,-500.000000,-91.131841,-82.364668,2.044192
-2051.000000,13947.000000,-500.000000,-10.996432,-30.788187,-5.481401
-17551.000000,-5053.000000,-500.000000,24.060219,9.738705,0.476588
-11551.000000,7447.000000,-500.000000,33.603256,-32.855909,7.272577
19449.000000,-17553.000000,-500.000000,0.498307,-3.815118,-5.105724
-18551.000000,12447.000000,-500.000000,8.341575,-8.566808,-1.278202
19949.000000,14947.000000,-500.000000,0.409920,4.137734,-5.848223
-19551.000000,-17053.000000,-500.000000,3.294556,6.288995,-1.692385
13949.000000,8947.000000,-500.000000,-3.104999,9.517747,-21.360281
-10551.000000,-18053.000000,-500.000000,-0.470664,10.913231,-3.507552
-14051.000000,3947.000000,-500.000000,40.949526,-18.133699,6.456720
-3051.000000,3947.000000,-500.000000,19.793893,-67.061455,194.271177
4449.000000,-8053.000000,-500.000000,-47.174382,71.459289,-8.761017
-7551.000000,-14553.000000,-500.000000,-2.915670,21.498868,-5.587139
15449.000000,-13053.000000,-500.000000,-0.365405,-6.888400,-11.911043
9949.000000,-15053.000000,-500.000000,-7.529658,-3.916302,-13.074692
-16051.000000,-1053.000000,-500.000000,37.868855,1.836403,3.844699
-10051.000000,-10553.000000,-500.000000,12.561948,42.132400,0.860494
-18551.000000,-13053.000000,-500.000000,7.038051,9.239259,-1.760606
3949.000000,-12553.000000,-500.000000,-18.957910,15.339329,-17.548339
12449.000000,11947.000000,-500.000000,-6.659971,6.927866,-16.389481
9949.000000,-4053.000000,-500.000000,-53.877347,-2.490753,-83.961636
-1051.000000,12447.000000,-500.000000,-17.160164,-41.669673,-5.074426
10949.000000,9947.000000,-500.000000,-13.146476,7.336587,-25.227598
-9051.000000,10947.000000,-500.000000,15.988107,-36.407756,3.090958
-1551.000000,13947.000000,-500.000000,-12.431189,-30.072623,-6.138259
-13051.000000,-14553.000000,-500.000000,4.515836,15.598561,-2.806517
-15551.000000,-16053.000000,-500.000000,3.707246,10.195880,-2.323675
-12551.000000,5947.000000,-500.000000,38.789099,-27.903057,7.705146
-7551.000000,11947.000000,-500.000000,9.330784,-37.655312,1.673910
8949.000000,-1553.000000,-500.000000,-122.233596,4.776477,-96.269612
-17051.000000,8447.000000,-500.000000,16.192536,-11.687765,-0.388613
-7051.000000,15447.000000,-500.000000,0.522049,-21.653295,-2.843668
449.000000,-6053.000000,-500.000000,4.203553,90.436993,12.156930
10949.000000,-4053.000000,-500.000000,-26.666119,-7.034925,-74.455374
-1051.000000,6447.000000,-500.000000,-31.820413,-131.500223,111.644273
-8051.000000,-1553.000000,-500.000000,160.470823,4.980933,222.318713
8949.000000,-10053.000000,-500.000000,-23.406150,-1.410982,-31.364057
-8551.000000,-7553.000000,-500.000000,39.613863,99.900632,38.367104
18449.000000,-13553.000000,-500.000000,1.469492,-5.354235,-8.314199
-15551.000000,15447.000000,-500.000000,5.765054,-10.320190,-1.619335
449.000000,-10053.000000,-500.000000,-16.470537,42.105138,-15.398015
-20051.000000,7947.000000,-500.000000,12.319107,-6.922543,-0.933992
-20051.000000,14447.000000,-500.000000,5.783352,-6.543156,-1.321167
-16051.000000,11447.000000,-500.000000,11.509642,-12.703871,-0.989082
-11551.000000,-15553.000000,-500.000000,2.014120,15.266940,-3.379279
-18551.000000,-9053.000000,-500.000000,13.285079,10.415019,-1.180118
12449.000000,4447.000000,-500.000000,-8.063082,12.009115,-47.288615
4449.000000,-8553.000000,-500.000000,-42.686880,59.455802,-14.580560
16449.000000,15447.000000,-500.000000,-1.435250,4.752046,-7.506057
-12551.000000,-11053.000000,-500.000000,13.449258,26.682237,-0.917782
18449.000000,-17053.000000,-500.000000,0.293978,-4.195821,-5.806402
11949.000000,-12053.000000,-500.000000,-6.333766,-7.726955,-18.873704
18949.000000,9447.000000,-500.000000,2.551767,5.964600,-10.726546
13949.000000,-10553.000000,-500.000000,-1.594732,-9.165074,-19.543280
-9051.000000,-16053.000000,-500.000000,-1.129356,15.827399,-4.454813
4449.000000,4447.000000,-500.000000,-132.508947,-122.261706,66.981047
17949.000000,4947.000000,-500.000000,5.980536,6.296976,-17.677629
16949.000000,-14553.000000,-500.000000,0.293240,-5.578933,-8.632631
14949.000000,11947.000000,-500.000000,-2.220297,7.030243,-12.998263
2949.000000,447.000000,-500.000000,-6.223669,-4.160664,233.939528
-17551.000000,15947.000000,-500.000000,5.100723,-8.006442,-1.504055
6449.000000,5447.000000,-500.000000,-107.598340,-55.288919,-32.245105
-15051.000000,1447.000000,-500.000000,42.691367,-7.952849,5.852348
11949.000000,-9053.000000,-500.000000,-8.267751,-10.465311,-30.981218
-15551.000000,-9053.000000,-500.000000,18.582229,18.145645,-0.302720
12449.000000,-553.000000,-500.000000,-5.325876,1.967625,-65.945532
-1551.000000,-10553.000000,-500.000000,-15.949967,38.328196,-15.045639
-9051.000000,8447.000000,-500.000000,32.289156,-48.147935,12.360195
-17551.000000,15447.000000,-500.000000,5.546640,-8.280569,-1.489430
12449.000000,4947.000000,-500.000000,-8.220381,12.098218,-44.506428
-8551.000000,18947.000000,-500.000000,-0.212157,-11.705522,-2.814178
-5551.000000,7447.000000,-500.000000,38.428583,-92.775474,51.429970
-19051.000000,4447.000000,-500.000000,18.608345,-6.199905,-0.254141
-17551.000000,11447.000000,-500.000000,10.323053,-10.215132,-1.136172
11949.000000,-5053.000000,-500.000000,-10.037327,-10.211362,-56.427079
-16551.000000,13947.000000,-500.000000,7.393133,-10.275004,-1.437723
-4051.000000,15447.000000,-500.000000,-5.116584,-23.313529,-4.387867
-14051.000000,6447.000000,-500.000000,29.897972,-20.402132,3.394995
14949.000000,12947.000000,-500.000000,-2.418102,6.366975,-11.473396
-11051.000000,-5053.000000,-500.000000,81.831509,49.958325,34.745407
-2551.000000,17947.000000,-500.000000,-6.322269,-13.734947,-5.122550
18949.000000,-2553.000000,-500.000000,8.839364,-1.776298,-17.527403
449.000000,10447.000000,-500.000000,-32.558767,-61.324475,-1.973805
7449.000000,-3053.000000,-500.000000,-207.312167,34.287807,-17.820207
-15551.000000,1947.000000,-500.000000,37.882935,-8.252850,4.273199
-13051.000000,13947.000000,-500.000000,7.923367,-15.649808,-1.459717
3949.000000,-2053.000000,-500.000000,-42.712812,66.388432,273.408369
11949.000000,-13053.000000,-500.000000,-5.739227,-6.884030,-16.108482
8449.000000,7447.000000,-500.000000,-42.745559,-3.964648,-43.566369
-16551.000000,16947.000000,-500.000000,4.317901,-8.238033,-1.602165
1449.000000,-9053.000000,-500.000000,-17.917340,55.417795,-12.328319
-3551.000000,19447.000000,-500.000000,-4.543678,-10.914782,-4.242521
-7051.000000,-7553.000000,-500.000000,8.314944,127.525576,50.373827
-10051.000000,-2053.000000,-500.000000,135.959919,15.783314,82.726617
-12551.000000,17447.000000,-500.000000,3.180750,-11.252055,-2.052027
19449.000000,2447.000000,-500.000000,7.741362,3.398847,-15.626925
-13551.000000,7447.000000,-500.000000,27.319915,-22.395610,3.037719
-10051.000000,-18553.000000,-500.000000,-0.983533,10.250717,-3.573269
-10551.000000,6947.000000,-500.000000,40.572669,-40.715556,12.481383
17449.000000,-13553.000000,-500.000000,0.980742,-5.806399,-9.200015
10949.000000,-2053.000000,-500.000000,-30.911594,-1.805157,-85.661106
9949.000000,11447.000000,-500.000000,-14.351202,4.509908,-21.157375
4949.000000,-6553.000000,-500.000000,-76.421249,110.479288,25.135529
5949.000000,-17553.000000,-500.000000,-8.113881,0.802029,-9.534458
-14551.000000,12947.000000,-500.000000,9.558912,-14.209948,-1.230951
-12551.000000,15947.000000,-500.000000,4.772575,-13.335795,-1.922320
2949.000000,6947.000000,-500.000000,-87.431290,-99.302525,24.816900
-4551.000000,-17053.000000,-500.000000,-5.883669,12.451731,-6.527490
10949.000000,18947.000000,-500.000000,-4.924808,2.138410,-6.739971
-4551.000000,-15053.000000,-500.000000,-7.307285,18.212775,-7.866635
-19551.000000,-1553.000000,-500.000000,20.463979,2.059138,-0.167657
15949.000000,6947.000000,-500.000000,2.395950,8.821784,-20.477899
9449.000000,-11053.000000,-500.000000,-16.630342,-3.965279,-25.891748
-8051.000000,-19553.000000,-500.000000,-2.442450,8.904835,-3.950912
7449.000000,12947.000000,-500.000000,-18.020925,-2.057446,-17.798958
12949.000000,18447.000000,-500.000000,-3.720547,3.095780,-6.599598
-7551.000000,-15553.000000,-500.000000,-3.008679,17.720743,-5.415485
-4551.000000,14447.000000,-500.000000,-3.783676,-28.394370,-3.465302
14449.000000,17947.000000,-500.000000,-2.802848,3.602262,-6.463617
-1551.000000,8947.000000,-500.000000,-21.386007,-97.626676,27.871972
-13051.000000,-1053.000000,-500.000000,70.145159,1.279629,18.135262
-10051.000000,-17053.000000,-500.000000,-0.491726,12.980092,-3.854633
14949.000000,-10053.000000,-500.000000,0.575088,-8.886812,-18.523020
-9051.000000,-18553.000000,-500.000000,-1.722141,10.425306,-3.906373
-2551.000000,9447.000000,-500.000000,-10.073251,-87.659352,21.763811
3949.000000,15947.000000,-500.000000,-13.781253,-8.125904,-10.418431
-4051.000000,-9053.000000,-500.000000,-26.678318,65.004503,-8.479526
-11051.000000,-13053.000000,-500.000000,5.367807,23.831964,-2.929273
6449.000000,-553.000000,-500.000000,-267.090211,0.587390,107.295527
14449.000000,2447.000000,-500.000000,4.781512,7.862371,-39.097994
12949.000000,13947.000000,-500.000000,-5.043733,5.558469,-11.876848
-8051.000000,-11053.000000,-500.000000,1.838116,45.866433,-1.644067
8449.000000,-11053.000000,-500.000000,-20.733037,0.060811,-26.274640
11949.000000,-2053.000000,-500.000000,-11.204955,-2.733408,-71.335470
19449.000000,-553.000000,-500.000000,8.767474,0.471382,-16.449511
13949.000000,19947.000000,-500.000000,-2.795756,2.753772,-5.259224
-15051.000000,-17553.000000,-500.000000,2.301951,9.007369,-2.381176
9949.000000,-11553.000000,-500.000000,-13.255546,-5.287918,-23.256606
-16551.000000,5447.000000,-500.000000,24.216673,-11.637198,1.005178
14949.000000,-8053.000000,-500.000000,2.361578,-9.500049,-23.765197
18949.000000,7947.000000,-500.000000,3.623580,6.077714,-12.172435
15449.000000,18447.000000,-500.000000,-2.161758,3.476555,-5.746779
-14051.000000,14947.000000,-500.000000,6.390041,-12.696715,-1.654920
5949.000000,447.000000,-500.000000,-249.673740,-28.647260,166.092353
-12051.000000,-19053.000000,-500.000000,0.117945,8.924850,-2.919699
-13551.000000,-9553.000000,-500.000000,20.028310,26.157489,0.545385
949.000000,8447.000000,-500.000000,-51.377995,-95.110816,19.936774
-19051.000000,-11553.000000,-500.000000,8.748382,9.221996,-1.593034
-17051.000000,-1553.000000,-500.000000,31.302875,3.016481,2.001653
-3551.000000,7447.000000,-500.000000,13.813170,-116.282152,72.001523
13949.000000,447.000000,-500.000000,4.926310,4.113031,-47.346899
-8551.000000,-13053.000000,-500.000000,0.176966,28.524323,-4.389617
16949.000000,-10553.000000,-500.000000,2.427751,-7.174695,-13.542699
15449.000000,13947.000000,-500.000000,-2.030751,5.677932,-9.709723
18449.000000,947.000000,-500.000000,8.933311,2.414347,-19.346601
13949.000000,-13053.000000,-500.000000,-2.218782,-7.268596,-13.717563
-1051.000000,2447.000000,-500.000000,-16.050393,-12.806871,195.973806
11949.000000,-3553.000000,-500.000000,-10.561651,-7.135871,-65.433479
16949.000000,-16053.000000,-500.000000,-0.133068,-4.922802,-7.290157
9449.000000,-10053.000000,-500.000000,-20.473803,-3.858467,-31.067295
11449.000000,1947.000000,-500.000000,-20.412595,9.115892,-72.329741
17449.000000,-5053.000000,-500.000000,7.780049,-5.293275,-20.524791
-6051.000000,-16553.000000,-500.000000,-4.696981,14.439962,-5.974941
449.000000,1947.000000,-500.000000,-31.060742,-11.959551,187.379388
-12051.000000,4447.000000,-500.000000,51.756764,-30.706402,13.678516
-1051.000000,-2553.000000,-500.000000,4.267305,110.773536,61.014927
-1551.000000,-15053.000000,-500.000000,-10.027686,15.105224,-10.052342
7949.000000,13947.000000,-500.000000,-14.243475,-0.296526,-15.080219
-14051.000000,-8553.000000,-500.000000,24.266474,25.060464,1.454078
949.000000,-10053.000000,-500.000000,-17.429197,42.321554,-15.398495
-10051.000000,-5553.000000,-500.000000,87.952568,71.760810,50.910388
17949.000000,7947.000000,-500.000000,3.221729,6.877455,-13.965478
-8551.000000,-3053.000000,-500.000000,156.064886,52.726370,171.093650
-3551.000000,-53.000000,-500.000000,-68.935371,37.880414,133.892460
4449.000000,-9053.000000,-500.000000,-38.540011,49.326512,-18.099483
18949.000000,17447.000000,-500.000000,-0.486355,3.607656,-5.016176
3949.000000,1947.000000,-500.000000,-94.985689,-87.019547,238.372856
-6051.000000,-6053.000000,-500.000000,-32.495532,171.900222,147.402520
-13051.000000,-5553.000000,-500.000000,50.673263,30.101782,11.091507
6949.000000,19447.000000,-500.000000,-7.021173,-0.851127,-6.803679
-6051.000000,-3553.000000,-500.000000,-36.920671,98.362501,303.155828
19949.000000,-6553.000000,-500.000000,6.236512,-4.326967,-12.482221
1449.000000,447.000000,-500.000000,-10.369430,23.912062,169.784118
14449.000000,5947.000000,-500.000000,0.491437,10.483504,-28.693840
11949.000000,-16553.000000,-500.000000,-4.075340,-4.563850,-9.616695
-18551.000000,8447.000000,-500.000000,13.786016,-9.036575,-0.776063
-13051.000000,-15053.000000,-500.000000,3.805806,14.569290,-2.865113
9949.000000,-1053.000000,-500.000000,-67.396141,2.057441,-99.486862
11949.000000,3947.000000,-500.000000,-12.691318,11.851326,-54.471682
-8551.000000,7447.000000,-500.000000,42.159224,-56.944711,21.211080
15949.000000,-1553.000000,-500.000000,9.570957,-1.070394,-31.476151
-12051.000000,-8053.000000,-500.000000,33.951047,40.370075,6.914539
17449.000000,-2553.000000,-500.000000,9.454662,-2.314333,-22.995352
-1051.000000,-14053.000000,-500.000000,-11.601930,17.944133,-11.560052
6949.000000,-5053.000000,-500.000000,-155.250765,68.964061,-4.046707
-7051.000000,-6553.000000,-500.000000,23.780801,156.881071,108.036374
-13051.000000,-8553.000000,-500.000000,26.947121,31.123599,2.944211
8949.000000,3947.000000,-500.000000,-77.645976,-4.779768,-71.499584
-17051.000000,-20053.000000,-500.000000,1.465238,5.958874,-1.876473
-13051.000000,2947.000000,-500.000000,53.773898,-21.038871,12.146228
15449.000000,-553.000000,-500.000000,9.104430,1.031983,-35.094081
-10051.000000,5447.000000,-500.000000,55.969314,-47.750730,22.869800
-8551.000000,-18053.000000,-500.000000,-2.076410,11.353762,-4.223996
16449.000000,-10553.000000,-500.000000,2.026484,-7.551832,-14.420680
-7051.000000,-7053.000000,-500.000000,14.889956,143.841940,75.410019
-51.000000,19447.000000,-500.000000,-7.067949,-8.468950,-5.484383
5949.000000,-53.000000,-500.000000,-252.293836,-13.381398,171.411610
14449.000000,5447.000000,-500.000000,1.048830,10.449220,-30.270101
-1051.000000,-13053.000000,-500.000000,-12.893090,22.235332,-12.785179
-9051.000000,-7553.000000,-500.000000,43.810624,89.002789,32.527845
14949.000000,-16553.000000,-500.000000,-1.469965,-4.990841,-8.005323
-551.000000,11947.000000,-500.000000,-20.711739,-45.598133,-5.038629
8449.000000,16947.000000,-500.000000,-8.606327,0.619707,-9.485372
14449.000000,-20053.000000,-500.000000,-1.712122,-3.447928,-5.437332
-13551.000000,-12053.000000,-500.000000,10.153627,20.293030,-1.853745
13449.000000,947.000000,-500.000000,2.051531,5.774238,-51.730868
-16051.000000,-11553.000000,-500.000000,10.771621,14.584822,-1.646572
-5051.000000,5447.000000,-500.000000,59.087396,-99.239562,112.930924
13449.000000,5447.000000,-500.000000,-2.611266,11.488758,-35.667503
-16551.000000,17447.000000,-500.000000,3.928614,-7.910572,-1.606278
16449.000000,9947.000000,-500.000000,0.510889,7.500669,-13.925647
-19051.000000,-13053.000000,-500.000000,6.847562,8.638368,-1.714662
13449.000000,-13053.000000,-500.000000,-2.984977,-7.292794,-14.330262
-7051.000000,-5053.000000,-500.000000,56.716686,147.328288,222.080714
-15551.000000,8447.000000,-500.000000,18.975927,-15.214044,0.286173
4949.000000,17947.000000,-500.000000,-9.685983,-3.857986,-8.186287
18949.000000,17947.000000,-500.000000,-0.558032,3.455611,-4.780009
11949.000000,-4053.000000,-500.000000,-10.372836,-8.345528,-62.694409
4949.000000,447.000000,-500.000000,-172.060420,-31.670524,262.243338
-19551.000000,-15053.000000,-500.000000,4.742142,7.223305,-1.718476
18449.000000,2947.000000,-500.000000,7.726044,4.482490,-18.158918
-7051.000000,-15553.000000,-500.000000,-3.719121,17.702640,-5.747569
19449.000000,5447.000000,-500.000000,5.646232,5.218191,-13.535036
-11051.000000,8947.000000,-500.000000,25.887627,-32.837296,4.882446
9449.000000,14447.000000,-500.000000,-10.503398,2.396933,-13.417744
-17051.000000,1947.000000,-500.000000,29.308321,-5.465927,1.732047
-2551.000000,-3053.000000,-500.000000,-57.307859,94.506831,25.824862
-14051.000000,-8053.000000,-500.000000,27.020500,25.450228,2.200672
13449.000000,1447.000000,-500.000000,1.609624,6.989612,-50.595859
4949.000000,4447.000000,-500.000000,-139.443193,-115.092747,46.737220
-51.000000,447.000000,-500.000000,-18.126419,33.563560,187.195987
4449.000000,6447.000000,-500.000000,-100.133343,-82.303390,-0.569811
-9551.000000,-1053.000000,-500.000000,148.183306,-7.296903,105.128978
-19551.000000,-7553.000000,-500.000000,14.124063,8.353506,-1.031086
-8051.000000,16947.000000,-500.000000,0.474133,-16.161222,-2.909381
-14051.000000,2947.000000,-500.000000,45.412172,-15.935104,7.751600
-19551.000000,4947.000000,-500.000000,16.790918,-6.007497,-0.494560
-3551.000000,19947.000000,-500.000000,-4.344622,-10.011030,-4.093577
-4051.000000,18947.000000,-500.000000,-4.269860,-12.102167,-4.197542
-551.000000,-6553.000000,-500.000000,-6.554933,77.537917,-4.887510
7949.000000,-1053.000000,-500.000000,-198.679312,6.135486,-57.492333
16949.000000,-14053.000000,-500.000000,0.473288,-5.802000,-9.136672
-6551.000000,-4053.000000,-500.000000,20.100565,115.922964,291.586886
11949.000000,-53.000000,-500.000000,-12.031993,3.763221,-72.544774
-2551.000000,5947.000000,-500.000000,2.907661,-124.334890,139.374892
19949.000000,-3553.000000,-500.000000,7.923327,-2.370083,-14.371700
19949.000000,8947.000000,-500.000000,3.161852,5.359303,-9.854526
-11051.000000,6947.000000,-500.000000,38.697249,-36.975615,10.372599
-1551.000000,-7053.000000,-500.000000,-19.293057,69.984141,-13.934220
-6551.000000,-14053.000000,-500.000000,-4.851133,23.724306,-6.524777
-16051.000000,2947.000000,-500.000000,32.523427,-9.404424,2.799606
13949.000000,18447.000000,-500.000000,-3.053900,3.317716,-6.266582
10449.000000,18947.000000,-500.000000,-5.271336,1.872040,-6.852030
-6551.000000,-11053.000000,-500.000000,-6.207826,47.278961,-4.278853
-19051.000000,-17553.000000,-500.000000,2.981503,6.349983,-1.739422
449.000000,-1553.000000,-500.000000,-1.508590,93.206521,128.038786
-18051.000000,1447.000000,-500.000000,25.384387,-3.348691,0.789918
4949.000000,-14053.000000,-500.000000,-14.784075,6.847608,-15.306729
19449.000000,15947.000000,-500.000000,-0.019732,3.973471,-5.564450
-4051.000000,-2553.000000,-500.000000,-143.904727,78.251943,125.008731
6449.000000,6447.000000,-500.000000,-83.912646,-40.466124,-37.719382
-15051.000000,-7553.000000,-500.000000,25.998943,20.435917,1.444645
-2051.000000,-17053.000000,-500.000000,-7.661211,10.556189,-7.786650
15949.000000,18947.000000,-500.000000,-1.885875,3.305057,-5.275488
-6551.000000,2947.000000,-500.000000,76.526604,-91.164402,127.117556
-4051.000000,-1553.000000,-500.000000,-129.386478,58.838822,143.236880
-2051.000000,19947.000000,-500.000000,-5.440452,-9.247694,-4.575709
-51.000000,12447.000000,-500.000000,-20.897927,-38.607463,-7.353916
2949.000000,15947.000000,-500.000000,-13.852488,-10.508102,-9.866139
10949.000000,11447.000000,-500.000000,-11.047580,6.135432,-19.864893
12949.000000,-10553.000000,-500.000000,-4.071890,-9.401875,-21.837445
15449.000000,-11053.000000,-500.000000,0.612028,-8.032608,-15.339048
11449.000000,-9553.000000,-500.000000,-10.377320,-9.572057,-29.948830
-6051.000000,17447.000000,-500.000000,-2.124622,-15.869791,-3.617733
16449.000000,6447.000000,-500.000000,3.518057,8.298870,-19.914759
3449.000000,-17053.000000,-500.000000,-9.356440,4.411653,-9.823885
11949.000000,17447.000000,-500.000000,-4.848963,3.172541,-7.864370
17949.000000,-18053.000000,-500.000000,-0.090704,-3.965194,-5.443358
-8551.000000,14947.000000,-500.000000,3.321375,-21.406222,-2.187174
14949.000000,7947.000000,-500.000000,-0.212598,9.490092,-21.217781
4949.000000,18447.000000,-500.000000,-8.980730,-3.506084,-7.651505
-19551.000000,-10553.000000,-500.000000,9.725412,8.756440,-1.470150
18449.000000,-8053.000000,-500.000000,5.180094,-5.999856,-14.028711
-11551.000000,1947.000000,-500.000000,78.165211,-28.385053,27.702722
14949.000000,-7553.000000,-500.000000,2.905156,-9.484506,-25.188986
13449.000000,-17553.000000,-500.000000,-2.533675,-4.419001,-7.765217
-2551.000000,-5053.000000,-500.000000,-56.243067,90.149281,-3.951533
-9551.000000,2947.000000,-500.000000,89.183989,-56.970076,51.244599
4949.000000,18947.000000,-500.000000,-8.341047,-3.194303,-7.158691
10949.000000,-17553.000000,-500.000000,-4.546751,-3.641624,-8.755849
-51.000000,4947.000000,-500.000000,-50.186740,-109.143435,163.715902
5949.000000,13447.000000,-500.000000,-19.474963,-6.573563,-16.153826
2949.000000,13947.000000,-500.000000,-19.898647,-16.658764,-12.537052
1449.000000,8447.000000,-500.000000,-55.818528,-90.235146,14.522101
-12051.000000,-10553.000000,-500.000000,15.623677,30.918020,-0.016685
-16551.000000,15447.000000,-500.000000,5.685488,-9.251320,-1.553663
1949.000000,6447.000000,-500.000000,-82.831030,-118.745519,64.572652
-551.000000,-20053.000000,-500.000000,-5.894995,5.071870,-5.942346
12449.000000,-17053.000000,-500.000000,-3.442827,-4.467490,-8.754709
13449.000000,-13553.000000,-500.000000,-2.968147,-6.908834,-13.339419
6949.000000,-3053.000000,-500.000000,-229.000792,46.918419,33.258701
8449.000000,14447.000000,-500.000000,-12.286466,0.769421,-13.809984
18449.000000,18447.000000,-500.000000,-0.796208,3.362808,-4.718622
18949.000000,19447.000000,-500.000000,-0.722236,3.025857,-4.141377
6449.000000,18447.000000,-500.000000,-8.333945,-1.598402,-7.783740
-20051.000000,7447.000000,-500.000000,12.899957,-6.770364,-0.884637
-13051.000000,19947.000000,-500.000000,1.643908,-8.188879,-1.960517
-20051.000000,16447.000000,-500.000000,4.374941,-5.945599,-1.332921
-11051.000000,-16553.000000,-500.000000,0.700875,13.468686,-3.533484
-8551.000000,1447.000000,-500.000000,124.066187,-72.908703,113.490383
-6051.000000,3947.000000,-500.000000,73.328889,-85.087051,115.690442
-6051.000000,-10553.000000,-500.000000,-9.626100,53.227690,-4.127472
-10551.000000,-553.000000,-500.000000,119.818064,-11.628185,61.237931
-1551.000000,-18553.000000,-500.000000,-6.666147,7.566504,-6.750785
-7051.000000,13447.000000,-500.000000,3.707808,-30.565240,-1.156015
10949.000000,-4553.000000,-500.000000,-25.369989,-8.042401,-70.498751
7949.000000,-9553.000000,-500.000000,-32.903767,6.660724,-33.598500
2449.000000,-4053.000000,-500.000000,31.018421,120.115453,126.691860
3449.000000,-10053.000000,-500.000000,-27.139257,39.038868,-18.086911
15949.000000,-15053.000000,-500.000000,-0.523422,-5.628029,-8.894201
-13051.000000,14447.000000,-500.000000,7.058271,-14.882037,-1.597510
12449.000000,-18553.000000,-500.000000,-3.046608,-3.761673,-7.192539
18949.000000,-18553.000000,-500.000000,0.151403,-3.634567,-4.812591
3949.000000,-3553.000000,-500.000000,-36.946598,120.933468,225.405972
-5551.000000,1947.000000,-500.000000,32.822058,-83.729578,184.495029
-6551.000000,17447.000000,-500.000000,-1.518341,-15.714743,-3.432066
-5551.000000,11447.000000,-500.000000,5.120435,-49.450676,4.097903
-20051.000000,-4553.000000,-500.000000,16.904762,5.491315,-0.670958
16949.000000,6947.000000,-500.000000,3.468752,7.811863,-17.635309
1449.000000,3947.000000,-500.000000,-68.424550,-92.124819,169.232386
4449.000000,13447.000000,-500.000000,-21.436844,-12.439163,-15.072729
19449.000000,-2053.000000,-500.000000,8.678815,-1.116877,-16.237120
-19051.000000,-17053.000000,-500.000000,3.292052,6.605896,-1.755128
-4551.000000,-18053.000000,-500.000000,-5.316875,10.386202,-5.915303
-17551.000000,-16553.000000,-500.000000,3.579691,7.983325,-1.976685
11449.000000,18447.000000,-500.000000,-4.805554,2.547217,-7.056145
19449.000000,-12053.000000,-500.000000,2.570178,-5.215162,-8.641806
16949.000000,12947.000000,-500.000000,-0.485073,5.837033,-9.477730
5949.000000,-12053.000000,-500.000000,-21.381782,9.723849,-20.843570
-15551.000000,17947.000000,-500.000000,3.480488,-8.301189,-1.703724
7449.000000,2447.000000,-500.000000,-184.668418,-38.982046,-29.271149
-51.000000,-3053.000000,-500.000000,14.150058,107.333968,61.116932
18449.000000,-18553.000000,-500.000000,-0.002889,-3.720803,-4.989566
16949.000000,-15553.000000,-500.000000,-0.008298,-5.137899,-7.710636
15449.000000,12947.000000,-500.000000,-1.851379,6.273041,-10.952130
-12551.000000,-6553.000000,-500.000000,46.060887,36.707173,10.564839
10949.000000,-19553.000000,-500.000000,-3.677196,-2.911689,-6.715937
3949.000000,16947.000000,-500.000000,-11.658308,-6.573553,-9.103134
16949.000000,-6053.000000,-500.000000,6.716993,-6.577876,-20.871091
19449.000000,-20053.000000,-500.000000,0.050040,-3.156486,-4.025641
18949.000000,-9053.000000,-500.000000,4.446232,-5.742313,-12.022390
7449.000000,-13053.000000,-500.000000,-15.580499,1.418152,-18.738241
-15551.000000,11947.000000,-500.000000,10.937145,-13.284136,-1.054742
-20051.000000,-7053.000000,-500.000000,13.921059,7.408027,-1.027488
-1051.000000,4947.000000,-500.000000,-29.909812,-105.977731,174.954055
8949.000000,3447.000000,-500.000000,-85.496711,-4.899157,-75.794519
-4051.000000,6947.000000,-500.000000,27.394560,-115.248033,85.034353
7449.000000,-10553.000000,-500.000000,-27.341683,6.959880,-27.911105
-11051.000000,5447.000000,-500.000000,50.304152,-38.721765,15.840890
-12051.000000,-17053.000000,-500.000000,1.145491,11.830672,-3.158328
14949.000000,-4553.000000,-500.000000,6.414049,-7.204333,-33.598350
-8051.000000,5447.000000,-500.000000,65.193875,-68.869963,45.516113
