x,y,z,Bx,By,Bz
-20051,-20053,0,1.79707358583668,4.74440847663983,-1.66437891464001
-20051,-19553,0,1.99011807358464,4.93723591518806,-1.69886044387346
-20051,-19053,0,2.19936752607728,5.13501675415727,-1.73261860183084
-20051,-18553,0,2.42596180833897,5.3372861361869,-1.76544665071921
-20051,-18053,0,2.67107653556671,5.54345597366262,-1.79711924406751
-20051,-17553,0,2.93591284956806,5.75279821419817,-1.8273925481221
-20051,-17053,0,3.22168398068603,5.96442717888904,-1.85600482715364
-20051,-16553,0,3.52959807751279,6.17728129911505,-1.88267760130247
-20051,-16053,0,3.86083678009473,6.39010471729051,-1.90711749407763
-20051,-15553,0,4.21652903536356,6.60142938212551,-1.9290188911239
-20051,-15053,0,4.59771971675066,6.80955845664516,-1.94806753033215
-20051,-14553,0,5.00533272576084,7.01255206219177,-1.96394513323957
-20051,-14053,0,5.4401284336383,7.20821659349626,-1.97633516670567
-20051,-13553,0,5.90265557749268,7.39409904314813,-1.98492978923537
-20051,-13053,0,6.39319806512816,7.56748794715501,-1.98943798609924
-20051,-12553,0,6.91171756859362,7.72542267868604,-1.98959483023408
-20051,-12053,0,7.45779329126804,7.86471284259662,-1.9851717218224
-20051,-11553,0,8.03056085864405,7.98196942288414,-1.97598736079334
-20051,-11053,0,8.62865287561071,8.07364907491165,-1.96191909782839
-20051,-10553,0,9.25014426417767,8.13611250635607,-1.94291419852726
-20051,-10053,0,9.89250598133869,8.16569724064077,-1.91900045295341
-20051,-9553,0,10.5525710428923,8.15880421087271,-1.89029548149324
-20051,-9053,0,11.2265168676003,8.11199662374534,-1.85701404233136
-20051,-8553,0,11.9098677373411,8.02210842469666,-1.81947264885257
-20051,-8053,0,12.5975205940345,7.88635858093058,-1.77809086746636
-20051,-7553,0,13.2837964479638,7.70246639191392,-1.7333887925168
-20051,-7053,0,13.9625183847431,7.46876226271157,-1.68598038219799
-20051,-6553,0,14.6271156071319,7.18428794887824,-1.63656257689538
-20051,-6053,0,15.2707512557026,6.84888029095316,-1.58590038979058
-20051,-5553,0,15.8864700719804,6.46323294408437,-1.53480843428246
-20051,-5053,0,16.4673604623813,6.02893156097379,-1.4841296063872
-20051,-4553,0,17.0067243411366,5.54845923517177,-1.43471184741506
-20051,-4053,0,17.4982473894698,5.02517064156162,-1.38738405333165
-20051,-3553,0,17.9361621312792,4.46323507775419,-1.34293226036408
-20051,-3053,0,18.3153965014486,3.86755036497292,-1.30207721983632
-20051,-2553,0,18.6317013319769,3.24363117309978,-1.26545438433632
-20051,-2053,0,18.8817513266798,2.59747668333783,-1.23359717438479
-20051,-1553,0,19.0632155399497,1.93542351756357,-1.20692419461899
-20051,-1053,0,19.1747950134591,1.26399050042275,-1.1857308373497
-20051,-553,0,19.2162269522163,0.589722058697913,-1.17018546463933
-20051,-53,0,19.1882565359135,-0.0809630987324863,-1.16033011248352
-20051,447,0,19.0925790636111,-0.741911921973816,-1.15608542666029
-20051,947,0,18.9317565223096,-1.38736037760567,-1.1572593332054
-20051,1447,0,18.7091137611017,-2.01203620277567,-1.16355878103659
-20051,1947,0,18.4286201653963,-2.61123842804375,-1.17460378145807
-20051,2447,0,18.0947630092296,-3.18089253028486,-1.1899429173769
-20051,2947,0,17.712418505397,-3.71758153968582,-1.20906950639059
-20051,3447,0,17.2867260065794,-4.21855473288559,-1.23143767182021
-20051,3947,0,16.8229699139621,-4.68171659123947,-1.25647769280238
-20051,4447,0,16.3264727363918,-5.10559941178171,-1.28361015210665
-20051,4947,0,15.80250154428,-5.48932330202999,-1.3122585588234
-20051,5447,0,15.2561889062238,-5.83254728548457,-1.34186027404051
-20051,5947,0,14.6924683891462,-6.13541495193036,-1.37187569635227
-20051,6447,0,14.1160239156467,-6.39849759175855,-1.40179576107761
-20051,6947,0,13.5312517358198,-6.62273715154848,-1.43114786994041
-20051,7447,0,12.9422334779219,-6.80939072805517,-1.45950039900719
-20051,7947,0,12.3527186566629,-6.95997775030317,-1.48646593897675
-20051,8447,0,11.7661150868648,-7.07623052990031,-1.51170341168631
-20051,8947,0,11.1854858154425,-7.16004850801284,-1.53491918874586
-20051,9447,0,10.6135513934601,-7.21345629231898,-1.55586731930486
-20051,9947,0,10.0526965205855,-7.23856544148373,-1.57434895906084
-20051,10447,0,9.50498027912161,-7.23753989360924,-1.59021108373605
-20051,10947,0,8.97214932009816,-7.21256492179318,-1.60334456774985
-20051,11447,0,8.45565346714121,-7.16581951042642,-1.61368171109487
-20051,11947,0,7.95666326998134,-7.09945206222278,-1.62119330266401
-20051,12447,0,7.47608907835954,-7.01555935585292,-1.62588531375944
-20051,12947,0,7.01460122897575,-6.91616867236752,-1.6277953197104
-20051,13447,0,6.57265095313213,-6.8032229938681,-1.62698874867893
-20051,13947,0,6.15049162803028,-6.67856915307831,-1.62355505443089
-20051,14447,0,5.74820001541835,-6.54394878124893,-1.61760390380283
-20051,14947,0,5.36569715946494,-6.40099186909803,-1.60926146042185
-20051,15447,0,5.00276865167484,-6.25121272528179,-1.59866683458385
-20051,15947,0,4.65908401288391,-6.09600809233579,-1.58596875601555
-20051,16447,0,4.33421498881975,-5.93665716330483,-1.57132251249188
-20051,16947,0,4.02765260370221,-5.77432323406161,-1.55488718373019
-20051,17447,0,3.73882286358979,-5.61005672652828,-1.53682318739839
-20051,17947,0,3.4671010456135,-5.44479932609092,-1.51729014277696
-20051,18447,0,3.21182454920833,-5.27938899065445,-1.49644504812535
-20051,18947,0,2.97230431997996,-5.11456560803326,-1.47444076008415
-20051,19447,0,2.74783488563195,-4.950977100791,-1.45142475746065
-20051,19947,0,2.53770306591442,-4.78918580192154,-1.42753816764078
-19551,-20053,0,1.75434114401816,4.93183984113659,-1.72534532922845
-19551,-19553,0,1.95205118459057,5.14082601115172,-1.76195017347561
-19551,-19053,0,2.1670636397175,5.3559597874829,-1.7977800898336
-19551,-18553,0,2.40067904604964,5.57682469872469,-1.83260170132124
-19551,-18053,0,2.65425163067001,5.80287267327789,-1.86615884331247
-19551,-17553,0,2.92917985280611,6.03340418351897,-1.8981723545403
-19551,-17053,0,3.22689335230231,6.26754688798424,-1.9283403828275
-19551,-16553,0,3.54883563370387,6.50423306550258,-1.95633934406025
-19551,-16053,0,3.89644177896851,6.74217629972907,-1.9818256881851
-19551,-15553,0,4.27111047680184,6.9798480737606,-2.00443863725741
-19551,-15053,0,4.67416969679387,7.21545517218857,-2.02380406509112
-19551,-14553,0,5.10683543852355,7.44691905749606,-2.03953968267548
-19551,-14053,0,5.5701631680213,7.67185867939069,-2.05126167435224
-19551,-13553,0,6.06499183448597,7.88757847222902,-2.05859289289909
-19551,-13053,0,6.59188075455028,8.0910635710491,-2.06117266338923
-19551,-12553,0,7.15104016914663,8.27898449587567,-2.05866816295757
-19551,-12053,0,7.74225691765021,8.44771367211566,-2.05078723547435
-19551,-11553,0,8.36481741906855,8.59335612142933,-2.03729236773364
-19551,-11053,0,9.01743096282072,8.71179641893176,-2.01801540276029
-19551,-10553,0,9.69815713185415,8.79876352191366,-1.99287240554323
-19551,-10053,0,10.4043419231136,8.84991429986106,-1.96187794157276
-19551,-9553,0,11.1325676899342,8.86093553060479,-1.9251578978205
-19551,-9053,0,11.8786222924728,8.82766280511529,-1.88295989049329
-19551,-8553,0,12.6374926959551,8.74621328217874,-1.83566028553355
-19551,-8053,0,13.4033876174362,8.61312767789078,-1.78376692411777
-19551,-7553,0,14.1697926527698,8.42551542730986,-1.72791680602326
-19551,-7053,0,14.9295596435494,8.18119579877394,-1.66886823725661
-19551,-6553,0,15.6750299706849,7.87882705195317,-1.60748727984539
-19551,-6053,0,16.3981891583564,7.51801564570852,-1.54472872301389
-19551,-5553,0,17.0908478611188,7.09939809212674,-1.48161218871557
-19551,-5053,0,17.7448422282745,6.62468930427609,-1.4191943483319
-19551,-4553,0,18.3522450131973,6.09669309733504,-1.358538522758
-19551,-4053,0,18.9055777861381,5.51927270341133,-1.30068313483305
-19551,-3553,0,19.3980143030266,4.89728153931465,-1.24661056564793
-19551,-3053,0,19.8235654817072,4.23645680602426,-1.19721793303846
-19551,-2553,0,20.177237469563,3.54328061163384,-1.15329117368623
-19551,-2053,0,20.4551558330544,2.82481505429536,-1.11548358921219
-19551,-1553,0,20.6546508184239,2.08851899082367,-1.08429973534549
-19551,-1053,0,20.7743007827567,1.34205500643533,-1.06008521390336
-19551,-553,0,20.8139331439915,0.593095377172197,-1.04302259057885
-19551,-53,0,20.774584425704,-0.150864416586366,-1.03313332524842
-19551,447,0,20.6584230577918,-0.882676794533567,-1.0302852832002
-19551,947,0,20.4686404139077,-1.59569115307062,-1.03420511376124
-19551,1447,0,20.2093169955351,-2.28387584907128,-1.04449455646513
-19551,1947,0,19.8852715967761,-2.94190989441635,-1.0606495824417
-19551,2447,0,19.5019016214779,-3.56524317686083,-1.08208121375033
-19551,2947,0,19.0650224480479,-4.15012599818595,-1.10813689100077
-19551,3447,0,18.5807128898212,-4.69361047542588,-1.13812137393358
-19551,3947,0,18.0551724936967,-5.19352772293146,-1.17131634283051
-19551,4447,0,17.4945948259271,-5.64844561402166,-1.20699809437241
-19551,4947,0,16.9050592076241,-6.05761227172475,-1.24445296314963
-19551,5447,0,16.292441774086,-6.42089029601139,-1.28299032006779
-19551,5947,0,15.6623453935976,-6.73868619669572,-1.32195317920662
-19551,6447,0,15.020046988803,-7.01187870390424,-1.36072657212911
-19551,6947,0,14.3704601882308,-7.24174871710335,-1.39874392105932
-19551,7447,0,13.718110971477,-7.42991275993811,-1.43549166636595
-19551,7947,0,13.0671239919922,-7.57826102918717,-1.47051239181214
-19551,8447,0,12.4212174786353,-7.68890051856243,-1.50340665775361
-19551,8947,0,11.7837049410022,-7.76410327864385,-1.53383371190886
-19551,9447,0,11.1575022568444,-7.80625962871113,-1.56151120995471
-19551,9947,0,10.5451390457929,-7.8178360301344,-1.58621405076693
-19551,10447,0,9.94877349883904,-7.80133732085252,-1.60777241601061
-19551,10947,0,9.37021002498412,-7.7592730541835,-1.62606910010087
-19551,11447,0,8.81091919864917,-7.69412774749308,-1.6410362213651
-19551,11947,0,8.27205955726457,-7.60833490250513,-1.65265141453178
-19551,12447,0,7.7545008255582,-7.50425469484685,-1.66093361470276
-19551,12947,0,7.25884814941308,-7.38415524088818,-1.66593855046095
-19551,13447,0,6.78546692241505,-7.25019733718946,-1.66775406679473
-19551,13947,0,6.33450779312652,-7.10442253715608,-1.66649539621437
-19551,14447,0,5.90593145684378,-6.94874438911622,-1.66230048870435
-19551,14947,0,5.49953286426761,-6.78494261690172,-1.65532549901818
-19551,15447,0,5.11496452037958,-6.61465998480331,-1.64574051434944
-19551,15947,0,4.75175859725824,-6.43940155774838,-1.63372558804503
-19551,16447,0,4.4093476408476,-6.26053604732304,-1.61946712710262
-19551,16947,0,4.08708371002255,-6.07929892578407,-1.60315466389074
-19551,17447,0,3.78425584337223,-5.89679699273184,-1.58497802659631
-19551,17947,0,3.50010580192654,-5.71401409157885,-1.56512490919697
-19551,18447,0,3.23384208294019,-5.53181769295945,-1.54377883025003
-19551,18947,0,2.98465223938861,-5.35096608812988,-1.52111746089928
-19551,19447,0,2.75171357175018,-5.17211596456867,-1.49731129592666
-19551,19947,0,2.53420228289147,-4.99583016700299,-1.4725226373731
-19051,-20053,0,1.70261157233417,5.12320025689749,-1.7890795326385
-19051,-19553,0,1.90450334498339,5.34937620426398,-1.82798281087828
-19051,-19053,0,2.12481594896588,5.58305253045235,-1.86605933612368
-19051,-18553,0,2.36502525142514,5.82388023740651,-1.90304586098452
-19051,-18053,0,2.62668233568699,6.07137154298141,-1.93865131697179
-19051,-17553,0,2.91140540242314,6.3248766100309,-1.97255613073318
-19051,-17053,0,3.22086773018797,6.58355804960071,-2.00441209748066
-19051,-16553,0,3.55678084545716,6.84636342596257,-2.03384298569024
-19051,-16053,0,3.92087197478526,7.11199617927542,-2.06044607200491
-19051,-15553,0,4.31485480394984,7.37888562093704,-2.08379482661068
-19051,-15053,0,4.74039256893472,7.64515695032873,-2.10344298390893
-19051,-14553,0,5.19905257391185,7.9086025881575,-2.11893023671248
-19051,-14053,0,5.69225139802495,8.16665651302116,-2.12978977891755
-19051,-13553,0,6.22119034377146,8.41637370648588,-2.13555788576155
-19051,-13053,0,6.78678112205291,8.65441722823829,-2.13578565612508
-19051,-12553,0,7.38956238385787,8.87705581297343,-2.13005294226859
-19051,-12053,0,8.02960850543981,9.08017514580454,-2.11798435531435
-19051,-11553,0,8.70643300239161,9.25930606109538,-2.09926705942848
-19051,-11053,0,9.41889005010951,9.40967274130005,-2.07366985907352
-19051,-10553,0,10.1650787511978,9.52626348914645,-2.0410628533459
-19051,-10053,0,10.942255903263,9.60392574662287,-2.00143669879323
-19051,-9553,0,11.7467639371978,9.63748570952353,-1.95492031406386
-19051,-9053,0,12.5739812466769,9.62189116078452,-1.90179570860122
-19051,-8553,0,13.4183021421244,9.55237411148407,-1.84250855770069
-19051,-8053,0,14.2731529938673,9.42462766091239,-1.77767320756377
-19051,-7553,0,15.1310496996311,9.23498939729111,-1.70807099577589
-19051,-7053,0,15.9836994367398,8.98062193037802,-1.63464111671574
-19051,-6553,0,16.8221468695775,8.65968004616361,-1.55846372808152
-19051,-6053,0,17.6369618199555,8.27145372028081,-1.48073554266781
-19051,-5553,0,18.418462198503,7.81647693925138,-1.40273872052086
-19051,-5053,0,19.1569630977785,7.29659394369962,-1.32580440506821
-19051,-4553,0,19.8430406922784,6.71497697495847,-1.25127267157075
-19051,-4053,0,20.467798217434,6.07609261631247,-1.18045093175543
-19051,-3553,0,21.0231209237091,5.38561705267216,-1.11457294272211
-19051,-3053,0,21.5019075039612,4.65030370959492,-1.05476050339129
-19051,-2553,0,21.8982669437374,3.87780951122688,-1.0019897110214
-19051,-2053,0,22.2076718522054,3.07648823886311,-0.957063327915352
-19051,-1553,0,22.4270618868842,2.25516108632708,-0.920590411320377
-19051,-1053,0,22.5548936988733,1.42287546822072,-0.8929739197292
-19051,-553,0,22.5911367396368,0.588663448904593,-0.874406551633953
-19051,-53,0,22.5372171512039,-0.238689164177526,-0.864874617908621
-19051,447,0,22.3959146744113,-1.05085296890715,-0.86416931631565
-19051,947,0,22.1712199021559,-1.84013581703042,-0.871904389005532
-19051,1447,0,21.8681611027659,-2.59962791716453,-0.887538829271437
-19051,1947,0,21.4926110679082,-3.32330726099466,-0.910403091849308
-19051,2447,0,21.051084862451,-4.00610417722594,-0.939727175674668
-19051,2947,0,20.5505389117596,-4.64392651685942,-0.974669000670047
-19051,3447,0,19.9981806060702,-5.23364935740321,-1.01434168345385
-19051,3947,0,19.4012956977046,-5.77307493715965,-1.0578386034916
-19051,4447,0,18.7670984706573,-6.26086962854655,-1.10425549880515
-19051,4947,0,18.1026072731668,-6.69648508177853,-1.15270918890037
-19051,5447,0,17.4145458074005,-7.0800702834163,-1.20235284582216
-19051,5947,0,16.7092687887377,-7.41238034169686,-1.25238798729668
-19051,6447,0,15.9927093473273,-7.69468654867886,-1.30207353105618
-19051,6947,0,15.2703448720839,-7.92869090334179,-1.35073232658266
-19051,7447,0,14.5471778308039,-8.1164470011466,-1.39775558369438
-19051,7947,0,13.8277283201056,-8.26028813871263,-1.44260556937775
-19051,8447,0,13.1160355620053,-8.36276271275994,-1.48481687019499
-19051,8947,0,12.4156661323853,-8.42657651668204,-1.52399643947164
-19051,9447,0,11.7297272687976,-8.45454131637722,-1.55982258248199
-19051,9947,0,11.0608840864335,-8.44952905497218,-1.59204298772186
-19051,10447,0,10.4113798943218,-8.41443112188095,-1.62047188982435
-19051,10947,0,9.78305904244423,-8.35212226048496,-1.64498644692266
-19051,11447,0,9.17739186043621,-8.26542883063954,-1.6655224260632
-19051,11947,0,8.59550129711502,-8.15710125497211,-1.68206930769684
-19051,12447,0,8.0381908679596,-8.02979054664937,-1.6946649381783
-19051,12947,0,7.50597349313193,-7.88602883895522,-1.70338987247594
-19051,13447,0,6.9991007828485,-7.72821382069405,-1.70836155551611
-19051,13947,0,6.51759231459485,-7.55859693848299,-1.70972848827479
-19051,14447,0,6.06126445437604,-7.37927516946083,-1.7076645147625
-19051,14947,0,5.62975830358397,-7.19218610855821,-1.70236334953004
-19051,15447,0,5.22256640111382,-6.99910606136375,-1.69403344461203
-19051,15947,0,4.83905787231381,-6.80165079337271,-1.68289327157603
-19051,16447,0,4.47850178613968,-6.60127856179434,-1.66916707099939
-19051,16947,0,4.14008855403111,-6.39929504736931,-1.65308109928805
-19051,17447,0,3.82294927355862,-6.19685981001055,-1.63486038293253
-19051,17947,0,3.52617298340658,-5.99499391070893,-1.6147259732722
-19051,18447,0,3.24882185109257,-5.79458837020165,-1.59289268140436
-19051,18947,0,2.98994436008611,-5.59641316950428,-1.56956726259146
-19051,19447,0,2.74858659808801,-5.40112653537573,-1.54494701253952
-19051,19947,0,2.52380177370546,-5.20928429309455,-1.51921873367245
-18551,-20053,0,1.64116712339227,5.31794971378387,-1.85572265183635
-18551,-19553,0,1.84665008646249,5.56235569046078,-1.89711853236688
-18551,-19053,0,2.0716816879843,5.8157862825899,-1.93763690729205
-18551,-18553,0,2.31792755531841,6.07798252072712,-1.97698119044873
-18551,-18053,0,2.58715403446778,6.34854129447554,-2.01482094202201
-18551,-17553,0,2.88122220094094,6.62688842946701,-2.05079052216046
-18551,-17053,0,3.20207764962439,6.91224864667341,-2.08448832750409
-18551,-16553,0,3.55173501167858,7.20361251900356,-2.11547682594079
-18551,-16053,0,3.93225601227988,7.49970074734519,-2.14328364278034
-18551,-15553,0,4.34571977325185,7.79892635410299,-2.16740398762249
-18551,-15053,0,4.7941840013897,8.09935574545003,-2.18730474126929
-18551,-14553,0,5.27963571565613,8.39867002794655,-2.20243054037741
-18551,-14053,0,5.80393029011023,8.69412847737322,-2.2122121967291
-18551,-13553,0,6.36871786548979,8.98253663223429,-2.21607775926399
-18551,-13053,0,6.97535665429365,9.26022208991246,-2.21346646033548
-18551,-12553,0,7.62481337153756,9.52302166818462,-2.20384567361613
-18551,-12053,0,8.31755199438576,9.76628408311426,-2.18673084130699
-18551,-11553,0,9.05341329265525,9.98489258791808,-2.16170809943341
-18551,-11053,0,9.83148904721812,10.1733119988505,-2.12845904453535
-18551,-10553,0,10.6499965025284,10.3256640799749,-2.08678675632854
-18551,-10053,0,11.5061602427033,10.4358342578634,-2.03664184359178
-18551,-9553,0,12.3961101370974,10.4976110191101,-1.97814695264363
-18551,-9053,0,13.3148050231731,10.5048571079464,-1.91161791817895
-18551,-8553,0,14.255992114989,10.4517088881492,-1.83757959928725
-18551,-8053,0,15.2122115050532,10.3327971782738,-1.75677448050639
-18551,-7553,0,16.1748534100262,10.1434798399839,-1.67016236498926
-18551,-7053,0,17.1342729805294,9.88007380052885,-1.57890995443939
-18551,-6553,0,18.0799637140759,9.54007244152812,-1.48436977340385
-18551,-6053,0,19.0007861221238,9.12233373917171,-1.38804869232435
-18551,-5553,0,19.8852437935931,8.62722539512333,-1.29156714334132
-18551,-5053,0,20.7217949151601,8.0567154464467,-1.19661090045286
-18551,-4553,0,21.4991841563578,7.41440025769771,-1.10487791295252
-18551,-4053,0,22.206777963388,6.70546597411381,-1.0180230675471
-18551,-3553,0,22.8348858809326,5.93658395747255,-0.937603878981695
-18551,-3053,0,23.375051469702,5.11574495631832,-0.865029983250142
-18551,-2553,0,23.8202984746074,4.2520404097186,-0.801518976007211
-18551,-2053,0,24.165320804567,3.35540212945968,-0.748060662544613
-18551,-1553,0,24.4066082944557,2.43631357992673,-0.70539122375997
-18551,-1053,0,24.5425038807814,1.50550710303907,-0.673978200473046
-18551,-553,0,24.5731915627615,0.573661770509352,-0.654016583975102
-18551,-53,0,24.5006182150441,-0.348883881622005,-0.645435691456791
-18551,447,0,24.3283558389393,-1.25239118081275,-0.647915917930532
-18551,947,0,24.0614140052695,-2.12794164395986,-0.660913918964833
-18551,1447,0,23.7060148090174,-2.96760999194634,-0.683694332310122
-18551,1947,0,23.2693443468291,-3.76458493043359,-0.715365840587163
-18551,2447,0,22.7592953025607,-4.5132365260285,-0.754919256598096
-18551,2947,0,22.1842145610342,-5.20913274467589,-0.80126540149691
-18551,3447,0,21.5526679195116,-5.84901101158921,-0.853270836925872
-18551,3947,0,20.8732311756915,-6.43071311356504,-0.909789962156598
-18551,4447,0,20.1543135354149,-6.95309314178316,-0.969692526711412
-18551,4947,0,19.4040158678716,-7.41590839574413,-1.03188615565783
-18551,5447,0,18.630023277658,-7.81970236175384,-1.09533396308262
-18551,5947,0,17.8395290877155,-8.16568731286236,-1.15906768532271
-18551,6447,0,17.0391858022067,-8.45563210211118,-1.22219697498085
-18551,6947,0,16.2350779480289,-8.69175868467745,-1.28391556532042
-18551,7447,0,15.4327117490831,-8.87664908858451,-1.343504971074
-18551,7947,0,14.6370171609269,-9.01316313856037,-1.40033627656783
-18551,8447,0,13.8523586530731,-9.10436629309646,-1.45387041772942
-18551,8947,0,13.0825520630977,-9.15346645882311,-1.50365722624776
-18551,9447,0,12.3308857041014,-9.16375851384696,-1.54933339505092
-18551,9947,0,11.6001445904272,-9.13857538899204,-1.59061945538737
-18551,10447,0,10.8926371205697,-9.08124480704464,-1.62731582647825
-18551,10947,0,10.2102238302112,-8.99505106891004,-1.65929800180018
-18551,11447,0,9.55434794083232,-8.88320153360636,-1.68651095956922
-18551,11947,0,8.92606743061723,-8.7487976273017,-1.70896291749582
-18551,12447,0,8.32608829476687,-8.59481032276044,-1.72671858308583
-18551,12947,0,7.75479858403335,-8.42406005996315,-1.7398920736633
-18551,13447,0,7.21230274336511,-8.23920104863312,-1.74863969106246
-18551,13947,0,6.69845573424986,-8.04270982493722,-1.75315273396749
-18551,14447,0,6.21289642196015,-7.8368778491547,-1.75365051700036
-18551,14947,0,5.75507974052088,-7.62380784543382,-1.75037374306444
-18551,15447,0,5.32430720797732,-7.40541351194828,-1.74357834687593
-18551,15947,0,4.91975544334424,-7.1834221767133,-1.7335298965719
-18551,16447,0,4.54050242545927,-6.95937994426792,-1.72049860927636
-18551,16947,0,4.18555132461236,-6.73465887081316,-1.70475500778584
-18551,17447,0,3.85385182362406,-6.51046571746569,-1.68656622054414
-18551,17947,0,3.54431892162717,-6.28785185907354,-1.66619290643112
-18551,18447,0,3.25584927823079,-6.0677239651831,-1.6438867700441
-18551,18947,0,2.98733520702315,-5.85085511580632,-1.61988862178405
-18551,19447,0,2.73767646545659,-5.63789606405053,-1.59442692984652
-18551,19947,0,2.50579001415648,-5.4293864072084,-1.56771680747129
-18051,-20053,0,1.56928492078389,5.51544279036789,-1.92542079216168
-18051,-19553,0,1.77765204886458,5.77911568570274,-1.9695246912327
-18051,-19053,0,2.00669076183742,6.05352118678951,-2.01270317980244
-18051,-18553,0,2.25827015346918,6.33851668005369,-2.05462266755388
-18051,-18053,0,2.53438986800768,6.63381266885076,-2.09490852116942
-18051,-17553,0,2.83717714622355,6.93894205726718,-2.13314281430615
-18051,-17053,0,3.16887948464697,7.2532252421823,-2.1688626576236
-18051,-16553,0,3.53185163601738,7.57573095528901,-2.20155937006423
-18051,-16053,0,3.92853547029752,7.90523301365229,-2.23067880812218
-18051,-15553,0,4.36143102005442,8.24016344336372,-2.25562322641771
-18051,-15053,0,4.83305687715986,8.57856285207039,-2.27575509613928
-18051,-14553,0,5.34589802568042,8.9180294556829,-2.29040335016872
-18051,-14053,0,5.90233923548693,9.25566881724935,-2.2988725455046
-18051,-13553,0,6.50458236035172,9.58804712342962,-2.30045542216906
-18051,-13053,0,7.15454634884222,9.91115167706725,-2.29444927831426
-18051,-12553,0,7.85374955372626,10.2203631658971,-2.28017645750049
-18051,-12053,0,8.60317507388711,10.5104450846602,-2.25700904120034
-18051,-11553,0,9.40312141504807,10.7755563102,-2.22439754639544
-18051,-11053,0,10.2530426990841,11.0092930888037,-2.18190304293979
-18051,-10553,0,11.1513849049744,11.2047664018879,-2.12923163971296
-18051,-10053,0,12.0954270174153,11.3547196414417,-2.06626977344062
-18051,-9553,0,13.081138223224,11.4516896044406,-1.99311822137075
-18051,-9053,0,14.1030640728625,11.4882109514019,-1.91012232167414
-18051,-8553,0,15.1542554038076,11.4570605587552,-1.81789560999654
-18051,-8053,0,16.2262534071462,11.3515338995703,-1.71733405379711
-18051,-7553,0,17.3091422170158,11.1657411741192,-1.60961835593124
-18051,-7053,0,18.3916767257671,10.8949069869165,-1.49620243329903
-18051,-6553,0,19.4614881657971,10.5356545901128,-1.3787871266071
-18051,-6053,0,20.5053638422416,10.0862546577425,-1.25927937139468
-18051,-5553,0,21.5095909849543,9.54681956740587,-1.13973831395122
-18051,-5053,0,22.460348863598,8.91942725606534,-1.02231101724063
-18051,-4553,0,23.3441288624675,8.20816353125247,-0.909161310622992
-18051,-4053,0,24.1481596888318,7.41907761275894,-0.802395879413569
-18051,-3553,0,24.860814487073,6.56005186585388,-0.703991823496808
-18051,-3053,0,25.4719781859145,5.64059242857227,-0.615729670410736
-18051,-2553,0,25.9733564847521,4.6715521994764,-0.539135294646875
-18051,-2053,0,26.3587119450013,3.66480118978195,-0.475433481189715
-18051,-1553,0,26.6240172047765,2.63286155859035,-0.425515075080676
-18051,-1053,0,26.7675200497199,1.58852589256995,-0.389918843160667
-18051,-553,0,26.7897197928715,0.54447762064808,-0.368828363888819
-18051,-53,0,26.6932590854348,-0.487068067148748,-0.36208345820035
-18051,447,0,26.4827398242038,-1.49468586077534,-0.36920488266886
-18051,947,0,26.1644760455232,-2.46801006307193,-0.389430254256988
-18051,1447,0,25.7462002471909,-3.397941517626,-0.421758526255831
-18051,1947,0,25.2367420021044,-4.27678539817705,-0.46499987397679
-18051,2447,0,24.6456985897138,-5.09831872653842,-0.517827661028162
-18051,2947,0,23.983116420327,-5.85779174608421,-0.578829295047578
-18051,3447,0,23.2591993064455,-6.55187191410437,-0.646553240367237
-18051,3947,0,22.4840555132547,-7.17854266611692,-0.719550166508111
-18051,4447,0,21.667490622934,-7.73697084249566,-0.796407057894432
-18051,4947,0,20.8188483123373,-8.22735666219285,-0.875773953147015
-18051,5447,0,19.94689685053,-8.65077860210112,-0.956383697009821
-18051,5947,0,19.0597559551348,-9.00904295719945,-1.03706558894735
-18051,6447,0,18.1648568181781,-9.30454478250663,-1.11675406859037
-18051,6947,0,17.2689275724831,-9.54014389511357,-1.19449360876009
-18051,7447,0,16.3779969667605,-9.71905705532939,-1.26944084787964
-18051,7947,0,15.4974101938916,-9.84476558489038,-1.34086475794366
-18051,8447,0,14.6318523017348,-9.92093657414927,-1.40814538236228
-18051,8947,0,13.7853760974373,-9.95135539741203,-1.4707714448485
-18051,9447,0,12.9614327189059,-9.93986733042731,-1.52833695915833
-18051,9947,0,12.1629039806321,-9.89032645196102,-1.58053687106081
-18051,10447,0,11.3921361843906,-9.80655053255018,-1.62716173261222
-18051,10947,0,10.6509753617108,-9.69228112821703,-1.66809142788243
-18051,11447,0,9.94080396145072,-9.55114851609209,-1.70328801815656
-18051,11947,0,9.26257889945337,-9.38664139085868,-1.73278783343762
-18051,12447,0,8.616870726762,-9.20208138253626,-1.75669299027856
-18051,12947,0,8.00390350876346,-9.00060247756708,-1.77516255367803
-18051,13447,0,7.42359487954897,-8.78513536112272,-1.78840357827767
-18051,13947,0,6.87559566295516,-8.55839658435073,-1.79666226155591
-18051,14447,0,6.35932843850354,-8.32288232870387,-1.80021542188792
-18051,14947,0,5.87402446945879,-8.08086641500501,-1.79936248215188
-18051,15447,0,5.41875848946146,-7.83440210393375,-1.79441809985405
-18051,15947,0,4.99248094852658,-7.58532716521872,-1.78570554249579
-18051,16447,0,4.59404743506135,-7.33527165732134,-1.7735508658026
-18051,16947,0,4.22224510622841,-7.08566785483104,-1.75827791539764
-18051,17447,0,3.87581606584899,-6.83776178257729,-1.74020414113145
-18051,17947,0,3.5534777216587,-6.59262585647128,-1.71963718844226
-18051,18447,0,3.25394022910166,-6.3511721855621,-1.69687221283501
-18051,18947,0,2.97592118637029,-6.11416615126569,-1.67218985131994
-18051,19447,0,2.71815778580636,-5.88223994356445,-1.64585477775637
-18051,19947,0,2.47941665184099,-5.6559057964192,-1.61811476652922
-17551,-20053,0,1.48624745129418,5.71492038341854,-1.99832424612361
-17551,-19553,0,1.69666607029213,5.99887861838739,-2.04537517768658
-17551,-19053,0,1.92885720403491,6.29547236117946,-2.09145793743934
-17551,-18553,0,2.18490577949789,6.60470569710354,-2.13619813290453
-17551,-18053,0,2.46706171500791,6.92643664761323,-2.17917181509319
-17551,-17553,0,2.77774111671512,7.26034266557108,-2.21990202017104
-17551,-17053,0,3.11952309804459,7.6058806766387,-2.25785584315404
-17551,-16553,0,3.49514072259899,7.96224135897584,-2.29244235353945
-17551,-16053,0,3.90746426823667,8.3282975641436,-2.3230117409416
-17551,-15553,0,4.35947470041446,8.70254710373283,-2.34885616360155
-17551,-15053,0,4.85422495427841,9.08305058566073,-2.36921285878387
-17551,-14553,0,5.39478639962539,9.4673656078361,-2.38327015305678
-17551,-14053,0,5.98417775976147,9.85247942419754,-2.39017706986327
-17551,-13553,0,6.62527385264877,10.2347431945951,-2.38905725436453
-17551,-13053,0,7.32069191527572,10.6098120964547,-2.3790278995321
-17551,-12553,0,8.0726540669562,10.9725968565395,-2.35922423738135
-17551,-12053,0,8.88282576916039,11.3172335490328,-2.32882992858902
-17551,-11553,0,9.75213203147909,11.6370796343739,-2.28711331934834
-17551,-11053,0,10.680555625041,11.9247449505346,-2.23346902323672
-17551,-10553,0,11.666924634985,12.1721664290881,-2.16746363400369
-17551,-10053,0,12.7087001221034,12.3707343850167,-2.08888361665066
-17551,-9553,0,13.8017781226427,12.5114760460417,-1.99778262816844
-17551,-9053,0,14.9403231864256,12.5852983821739,-1.89452479286851
-17551,-8553,0,16.1166525099959,12.5832873094211,-1.77981993679613
-17551,-8053,0,17.3211898109356,12.4970542964133,-1.65474661828689
-17551,-7553,0,18.5425058799946,12.3191149394892,-1.52075910268358
-17551,-7053,0,19.7674579972001,12.0432781036623,-1.3796752849891
-17551,-6553,0,20.9814333022495,11.6650197989037,-1.23364393770549
-17551,-6053,0,22.1686924645693,11.181814027426,-1.08509141612374
-17551,-5553,0,23.312800733318,10.5933940046682,-0.936649856313181
-17551,-5053,0,24.3971250111339,9.90192148466883,-0.791070666743191
-17551,-4553,0,25.4053692472657,9.1120488535359,-0.651128471554176
-17551,-4053,0,26.3221170445202,8.23086713885685,-0.519521424704706
-17551,-3553,0,27.1333501749188,7.26774183450594,-0.398773920543543
-17551,-3053,0,27.826914336866,6.23404628862108,-0.291147253438553
-17551,-2553,0,28.3929081575517,5.1428085722287,-0.198562898012757
-17551,-2053,0,28.8239772056801,4.00829198410393,-0.122541994118421
-17551,-1553,0,29.1155008539142,2.84553185076299,-0.0641634918784815
-17551,-1053,0,29.2656657933939,1.66985247415471,-0.0240423283316589
-17551,-553,0,29.275425791216,0.496388338636256,-0.00232797293502085
-17551,-53,0,29.1483530338265,-0.660366860891458,0.00127734842258226
-17551,447,0,28.8903922063061,-1.7869613461906,-0.0125175024368979
-17551,947,0,28.5095341477994,-2.87131739807773,-0.0426438522078393
-17551,1447,0,28.0154309750769,-3.90297989863345,-0.0877358254557842
-17551,1947,0,27.4189782018214,-4.87327280843185,-0.146199769363644
-17551,2447,0,26.7318908091796,-5.77536241515602,-0.216285655482173
-17551,2947,0,25.9662989340957,-6.60423374125929,-0.296155818665648
-17551,3447,0,25.1343848350364,-7.35659317795203,-0.383947117060025
-17551,3947,0,24.2480766405543,-8.03071518745899,-0.477823733760202
-17551,4447,0,23.3188071007047,-8.62625312424203,-0.576019187220599
-17551,4947,0,22.3573383413869,-9.14403375011724,-0.676867435180356
-17551,5447,0,21.3736475440468,-9.58585227118416,-0.778824034671596
-17551,5947,0,20.3768642578266,-9.95428049875961,-0.880479024417131
-17551,6447,0,19.375247955756,-10.2524959645253,-0.980563488117452
-17551,6947,0,18.3761942961528,-10.4841353487318,-1.07795168786304
-17551,7447,0,17.3862598691767,-10.6531720065359,-1.17166033424326
-17551,7947,0,16.4111973872042,-10.7638149920276,-1.26084611265521
-17551,8447,0,15.4559957310697,-10.8204257854079,-1.34480213017448
-17551,8947,0,14.5249215332781,-10.8274487266281,-1.42295356897529
-17551,9447,0,13.6215607807351,-10.7893516433884,-1.49485257427148
-17551,9947,0,12.7488601398141,-10.7105740117282,-1.5601722749368
-17551,10447,0,11.9091683670278,-10.5954809303245,-1.61869981453475
-17551,10947,0,11.1042783747802,-10.4483220307626,-1.67032832628458
-17551,11447,0,10.3354704167583,-10.2731950772899,-1.71504788115031
-17551,11947,0,9.60355658336771,-10.074014396104,-1.75293554180007
-17551,12447,0,8.90892647248372,-9.85448443463892,-1.78414474340228
-17551,12947,0,8.2515936080168,-9.61807873433975,-1.80889428169155
-17551,13447,0,7.6312419661596,-9.36802446695123,-1.82745721494361
-17551,13947,0,7.04727185479781,-9.10729249224645,-1.84014998143356
-17551,14447,0,6.49884437135324,-8.83859269188985,-1.84732200398765
-17551,14947,0,5.98492372173372,-8.56437415349679,-1.84934600607137
-17551,15447,0,5.5043167948452,-8.28682964015782,-1.84660920792645
-17551,15947,0,5.05570953042677,-8.00790369202401,-1.83950551316976
-17551,16447,0,4.63769977214973,-7.72930366686815,-1.82842874162567
-17551,16947,0,4.24882644737128,-7.45251302989622,-1.81376691630664
-17551,17447,0,3.8875950486721,-7.17880624014466,-1.79589757352558
-17551,17947,0,3.55249950428169,-6.90926464161915,-1.77518403543783
-17551,18447,0,3.24204061193727,-6.64479284281338,-1.75197256385418
-17551,18947,0,2.9547412740862,-6.3861351501845,-1.72659030161899
-17551,19447,0,2.68915881351718,-6.13389170346541,-1.69934390220128
-17551,19947,0,2.44389467068294,-5.88853403876513,-1.67051874776993
-17051,-20053,0,1.39135511105082,5.915502322552,-2.07458639445744
-17051,-19553,0,1.60285878418647,6.22072805576781,-2.12484943837994
-17051,-19053,0,1.8371936544108,6.54069650538615,-2.17410960267827
-17051,-18553,0,2.09667076455917,6.87559296227257,-2.22194785679142
-17051,-18053,0,2.38380536187345,7.2254621447323,-2.26788560484088
-17051,-17553,0,2.70132355618787,7.59017011703665,-2.31137963955546
-17051,-17053,0,3.05216486182207,7.96935931165714,-2.35181751307433
-17051,-16553,0,3.43947890569813,8.36239600555504,-2.38851368186133
-17051,-16053,0,3.86661416701309,8.76830978106672,-2.42070688992001
-17051,-15553,0,4.33709615866954,9.18572481351061,-2.44755937615812
-17051,-15053,0,4.85459199450011,9.61278331259305,-2.46815862365109
-17051,-14553,0,5.42285785511438,10.0470621479554,-2.48152250129854
-17051,-14053,0,6.04566553953401,10.4854846525424,-2.4866087670402
-17051,-13553,0,6.72670416918493,10.924230851159,-2.4823299841325
-17051,-13053,0,7.46945332712843,11.3586509087863,-2.46757491701256
-17051,-12553,0,8.27702462760202,11.7831883923286,-2.44123738286127
-17051,-12053,0,9.15197009419769,12.1913218800816,-2.40225329490825
-17051,-11553,0,10.0960579432309,12.5755353347207,-2.34964619988074
-17051,-11053,0,11.1100195328547,12.9273291696252,-2.28258095100967
-17051,-10553,0,12.1932753465095,13.2372846721581,-2.20042425924358
-17051,-10053,0,13.3436527486819,13.4951939129751,-2.10280975925639
-17051,-9553,0,14.5571134547316,13.6902649808966,-1.98970400023456
-17051,-9053,0,15.8275134923766,13.8114079699728,-1.86146857715481
-17051,-8553,0,17.1464219552592,13.84760051764,-1.71891267000655
-17051,-8053,0,18.5030259963059,13.7883231882971,-1.56332980344979
-17051,-7553,0,19.8841473259384,13.624045483981,-1.39651290855598
-17051,-7053,0,21.274389415423,13.3467341136397,-1.2207429065471
-17051,-6553,0,22.6564247917273,12.9503480402172,-1.03874803509845
-17051,-6053,0,24.0114192254916,12.4312813586047,-0.853633800210922
-17051,-5553,0,25.3195760102583,11.7887163266641,-0.668786380355718
-17051,-5053,0,26.5607710938077,11.0248550566917,-0.487755047749604
-17051,-4553,0,27.7152406253301,10.1450085944502,-0.314121235005608
-17051,-4053,0,28.764277916911,9.15753460661734,-0.151362943854781
-17051,-3553,0,29.6908972150936,8.07362751373148,-0.00272318417243908
-17051,-3053,0,30.4804262792864,6.90697572845596,0.12890978784759
-17051,-2553,0,31.1209970647551,5.6733085325457,0.241104156477852
-17051,-2053,0,31.6039121358452,4.38985986967257,0.33196357110264
-17051,-1553,0,31.9238725193314,3.07477857953346,0.400180519746405
-17051,-1053,0,32.0790600210492,1.74651534632142,0.445062455156084
-17051,-553,0,32.071073774783,0.42321669641351,0.466530320837835
-17051,-53,0,31.9047275682166,-0.877844004533754,0.465090370998179
-17051,447,0,31.5877217877155,-2.14076986776663,0.441781561299754
-17051,947,0,31.1302115819982,-3.35145241763225,0.398102317006073
-17051,1447,0,30.5443002694892,-4.49787197638243,0.335922004574653
-17051,1947,0,29.843492739401,-5.57027461218665,0.25738365027779
-17051,2447,0,29.0421461477557,-6.56122418359581,0.164805041493403
-17051,2947,0,28.1549535733601,-7.46553911096663,0.060585084722787
-17051,3447,0,27.1964903641421,-8.28013338436637,-0.0528788533319577
-17051,3947,0,26.180843583876,-9.00378821586779,-0.173258738556986
-17051,4447,0,25.1213339606062,-9.63688356786739,-0.298347090327711
-17051,4947,0,24.0303290283262,-10.1811173961887,-0.426092014801174
-17051,5447,0,22.9191374744993,-10.6392356145528,-0.554618076745133
-17051,5947,0,21.7979691319404,-11.0147888941734,-0.682236017335854
-17051,6447,0,20.6759428532515,-11.3119250086754,-0.80744461102005
-17051,6947,0,19.5611252414097,-11.5352188429138,-0.928927661422703
-17051,7447,0,18.4605859984004,-11.6895372592681,-1.0455484703246
-17051,7947,0,17.3804594690595,-11.7799330746579,-1.15634330177582
-17051,8447,0,16.3260058833693,-11.811561314111,-1.26051459675672
-17051,8947,0,15.3016691808546,-11.7896112480667,-1.35742409831068
-17051,9447,0,14.3111307845193,-11.7192489516596,-1.44658567607645
-17051,9947,0,13.3573601986518,-11.6055667299227,-1.52765748663134
-17051,10447,0,12.4426639483923,-11.4535373302241,-1.60043312635046
-17051,10947,0,11.5687343774511,-11.2679721561984,-1.6648315642041
-17051,11447,0,10.7366994213466,-11.0534835884828,-1.72088582083166
-17051,11947,0,9.94717389987836,-10.8144519998262,-1.76873053730998
-17051,12447,0,9.20031229388628,-10.5549981882203,-1.80858871883368
-17051,12947,0,8.4958624958435,-10.2789618386393,-1.84075802852914
-17051,13447,0,7.83321970305376,-9.98988636380832,-1.86559704227254
-17051,13947,0,7.21147946494773,-9.6910101559181,-1.8835118632627
-17051,14447,0,6.62948888226647,-9.38526397136145,-1.89494344727578
-17051,14947,0,6.08589505150711,-9.0752739118658,-1.9003559192689
-17051,15447,0,5.57919001432084,-8.76336927911493,-1.90022608177603
-17051,15947,0,5.10775167327577,-8.451594470671,-1.89503423545076
-17051,16447,0,4.66988034367327,-8.14172404646147,-1.88525635911947
-17051,16947,0,4.26383080541899,-7.83528011407611,-1.8713576353365
-17051,17447,0,3.8878398864582,-7.53355124314113,-1.85378725936109
-17051,17947,0,3.54014974367121,-7.23761220849419,-1.83297443493599
-17051,18447,0,3.21902710715627,-6.94834396650795,-1.80932543809794
-17051,18947,0,2.92277882145799,-6.66645337760038,-1.78322161865766
-17051,19447,0,2.64976405664043,-6.39249229350854,-1.75501820589156
-17051,19947,0,2.39840357810743,-6.12687572508045,-1.72504378835576
-16551,-20053,0,1.28394088772018,6.11618132840162,-2.15436224223968
-16551,-19553,0,1.49542289127631,6.44359989817042,-2.2081310807603
-16551,-19053,0,1.73072914239173,6.78807958971885,-2.26087400656848
-16551,-18553,0,1.99240412419377,7.15002557887486,-2.31212360867846
-16551,-18053,0,2.28324050346442,7.52971390211013,-2.36134124055743
-16551,-17553,0,2.60629275099263,7.92725029009288,-2.40790992161531
-16551,-17053,0,2.96488724677859,8.34252050983385,-2.45112744431943
-16551,-16553,0,3.36262696943116,8.775131117706,-2.49020008392173
-16551,-16053,0,3.80338831949103,9.22433963942758,-2.52423744921303
-16551,-15553,0,4.29130699340913,9.68897345462698,-2.55224918132834
-16551,-15053,0,4.83074912973633,10.1673371326868,-2.57314440059227
-16551,-14553,0,5.42626323639144,10.6571087125786,-2.58573501005027
-16551,-14053,0,6.08250775516583,11.1552265173236,-2.58874417233318
-16551,-13553,0,6.80414864754503,11.6577696120824,-2.58082145629658
-16551,-13053,0,7.59572126662782,12.1598369996701,-2.56056626048428
-16551,-12553,0,8.46145123997073,12.6554330931408,-2.52656110620854
-16551,-12053,0,9.40503039971328,13.1373698207808,-2.47741618416533
-16551,-11553,0,10.4293462489768,13.5971986842581,-2.41182605833043
-16551,-11053,0,11.5361672998102,14.0251888184088,-2.32863860727981
-16551,-10553,0,12.7257919856089,14.410369014637,-2.22693507076765
-16551,-10053,0,13.9966756282743,14.7406520240176,-2.10611847797432
-16551,-9553,0,15.3450576515389,15.0030574241572,-1.96600586037149
-16551,-9053,0,16.7646189429126,15.1840441796318,-1.80691770668037
-16551,-8553,0,18.2462055803139,15.2699553608306,-1.62975642832883
-16551,-8053,0,19.77765834267,15.2475655605972,-1.43606458562161
-16551,-7553,0,21.3437858264867,15.1047074872646,-1.22805369857903
-16551,-7053,0,22.9265114272968,14.8309400612661,-1.00859593867744
-16551,-6553,0,24.5052108156993,14.4182088023032,-0.781173927294807
-16551,-6053,0,26.0572381788314,13.8614431217159,-0.549787968596083
-16551,-5553,0,27.5586191549556,13.1590363235188,-0.318824691169766
-16551,-5053,0,28.9848696730635,12.3131631377471,-0.0928954167382421
-16551,-4553,0,30.3118863313213,11.3299050574873,0.123344219877709
-16551,-4053,0,31.5168478474367,10.2191726251928,0.325380374747301
-16551,-3553,0,32.5790689283972,8.99443241086362,0.509020120451906
-16551,-3053,0,33.4807561099116,7.67226151150747,0.67055268446832
-16551,-2553,0,34.2076268781069,6.27176220513987,0.80688448807757
-16551,-2053,0,34.749365684071,4.8138739815692,0.915642353625748
-16551,-1553,0,35.0999011641126,3.32062111035812,0.995241502205716
-16551,-1053,0,35.2574973678489,1.81433334284064,1.04491664685952
-16551,-553,0,35.2246589058331,0.316876962894104,1.06471580658886
-16551,-53,0,35.0078572550323,-1.15106634933527,1.05545782422174
-16551,447,0,34.6170943690126,-2.57063544856317,1.01865632155884
-16551,947,0,34.065330479436,-3.92530532212428,0.956415062841123
-16551,1447,0,33.3678142938047,-5.20125352659469,0.871302158984927
-16551,1947,0,32.5413632326352,-6.38755978921138,0.766212673410453
-16551,2447,0,31.6036461262803,-7.47623627172811,0.644230340759244
-16551,2947,0,30.5725189128106,-8.46210274960691,0.508498811279165
-16551,3447,0,29.4654549913805,-9.34253599602181,0.362110992366864
-16551,3947,0,28.299097512189,-10.1171329027835,0.208022013584373
-16551,4447,0,27.0889439462927,-10.7873304747101,0.0489877541289085
-16551,4947,0,25.849157151125,-11.3560226845391,-0.11247249693895
-16551,5447,0,24.5924846553658,-11.8272057522752,-0.274093201145754
-16551,5947,0,23.3302606200123,-12.205672156793,-0.4338648506168
-16551,6447,0,22.07246306324,-12.4967621926171,-0.590026830221944
-16551,6947,0,20.827801485715,-12.7061722182959,-0.741055563203486
-16551,7447,0,19.6038153848811,-12.8398120834599,-0.885651347068027
-16551,7947,0,18.4069705890713,-12.9037008338927,-1.02272585458017
-16551,8447,0,17.2427464658478,-12.9038892372406,-1.15139101476976
-16551,8947,0,16.1157119573498,-12.8463991159257,-1.27094908031108
-16551,9447,0,15.02959168209,-12.7371719944435,-1.38088318386484
-16551,9947,0,13.9873250488545,-12.5820223625408,-1.48084754416592
-16551,10447,0,12.9911217500126,-12.3865933532341,-1.57065660542818
-16551,10947,0,12.0425165484734,-12.1563145197985,-1.65027266733254
-16551,11447,0,11.1424253531285,-11.8963625726378,-1.71979188472239
-16551,11947,0,10.2912035271979,-11.6116264639096,-1.77942881000599
-16551,12447,0,9.48870642416355,-11.3066782298074,-1.82949987199635
-16551,12947,0,8.73435142611277,-10.9857506919611,-1.870406314732
-16551,13447,0,8.02718031305095,-10.6527226432434,-1.90261716236866
-16551,13947,0,7.36592060421705,-10.3111116295304,-1.9266527472544
-16551,14447,0,6.74904453422715,-9.96407397650234,-1.94306925966267
-16551,14947,0,6.17482449569223,-9.61441134923119,-1.95244467102903
-16551,15447,0,5.64138403434667,-9.26458289055846,-1.95536626670213
-16551,15947,0,5.14674377086811,-8.91672185848702,-1.95241991324401
-16551,16447,0,4.68886190675726,-8.57265565567898,-1.94418108822095
-16551,16947,0,4.26566922434652,-8.23392819306925,-1.93120762215233
-16551,17447,0,3.87509869949271,-7.90182363028834,-1.91403404404901
-16551,17947,0,3.51511000472986,-7.57739066675612,-1.89316738289146
-16551,18447,0,3.18370929209624,-7.26146670133412,-1.86908425500497
-16551,18947,0,2.87896471351332,-6.95470132194594,-1.84222905858906
-16551,19447,0,2.59901816974088,-6.65757872099746,-1.81301309828693
-16551,19947,0,2.34209378408203,-6.37043875194069,-1.78181447180134
-16051,-20053,0,1.16338718499751,6.31581884276868,-2.23780653070514
-16051,-19553,0,1.37359619465906,6.66627547509673,-2.29540598170819
-16051,-19053,0,1.608530382883,7.03632637440745,-2.35197259048771
-16051,-18553,0,1.8709710456215,7.4266392741363,-2.40698709152994
-16051,-18053,0,2.1639961719703,7.83777155269359,-2.45984550352844
-16051,-17553,0,2.49100269082081,8.27012683566433,-2.50984941948573
-16051,-17053,0,2.85572624481645,8.72390141442827,-2.55619615864215
-16051,-16553,0,3.26225647788575,9.19901881936472,-2.5979691993135
-16051,-16053,0,3.71504512842688,9.69505088512215,-2.63412949250945
-16051,-15553,0,4.21890338079797,10.21112379829,-2.66350848184026
-16051,-15053,0,4.77898395106094,10.7458080045417,-2.68480392646733
-16051,-14553,0,5.40074230292523,11.2969915724088,-2.69657993571785
-16051,-14053,0,6.08987028191058,11.8617377835743,-2.69727296083326
-16051,-13553,0,6.85219445437082,12.4361294712679,-2.68520582027189
-16051,-13053,0,7.69353075464642,13.0151050742194,-2.65861210895733
-16051,-12553,0,8.61948698271386,13.5922945819399,-2.61567348161518
-16051,-12053,0,9.63520565603976,14.1598674867008,-2.55457220165052
-16051,-11553,0,10.7450421755834,14.708409327819,-2.47356088232622
-16051,-11053,0,11.9521777008178,15.2268479664662,-2.37105038007752
-16051,-10553,0,13.2581729166835,15.7024546010097,-2.24571521630085
-16051,-10053,0,14.6624781022877,16.1209466280923,-2.09661365719958
-16051,-9553,0,16.161926146076,16.466718424447,-1.92331675306315
-16051,-9053,0,17.7502472313282,16.7232205971784,-1.72603749833041
-16051,-8553,0,19.4176548320724,16.8734972320258,-1.50574831307107
-16051,-8053,0,21.1505596911168,16.9008740751701,-1.26427295157257
-16051,-7553,0,22.9314686411253,16.7897697474528,-1.00433847948325
-16051,-7053,0,24.7391161207977,16.5265800090298,-0.729574759085156
-16051,-6553,0,26.5488573005238,16.1005661426029,-0.444453178625429
-16051,-6053,0,28.3333245848913,15.5046674943543,-0.154162778205737
-16051,-5553,0,30.0633182264885,14.7361588240284,0.135570580253434
-16051,-5053,0,31.7088729530998,13.7970865214156,0.418709281846068
-16051,-4553,0,33.240421986088,12.694441713739,0.689155436374532
-16051,-4053,0,34.629971698869,11.4400576101393,0.941008822036582
-16051,-3553,0,35.8522050434838,10.0502465611004,1.16881241904242
-16051,-3053,0,36.8854467483404,8.54521363165258,1.36777017173649
-16051,-2553,0,37.712442804555,6.94829518577778,1.53392624927732
-16051,-2053,0,38.3209253634457,5.28507375949436,1.66429943163852
-16051,-1553,0,38.703948201682,3.5824178351918,1.75696940354744
-16051,-1053,0,38.8599867396662,1.8674914640596,1.81111352852505
-16051,-553,0,38.792802424375,0.166777389936033,1.82699365549607
-16051,-53,0,38.5110777759999,-1.49484075170181,1.8058936224724
-16051,447,0,38.0278387317482,-3.09488845626956,1.75001020326884
-16051,947,0,37.3596960697937,-4.61395345962006,1.66230358887416
-16051,1447,0,36.5259556247564,-6.03613904786643,1.54631764831223
-16051,1947,0,35.5476632002746,-7.3492896787095,1.40598409028054
-16051,2447,0,34.4466592500652,-8.54498367038682,1.2454269494172
-16051,2947,0,33.244716631132,-9.61831379050321,1.0687835801628
-16051,3447,0,31.9628211917031,-10.5675001680698,0.880055332351529
-16051,3947,0,30.6206322983789,-11.3933955800811,0.682995937320581
-16051,4447,0,29.2361338149317,-12.0989476877743,0.481039598671873
-16051,4947,0,27.8254613760673,-12.6886762857013,0.277265262067026
-16051,5447,0,26.4028737115265,-13.1682089520042,0.074389632203931
-16051,5947,0,24.9808265711691,-13.5439000379742,-0.125220276782859
-16051,6447,0,23.5701072688411,-13.8225400782949,-0.31952403520842
-16051,6947,0,22.1799939277257,-14.0111486410857,-0.506781412004931
-16051,7447,0,20.8184132507293,-14.1168349044155,-0.685527555781547
-16051,7947,0,19.4920812307167,-14.146706828756,-0.854552119256083
-16051,8447,0,18.2066205405124,-14.1078106157322,-1.01288267980373
-16051,8947,0,16.966655220616,-14.0070856516099,-1.15977147165556
-16051,9447,0,15.7758873936396,-13.8513247938956,-1.294683816444
-16051,9947,0,14.6371623756493,-13.6471344601823,-1.41728659390965
-16051,10447,0,13.5525283583609,-13.4008927530728,-1.52743543883482
-16051,10947,0,12.5232955237457,-13.1187064625252,-1.62515988423979
-16051,11447,0,11.5500976692412,-12.8063692150859,-1.71064622988699
-16051,11947,0,10.632957648757,-12.4693234815987,-1.78421838866402
-16051,12447,0,9.77135646949117,-12.1126288968485,-1.84631729457269
-16051,12947,0,8.9643048609814,-11.74093867923,-1.89747963262477
-16051,13447,0,8.21041556323229,-11.3584851144934,-1.938316690134
-16051,13947,0,7.50797440176585,-10.9690742649665,-1.96949406401016
-16051,14447,0,6.85500833002537,-10.5760893951084,-1.99171282735656
-16051,14947,0,6.24934891862369,-10.1825021162319,-2.00569259525867
-16051,15447,0,5.68869016300317,-9.79088995496469,-2.0121567618799
-16051,15947,0,5.17063989411231,-9.40345892068215,-2.01182002728634
-16051,16447,0,4.69276446086868,-9.02206965193188,-2.00537820417784
-16051,16947,0,4.2526266796031,-8.64826582256377,-1.99350019618009
-16051,17447,0,3.84781730161783,-8.28330364862124,-1.97682197053335
-16051,17947,0,3.47598043431623,-7.92818152704711,-1.95594230594057
-16051,18447,0,3.13483347039945,-7.58366903419243,-1.93142007638188
-16051,18947,0,2.82218214348015,-7.25033470012635,-1.90377282891854
-16051,19447,0,2.53593134844867,-6.92857214387764,-1.87347642318556
-16051,19947,0,2.27409235255389,-6.6186243001672,-1.84096551803023
-15551,-20053,0,1.02914469401467,6.51314332008367,-2.32507136639024
-15551,-19553,0,1.23668337310437,6.88737727198808,-2.38685981722738
-15551,-19053,0,1.46972667122524,7.28395264543565,-2.44762992483035
-15551,-18553,0,1.73129102819053,7.70384597500919,-2.50680758663564
-15551,-18053,0,2.02474208436953,8.14795108467889,-2.56371857966582
-15551,-17553,0,2.35382733083013,8.61703476144389,-2.61757558057999
-15551,-17053,0,2.72270787773346,9.11168054781347,-2.66746452659539
-15551,-16553,0,3.1359873300754,9.63221831044053,-2.71233072625396
-15551,-16053,0,3.5987349206448,10.1786370654376,-2.75096535155219
-15551,-15553,0,4.11649898670571,10.7504785057415,-2.78199323360594
-15551,-15053,0,4.69530557282489,11.3467088817354,-2.80386325123784
-15551,-14553,0,5.3416354072527,11.965567468173,-2.81484304780112
-15551,-14053,0,6.06237079003456,12.604390981563,-2.8130203264369
-15551,-13553,0,6.86470217807331,13.2594151986645,-2.79631352874097
-15551,-13053,0,7.7559826944483,13.9255578892398,-2.76249523754665
-15551,-12553,0,8.74351780858052,14.5961912097395,-2.70923206210874
-15551,-12053,0,9.83427758252287,15.26291700788,-2.6341449150552
-15551,-11553,0,11.0345208795506,15.9153649580165,-2.53489327452877
-15551,-11053,0,12.3493256205058,16.5410406385862,-2.40928600355553
-15551,-10553,0,13.7820273573737,17.1252576409536,-2.25541933099334
-15551,-10053,0,15.3335806239524,17.6511930298581,-2.07183951320724
-15551,-9553,0,17.0018735548789,18.1001068486079,-1.85772349592631
-15551,-9053,0,18.7810448520853,18.4517614500697,-1.61306588284254
-15551,-8553,0,20.6608705684398,18.6850630842773,-1.33885539418729
-15551,-8053,0,22.6263021401022,18.7789254262005,-1.03721988050348
-15551,-7553,0,24.6572415233663,18.7133238602692,-0.71151722225219
-15551,-7053,0,26.728629547369,18.4704746045093,-0.366351376123993
-15551,-6553,0,28.8108974331286,18.0360412300269,-0.00749909714066771
-15551,-6053,0,30.8707907795819,17.4002512306884,0.358256953597609
-15551,-5553,0,32.8725269753994,16.5588041009753,0.723380639392397
-15551,-5053,0,34.7792013994786,15.5134726158914,1.07990040898205
-15551,-4553,0,36.5543258430133,14.2723371852301,1.41976466936655
-15551,-4053,0,38.1633717393688,12.8496400748733,1.73520315456997
-15551,-3553,0,39.5752019775173,11.2652901101009,2.01906569352953
-15551,-3053,0,40.763302412596,9.54407913024865,2.265116706214
-15551,-2553,0,41.7067574575698,7.71468434675494,2.46827221602339
-15551,-2053,0,42.3909430328653,5.80852802498699,2.62477343254285
-15551,-1553,0,42.8079282554207,3.85855489465425,2.73229531624367
-15551,-1053,0,42.9565841348896,1.89797733547034,2.78998984731524
-15551,-553,0,42.8423982539858,-0.0409646934697863,2.7984633071764
-15551,-53,0,42.4769967582094,-1.92817624928666,2.75968682766291
-15551,447,0,41.8773858168108,-3.7367492614114,2.67684163042979
-15551,947,0,41.0649465755982,-5.44380300388443,2.55410551251156
-15551,1447,0,40.0642471085287,-7.03105657079013,2.39639442206565
-15551,1947,0,38.9017635841802,-8.48508687999835,2.20908026769342
-15551,2447,0,37.604620636984,-9.79726053411772,1.99771078500929
-15551,2947,0,36.1994601365518,-10.9633697892851,1.76775734664451
-15551,3447,0,34.7115263978002,-11.983041051446,1.52441155616622
-15551,3947,0,33.1640192300253,-12.8590087793997,1.27244254277158
-15551,4447,0,31.5777235536251,-13.5963530537376,1.01611649388047
-15551,4947,0,29.9708859891353,-14.2017860701829,0.759170770198181
-15551,5447,0,28.3592825785412,-14.6830471257559,0.50482888411798
-15551,5947,0,26.7564108064786,-15.0484352704322,0.255840430378391
-15551,6447,0,25.1737420493476,-15.3064810795296,0.0145313194103582
-15551,6947,0,23.6209832409771,-15.465738823556,-0.217146787874757
-15551,7447,0,22.1063136774017,-15.5346694393996,-0.437574493292376
-15551,7947,0,20.6365799041363,-15.5215823315843,-0.645432590900994
-15551,8447,0,19.2174454707237,-15.4346078247095,-0.839679211602804
-15551,8947,0,17.8535016157463,-15.2816792613548,-1.01953360289854
-15551,9447,0,16.5483496497816,-15.07051182378,-1.18446329324393
-15551,9947,0,15.3046667859938,-14.8085724022375,-1.33417163177976
-15551,10447,0,14.1242656455056,-14.5030402854764,-1.46858347887585
-15551,10947,0,13.0081548437393,-14.1607618382093,-1.58782781202506
-15551,11447,0,11.9566049180528,-13.7882038485356,-1.69221695158834
-15551,11947,0,10.9692210411607,-13.3914103193332,-1.78222284962017
-15551,12447,0,10.0450218252247,-12.975966653915,-1.85845136154001
-15551,12947,0,9.18252215893146,-12.5469739157086,-1.92161564070954
-15551,13447,0,8.37981737081728,-12.1090344834093,-1.97250980674262
-15551,13947,0,7.63466592642278,-11.6662492128356,-2.01198390222254
-15551,14447,0,6.94456816572631,-11.2222252777898,-2.04092093287545
-15551,14947,0,6.30683910445715,-10.7800932320481,-2.06021653555472
-15551,15447,0,5.71867392305169,-10.3425314930073,-2.07076157549195
-15551,15947,0,5.17720535478219,-9.91179634383136,-2.07342776305217
-15551,16447,0,4.67955270063404,-9.48975562250302,-2.06905621263062
-15551,16947,0,4.22286261374715,-9.07792445249028,-2.05844874503941
-15551,17447,0,3.80434210334996,-8.67750161875405,-2.04236165655045
-15551,17947,0,3.42128441378556,-8.28940546463032,-2.02150163603858
-15551,18447,0,3.0710885528008,-7.91430845138065,-1.99652349879225
-15551,18947,0,2.75127329227702,-7.55266976529698,-1.96802941357547
-15551,19447,0,2.45948646148965,-7.20476556735729,-1.93656932173612
-15551,19947,0,2.19351031361349,-6.87071665428038,-1.90264227766775
-15051,-20053,0,0.880753087186649,6.70675161341333,-2.41630331448364
-15051,-19553,0,1.08408031662451,7.10536809549298,-2.48267493217848
-15051,-19053,0,1.3135382925423,7.52928118205868,-2.54807042650856
-15051,-18553,0,1.5723707441206,7.97982530245332,-2.61185864261462
-15051,-18053,0,1.86422621022377,8.45829022421953,-2.67329091740448
-15051,-17553,0,2.19320290148432,8.96587763569595,-2.73148407150154
-15051,-17053,0,2.56389492400362,9.50364428033767,-2.78540199154963
-15051,-16553,0,2.98143802872184,10.0724285158126,-2.83383614955299
-15051,-16053,0,3.45155208465227,10.6727567451672,-2.8753856672446
-15051,-15553,0,3.98057618989645,11.3047258421653,-2.90843789266984
-15051,-15053,0,4.57549067709869,11.9678575835515,-2.93115093314773
-15051,-14553,0,5.24391820556783,12.660921376148,-2.94144020000966
-15051,-14053,0,5.99409367209348,13.3817224612102,-2.9369717702057
-15051,-13553,0,6.83478991219245,14.1268545985414,-2.91516624004978
-15051,-13053,0,7.77518333625336,14.8914193468263,-2.87321768025271
-15051,-12553,0,8.82464118797509,15.6687188573864,-2.808133182819
-15051,-12053,0,9.99241073595524,16.4499359223099,-2.71679912225775
-15051,-11553,0,11.2871914452103,17.2238239956641,-2.59608034019019
-15051,-11053,0,12.716575363253,17.9764407442786,-2.44295761001577
-15051,-10553,0,14.286350098496,18.690970378259,-2.25470649202113
-15051,-10053,0,15.999674192077,19.3476905624785,-2.02911662892343
-15051,-9553,0,17.8561569340522,19.9241459742275,-1.76474444310225
-15051,-9053,0,19.8509027000684,20.3955884534461,-1.46118431104709
-15051,-8553,0,21.9736101952467,20.7357289250648,-1.11933453392824
-15051,-8053,0,24.2078432252895,20.9178159278232,-0.741626556323735
-15051,-7553,0,26.5306031008518,20.9160100954736,-0.33218135751125
-15051,-7053,0,28.9123246045168,20.7069689523295,0.103141681236072
-15051,-6553,0,31.3173819268024,20.2715032297717,0.556829141069438
-15051,-6053,0,33.7051294742619,19.5961295108037,1.01994052054773
-15051,-5553,0,36.0314255209546,18.6743380572137,1.48246626147893
-15051,-5053,0,38.2505124936327,17.5074255351515,1.93378492241823
-15051,-4553,0,40.31707629243,16.1048047539361,2.3631732360455
-15051,-4053,0,42.1882924195568,14.4837809420182,2.76031846359032
-15051,-3553,0,43.8256905206563,12.6688545689324,3.11578872386849
-15051,-3053,0,45.1967197417942,10.6906557425805,3.42143071368508
-15051,-2553,0,46.2759554207636,8.58462700468967,3.67068002341461
-15051,-2053,0,47.0459337119684,6.389555265629,3.85878168669051
-15051,-1553,0,47.4976234380716,4.14602471462319,3.98292447025887
-15051,-1053,0,47.6305441216064,1.89483845669747,4.04229174382275
-15051,-553,0,47.4525265398114,-0.32454985486529,4.03802752968303
-15051,-53,0,46.979103205159,-2.47553912256632,3.97311297091531
-15051,447,0,46.2325249700345,-4.52573694577182,3.85214996199958
-15051,947,0,45.2404323070175,-6.44806394181555,3.68105679260929
-15051,1447,0,44.0342599977283,-8.22149824112291,3.46669390144328
-15051,1947,0,42.6475061755949,-9.83137913240673,3.21645194726361
-15051,2447,0,41.1140312673452,-11.2692441277626,2.93784399430684
-15051,2947,0,39.4665543944185,-12.5322434136572,2.63814454059752
-15051,3447,0,37.7354806601676,-13.6222392893592,2.32410936549818
-15051,3947,0,35.9481317637852,-14.544737333536,2.00179424365622
-15051,4447,0,34.1283823417435,-15.3078015055271,1.67647230243733
-15051,4947,0,32.2966440446066,-15.921079713585,1.35263425905729
-15051,5447,0,30.4701014610013,-16.3950210387355,1.03404639952691
-15051,5947,0,28.6630925173507,-16.7403154775316,0.723838913046231
-15051,6447,0,26.887536880226,-16.9675442087617,0.42460084601752
-15051,6947,0,25.1533406406167,-17.0870001041263,0.138465055012023
-15051,7447,0,23.4687349377877,-17.1086259277497,-0.132825452543458
-15051,7947,0,21.8405329239909,-17.0420186963547,-0.387871460028963
-15051,8447,0,20.2743093900883,-16.8964583066744,-0.625588622927683
-15051,8947,0,18.7745191917942,-16.6809319505193,-0.845190087221385
-15051,9447,0,17.3445751469779,-16.4041392078699,-1.04617458363621
-15051,9947,0,15.9869052262445,-16.0744736491068,-1.22831484696678
-15051,10447,0,14.7030048164587,-15.6999842670791,-1.39164282039731
-15051,10947,0,13.4934945207051,-15.2883241005232,-1.53642986176818
-15051,11447,0,12.3581887653715,-14.8466946201652,-1.66316169875776
-15051,11947,0,11.2961762423149,-14.3817936976705,-1.77250899204598
-15051,12447,0,10.3059102604983,-13.8997731287925,-1.8652950146738
-15051,12947,0,9.38530540808399,-13.4062094419447,-1.94246219420072
-15051,13447,0,8.53183632022432,-12.9060895838253,-2.00503919254664
-15051,13947,0,7.74263451346658,-12.4038113174159,-2.05410992965711
-15051,14447,0,7.01457988739262,-11.9031969082738,-2.09078559251075
-15051,14947,0,6.34438435788947,-11.4075179088601,-2.11618028836957
-15051,15447,0,5.72866598929248,-10.919528506326,-2.13139065219556
-15051,15947,0,5.16401281604729,-10.4415048756637,-2.13747943127102
-15051,16447,0,4.64703622519418,-9.97528817447177,-2.13546285524771
-15051,16947,0,4.17441428662126,-9.52232913677754,-2.12630145537127
-15051,17447,0,3.74292577388796,-9.08373260052132,-2.11089391309952
-15051,17947,0,3.34947583455535,-8.66030068551158,-2.09007348373418
-15051,18447,0,2.99111437254743,-8.25257369331523,-2.06460654218611
-15051,18947,0,2.66504822391465,-7.86086810979318,-2.03519282405815
-15051,19447,0,2.36864816671916,-7.48531134723428,-2.00246697639832
-15051,19947,0,2.0994517271,-7.12587306627857,-1.96700108114921
-14551,-20053,0,0.717863153933082,6.89511410469385,-2.51163991408018
-14551,-19553,0,0.915300657710913,7.31855453589926,-2.58302647818384
-14551,-19053,0,1.13930813375725,7.77044257292571,-2.65351416195773
-14551,-18553,0,1.39334142459728,8.2525214129559,-2.72241363901947
-14551,-18053,0,1.68131857203738,8.76653953082544,-2.78889872601418
-14551,-17553,0,2.00767861220534,9.31421061616322,-2.8519844982013
-14551,-17053,0,2.37744471524158,9.89715881162099,-2.91050295666013
-14551,-16553,0,2.79629024435945,10.5168452720493,-2.96307645297057
-14551,-16053,0,3.27060526242649,11.1744713090927,-3.00808936595843
-14551,-15553,0,3.80755954562272,11.8708526500943,-3.04365894627909
-14551,-15053,0,4.41515616562175,12.6062587439337,-3.06760683604501
-14551,-14553,0,5.10226707040331,13.3802107825619,-3.07743357150372
-14551,-14053,0,5.87863875882721,14.1912324695335,-3.07029941828993
-14551,-13553,0,6.75485211515177,15.0365489744492,-3.04301618121026
-14551,-13053,0,7.74221591313769,15.911732521034,-2.99205613831783
-14551,-12553,0,8.85256884416863,16.8102983432792,-2.91358585813625
-14551,-12053,0,10.0979609970427,17.7232630281882,-2.80353413245516
-14551,-11553,0,11.490183882534,18.6386891319392,-2.65770418901815
-14551,-11053,0,13.0401203426045,19.5412555441081,-2.47194013115644
-14551,-10553,0,14.7568945600287,20.4119115888388,-2.24235538910787
-14551,-10053,0,16.6468206248065,21.2276919736999,-1.96562598343611
-14551,-9553,0,18.7121777997474,21.9617850463784,-1.63934288935107
-14551,-9053,0,20.9498817916274,22.5839518323713,-1.26240564344403
-14551,-8553,0,23.3501702020125,23.061380080765,-0.835424583101368
-14551,-8053,0,25.8954678480596,23.3600190240368,-0.361084388971074
-14551,-7553,0,28.559629466674,23.4463743960303,0.155588822977017
-14551,-7053,0,31.3077566155766,23.2896559415961,0.707115664988161
-14551,-6553,0,34.0967391858301,22.8640789039168,1.28365332138837
-14551,-6053,0,36.8765782905757,22.151053357367,1.87330702656131
-14551,-5553,0,39.5924222720109,21.1409776501248,2.46264707192175
-14551,-5053,0,42.1871232277962,19.8343993858529,3.03737892972462
-14551,-4553,0,44.6040355272466,18.2424118899683,3.58308864130542
-14551,-4053,0,46.7897574990273,16.3862857945328,4.08597917431699
-14551,-3553,0,48.6965662830828,14.2964526155703,4.53352720553763
-14551,-3053,0,50.2843911595111,12.0110249873135,4.91501725632466
-14551,-2553,0,51.5222742993984,9.57404317932277,5.22194014394823
-14551,-2053,0,52.3893432283429,7.03359200559584,5.44826451345655
-14551,-1553,0,52.8753462256039,4.43986667010792,5.59059773673481
-14551,-1053,0,52.9807830078298,1.84321477114727,5.64824633096348
-14551,-553,0,52.7166204170188,-0.70783117299112,5.6231726534401
-14551,-53,0,52.1035479138152,-3.16848545239818,5.51983323416651
-14551,447,0,51.1707284682784,-5.49950082938111,5.34488305142033
-14551,947,0,49.9540495726475,-7.66865902109196,5.1067432304624
-14551,1447,0,48.4939669956914,-9.65177779881247,4.81505444247292
-14551,1947,0,46.8331307370228,-11.4330884712307,4.4800661240979
-14551,2447,0,45.0140501151214,-13.004928554808,4.11203139801103
-14551,2947,0,43.0770634491523,-14.3668142428656,3.720680595284
-14551,3447,0,41.0588204538605,-15.5240664402045,3.314830469534
-14551,3947,0,38.9913808091686,-16.4862278583293,2.90215686859135
-14551,4447,0,36.901914748238,-17.2655113965322,2.48912571646969
-14551,4947,0,34.8128952168668,-17.875469255103,2.08105055199536
-14551,5447,0,32.7426173640833,-18.3299914087787,1.68223061471214
-14551,5947,0,30.7058733374574,-18.6426584607952,1.29612242527948
-14551,6447,0,28.7146381041124,-18.8264082417112,0.925506753537432
-14551,6947,0,26.7786685096605,-18.893437461548,0.572626777410882
-14551,7447,0,24.9059670340144,-18.8552487321603,0.239287403167525
-14551,7947,0,23.103102649638,-18.7227624886864,-0.0730830214389477
-14551,8447,0,21.375408684415,-18.5064337842418,-0.363400368423824
-14551,8947,0,19.7270913105319,-18.2163375672842,-0.630910690826734
-14551,9447,0,18.1612848423345,-17.8622072504977,-0.875183770812139
-14551,9947,0,16.6800852231831,-17.4534271845749,-1.09610584892077
-14551,10447,0,15.2845846106108,-16.9989892949243,-1.29386621887824
-14551,10947,0,13.9749207352869,-16.5074283051501,-1.46893537827416
-14551,11447,0,12.7503465930768,-15.9867500594719,-1.62203483239605
-14551,11947,0,11.6093199599077,-15.4443650281151,-1.75410025213077
-14551,12447,0,10.5496084000685,-14.8870355029543,-1.86624050559295
-14551,12947,0,9.56840361425412,-14.3208412768922,-1.95969526519206
-14551,13447,0,8.66243866709202,-13.7511653747604,-2.03579363440316
-14551,13947,0,7.82810232051843,-13.1826989627648,-2.09591573370921
-14551,14447,0,7.06154591481306,-12.6194629629331,-2.14145858925356
-14551,14947,0,6.3587796278369,-12.0648430486002,-2.17380709016162
-14551,15447,0,5.7157562680219,-11.5216344349605,-2.19431028605532
-14551,15947,0,5.12844188362551,-10.9920930288054,-2.20426291372379
-14551,16447,0,4.5928733447891,-10.4779899029305,-2.20489177464606
-14551,16947,0,4.10520367304601,-9.9806665857755,-2.19734642135525
-14551,17447,0,3.66173628355009,-9.5010892126286,-2.18269353120036
-14551,17947,0,3.2589495103409,-9.03990011136573,-2.16191432987928
-14551,18447,0,2.89351284971116,-8.59746585903763,-2.13590445456711
-14551,18947,0,2.5622963228192,-8.17392123086082,-2.10547570094207
-14551,19447,0,2.26237426096413,-7.76920876809909,-2.0713591672979
-14551,19947,0,1.99102468323791,-7.38311392206117,-2.03420938246143
-14051,-20053,0,0.540259817879298,7.07658420678915,-2.6112055909258
-14051,-19553,0,0.730003903407978,7.52509559185102,-2.68807776562977
-14051,-19053,0,0.946535902244343,8.00538205176618,-2.76417163805353
-14051,-18553,0,1.19350023095523,8.51964674418095,-2.83874006461326
-14051,-18053,0,1.47506088377331,9.07016123776437,-2.91087786776391
-14051,-17553,0,1.79597563638747,9.65923190432297,-2.97949415794921
-14051,-17053,0,2.16167836852853,10.2891509164135,-3.04328081862903
-14051,-16553,0,2.57836879241661,10.9621270096601,-3.10067710829978
-14051,-16053,0,3.05310782827967,11.6801900050111,-3.14983062500094
-14051,-15553,0,3.59391530038513,12.4450618102492,-3.18855533942903
-14051,-15053,0,4.20986436135387,13.2579853349827,-3.21428809430888
-14051,-14553,0,4.9111638882158,14.1195016543524,-3.22404596358305
-14051,-14053,0,5.70921583126204,15.0291651767624,-3.21438824161644
-14051,-13553,0,6.61662898884423,15.9851870336904,-3.18138865446719
-14051,-13053,0,7.64716392648634,16.983999182462,-3.12062567409295
-14051,-12553,0,8.81557605377469,18.0197368374728,-3.02720150108575
-14051,-12053,0,10.1373160348315,19.0836461035722,-2.89580312404983
-14051,-11553,0,11.6280403579449,20.1634384326099,-2.72082136217185
-14051,-11053,0,13.3028827412112,21.2426347966752,-2.49654508458494
-14051,-10553,0,15.1754430662232,22.299970268688,-2.21744658367222
-14051,-10053,0,17.2564696888109,23.3089619127664,-1.87856870730359
-14051,-9553,0,19.5522482675841,24.2377740150013,-1.47601313128778
-14051,-9053,0,22.0627685564383,25.0495348769332,-1.00751102327483
-14051,-8553,0,24.7798173789135,25.7032547772561,-0.47303297427473
-14051,-8053,0,27.6852295671378,26.1554503374631,0.124631964066726
-14051,-7553,0,30.7495962105547,26.3624868176313,0.779420831577469
-14051,-7053,0,33.9317500705424,26.2835115385302,1.48176575724113
-14051,-6553,0,37.1792924081117,25.8836950685598,2.21867270748272
-14051,-6053,0,40.430282939394,25.1373691845639,2.97415235545181
-14051,-5553,0,43.6160074375453,24.0306053695269,3.72998180712633
-14051,-5053,0,46.6645226367376,22.562848928981,4.46670920571145
-14051,-4553,0,49.5045283665157,20.747402965812,5.16476614926759
-14051,-4053,0,52.0690871475401,18.6107873908257,5.80554270705511
-14051,-3553,0,54.2988094572465,16.1911998709642,6.37230932662596
-14051,-3053,0,56.1443034615663,13.5364104643851,6.85092537573396
-14051,-2553,0,57.5678759352902,10.7014064584832,7.23033216833693
-14051,-2053,0,58.5445968068462,7.74599650444536,7.50286732015917
-14051,-1553,0,59.0628680624504,4.73244464766362,7.66444592090975
-14051,-1053,0,59.1245772372887,1.72310088170561,7.7146346730382
-14051,-553,0,58.7448102977029,-1.22202977009848,7.65661132339048
-14051,-53,0,57.9510087133195,-4.04777347347087,7.4969722079906
-14051,447,0,56.7814352366327,-6.70619881389354,7.24534263345855
-14051,947,0,55.2828891039064,-9.15869677205043,6.91376674266495
-14051,1447,0,53.5077687680743,-11.377411401749,6.51590101518669
-14051,1947,0,51.5107626635609,-13.3457504428273,6.06609142684397
-14051,2447,0,49.3455804500077,-15.0578604934679,5.57845526043924
-14051,2947,0,47.0621593892329,-16.5171641110831,5.06609621981039
-14051,3447,0,44.7046797211979,-17.7342485076589,4.54055160843882
-14051,3947,0,42.3105374995943,-18.7245004584231,4.01151459744936
-14051,4447,0,39.9102214408147,-19.5058737061069,3.48681395969738
-14051,4947,0,37.52788568199,-20.0970739065363,2.97258770073126
-14051,5447,0,35.1823369937995,-20.5163007220708,2.47356618125787
-14051,5947,0,32.888161889163,-20.7805477501364,1.99338407455132
-14051,6447,0,30.6567811287205,-20.905362259993,1.53486083190011
-14051,6947,0,28.4973039117452,-20.9049192738715,1.10021599432479
-14051,7447,0,26.4171346403222,-20.7922617566448,0.691210277648612
-14051,7947,0,24.4223457780322,-20.5795852077197,0.309221075011807
-14051,8447,0,22.5178660092718,-20.2784844422029,-0.0447294447609714
-14051,8947,0,20.7075461383443,-19.9001200451803,-0.369973037471362
-14051,9447,0,18.9941621371119,-19.4552941917696,-0.666202752128405
-14051,9947,0,17.3794023882005,-18.9544471683794,-0.933475856667992
-14051,10447,0,15.8638703839928,-18.4075972257066,-1.17220483943301
-14051,10947,0,14.447119065055,-17.824249413891,-1.38313396306194
-14051,11447,0,13.1277209300761,-17.2132965356334,-1.56730249090704
-14051,11947,0,11.9033698514666,-16.5829299122657,-1.72599789319818
-14051,12447,0,10.7710060067819,-15.9405713390957,-1.86070324828669
-14051,12947,0,9.72695375897161,-15.2928317656987,-1.97304301424968
-14051,13447,0,8.76706277690759,-14.6454975906378,-2.06473071690265
-14051,13947,0,7.88684432286163,-14.0035422367738,-2.13752119339581
-14051,14447,0,7.08159676142293,-13.3711587857462,-2.19316907609818
-14051,14947,0,6.34651649104976,-12.7518086462346,-2.23339434463134
-14051,15447,0,5.67679238498394,-12.1482812066683,-2.25985508726947
-14051,15947,0,5.06768332410105,-11.5627598932595,-2.27412711680922
-14051,16447,0,4.5145794855895,-10.9968907841853,-2.27768976769503
-14051,16947,0,4.01304875520458,-10.451850750135,-2.2719170308369
-14051,17447,0,3.55887002373192,-9.92841288727179,-2.25807312480192
-14051,17947,0,3.1480552847321,-9.42700771691069,-2.23731162290085
-14051,18447,0,2.77686244030209,-8.94777921683223,-2.21067732617901
-14051,18947,0,2.44180060349587,-8.49063521646008,-2.17911016965342
-14051,19447,0,2.1396295059161,-8.05529203968584,-2.14345055699765
-14051,19947,0,1.86735441061463,-7.64131353031778,-2.10444562604744
-13551,-20053,0,0.34788527879795,7.24941279229887,-2.71510696932613
-13551,-19553,0,0.528024313628469,7.72301726799899,-2.79797480486491
-13551,-19053,0,0.734914017921445,8.23187350624029,-2.88023751355436
-13551,-18553,0,0.97235464163683,8.77869427007992,-2.96109237826926
-13551,-18053,0,1.24472110085053,9.36633802566382,-3.03955591676405
-13551,-17553,0,1.55705362527995,9.99778554715581,-3.11442946034851
-13551,-17053,0,1.9151610829238,10.6761012731567,-3.18425909845824
-13551,-16553,0,2.32573734130694,11.4043737994976,-3.24728954185201
-13551,-16053,0,2.79649010385258,12.1856282583158,-3.30141170893498
-13551,-15553,0,3.33628014043076,13.0227013948479,-3.34410429229578
-13551,-15053,0,3.9552664582954,13.9180679663645,-3.37237030845658
-13551,-14553,0,4.66504940987164,14.8736048095269,-3.38267079293774
-13551,-14053,0,5.4787986281893,15.8902768774833,-3.3708595190821
-13551,-13553,0,6.4113456248077,16.9677283217007,-3.33212504857992
-13551,-13053,0,7.47921156717492,18.1037622437779,-3.26094969932787
-13551,-12553,0,8.70052913156174,19.2936965200943,-3.15109919114877
-13551,-12053,0,10.0948039508872,20.5295921226716,-2.99566165377223
-13551,-11553,0,11.6824476584048,21.7993671365126,-2.78715983772972
-13551,-11053,0,13.4840041704467,23.0858368406154,-2.51776464903083
-13551,-10553,0,15.5189892664685,24.3657596129274,-2.17963960552391
-13551,-10053,0,17.8042788969086,25.6090193838746,-1.76544163556812
-13551,-9553,0,20.3520239515716,26.7781322455273,-1.26899029294403
-13551,-9053,0,23.1671474344632,27.8283141853642,-0.68609171801843
-13551,-8553,0,26.2445965283255,28.7083660419343,-0.015464512662543
-13551,-8053,0,29.5666647746951,29.362591329315,0.740333966555533
-13551,-7553,0,33.1008346625042,29.7338364792653,1.57412922655579
-13551,-7053,0,36.7986627975451,29.7675262807027,2.47367380119312
-13551,-6553,0,40.5961766389593,29.4162953340397,3.42167343859641
-13551,-6053,0,44.4160374930901,28.6445717545789,4.39638580589639
-13551,-5553,0,48.1713751591328,27.4323594749876,5.37276769396875
-13551,-5053,0,51.7708168882627,25.7775698416729,6.32402008860292
-13551,-4553,0,55.1239611411709,23.6965671057027,7.22328942308517
-13551,-4053,0,58.146499357615,21.2230097728184,8.04526600722025
-13551,-3553,0,60.7643842356855,18.4054285322917,8.76748350570392
-13551,-3053,0,62.9167887338244,15.3041476950809,9.37123659488027
-13551,-2553,0,64.5579451932797,11.9880913038824,9.84214791350984
-13551,-2053,0,65.6581662339604,8.53178075400304,10.1704860715973
-13551,-1553,0,66.2043691700364,5.01255054056695,10.351343543446
-13551,-1053,0,66.2002778931564,1.50780563639181,10.3847341416036
-13551,-553,0,65.6662457657891,-1.90790193681785,10.2755923645128
-13551,-53,0,64.6384420018351,-5.16607210116502,10.0335883704937
-13551,447,0,63.1670748845094,-8.20757594433665,9.67264695876688
-13551,947,0,61.3134443076525,-10.9856747912764,9.21009581175379
-13551,1447,0,59.1459021811366,-13.4681684029838,8.66546074898029
-13551,1947,0,56.7351471863161,-15.6381611248239,8.05903954035305
-13551,2447,0,54.1495398526913,-17.4932093598963,7.41047153578403
-13551,2947,0,51.4511735520323,-19.0430035208384,6.73753794126318
-13551,3447,0,48.6932511716387,-20.3060850350817,6.0553682960916
-13551,3947,0,45.9189781038031,-21.306272461796,5.3761192717502
-13551,4447,0,43.1618284612357,-22.0694287816096,4.709077735159
-13551,4947,0,40.4467929574646,-22.6209978676067,4.06106049746968
-13551,5447,0,37.7921255676605,-22.9844743389367,3.43695536480206
-13551,5947,0,35.2111539326471,-23.1807415005179,2.84026592637549
-13551,6447,0,32.7138482570943,-23.2280688027034,2.27356676046289
-13551,6947,0,30.3079940271414,-23.142510139892,1.73882589945602
-13551,7447,0,27.9999419533838,-22.9384653210613,1.23759303394225
-13551,7947,0,25.7949941831088,-22.6292274171137,0.771078589136501
-13551,8447,0,23.6975275828409,-22.2274102007566,0.34016035999726
-13551,8947,0,21.7109618266709,-21.7452136081948,-0.0546456984612942
-13551,9447,0,19.8376647665785,-21.1945317589646,-0.413221061550768
-13551,9947,0,18.0788618971696,-20.5869356480857,-0.735867132876955
-13551,10447,0,16.4345895179987,-19.9335737686205,-1.02330498507543
-13551,10947,0,14.9037078856738,-19.2450332520831,-1.27665054786951
-13551,11447,0,13.4839736925837,-18.5311965008675,-1.49736871269772
-13551,11947,0,12.1721609023347,-17.8011178215362,-1.68721257672066
-13551,12447,0,10.9642143203118,-17.0629341332846,-1.84815480357486
-13551,12947,0,9.85541973868174,-16.3238150882151,-1.98231748905938
-13551,13447,0,8.84057649363726,-15.589951577208,-2.09190560238127
-13551,13947,0,7.91416149189538,-14.8665776101533,-2.17914750880818
-13551,14447,0,7.0704772573416,-14.1580185781597,-2.24624458830295
-13551,14947,0,6.30377973370485,-13.4677584081648,-2.29533072269248
-13551,15447,0,5.6083841666838,-12.7985185913701,-2.32844149679275
-13551,15947,0,4.97874929654753,-12.1523430742289,-2.34749234090734
-13551,16447,0,4.4095413634934,-11.5306842236417,-2.35426448814006
-13551,16947,0,3.89568016850224,-10.9344863036247,-2.35039747009979
-13551,17447,0,3.43236976731355,-10.3642640055646,-2.33738686891384
-13551,17947,0,3.01511642380068,-9.82017449916058,-2.31658612983792
-13551,18447,0,2.63973631194075,-9.30208220187934,-2.28921137670231
-13551,18947,0,2.30235521171201,-8.80961601203665,-2.25634833183108
-13551,19447,0,1.99940215013281,-8.34221913880282,-2.21896060340097
-13551,19947,0,1.72759863327213,-7.8991919205243,-2.17789875398713
-13051,-20053,0,0.140861321905233,7.41176796942238,-2.82342761981654
-13051,-19553,0,0.309399393677842,7.91023382232194,-2.91284005323408
-13051,-19053,0,0.504363868687143,8.44754169754299,-3.00188321136676
-13051,-18553,0,0.729668383716365,9.02695980089917,-3.08970337183378
-13051,-18053,0,0.989851300505415,9.65199393783913,-3.17524220718361
-13051,-17553,0,1.29018316653282,10.3263786853995,-3.25719469322599
-13051,-17053,0,1.63679210461742,11.0540546228314,-3.33395912950554
-13051,-16553,0,2.03680896111787,11.8391254468909,-3.40357823344874
-13051,-16053,0,2.4985334155411,12.6857866653691,-3.4636704151075
-13051,-15553,0,3.03162100295172,13.5982148741365,-3.51135070235956
-13051,-15053,0,3.64728879082798,14.5804033452816,-3.54314149334572
-13051,-14553,0,4.35853382420661,15.6359258435146,-3.55487454041204
-13051,-14053,0,5.18035280459816,16.7676064803887,-3.54158755391121
-13051,-13553,0,6.12994306428169,17.9770695566433,-3.49742184780811
-13051,-13053,0,7.226852940785,19.2641407832471,-3.41553185948406
-13051,-12553,0,8.49303347408543,20.6260718166069,-3.2880234566081
-13051,-12053,0,9.95272278134545,22.0565665269929,-3.10594580954859
-13051,-11553,0,11.6320705531645,23.5446038873082,-2.8593709353894
-13051,-11053,0,13.558386183347,25.0730839396105,-2.53760463865886
-13051,-10553,0,15.7588771129478,26.6173752627455,-2.12957992675366
-13051,-10053,0,18.2587461544256,28.1439179374152,-1.62448458828141
-13051,-9553,0,21.0785554265042,29.6091321069896,-1.01266195557452
-13051,-9053,0,24.2308604966381,30.9589833950412,-0.286790294141245
-13051,-8553,0,27.7162866102127,32.129628715212,0.556713985206035
-13051,-8053,0,31.5194544135583,33.0495559881391,1.51620937284811
-13051,-7553,0,35.6054210007213,33.6434784316075,2.58349305367614
-13051,-7053,0,39.9174888768393,33.8379130391216,3.74291947136478
-13051,-6553,0,44.3772231160379,33.5678998922347,4.97127662251161
-13051,-6053,0,48.887205588275,32.7838439834704,6.2386154982734
-13051,-5553,0,53.3364585402046,31.4572008690712,7.51001866997398
-13051,-5053,0,57.6077674571594,29.5838683173876,8.74804582750709
-13051,-4553,0,61.5856169934211,27.1847078511474,9.91541005017328
-13051,-4053,0,65.1633702961945,24.303397694477,10.9774060522004
-13051,-3553,0,68.2487128269446,21.0024771722416,11.903746417778
-13051,-3053,0,70.7670517962634,17.3587103497416,12.6696965732528
-13051,-2553,0,72.6632019115304,13.4587111298983,13.2566253577213
-13051,-2053,0,73.9020459727503,9.39528107103287,13.6522161818365
-13051,-1553,0,74.4688437852714,5.26436177222657,13.8505801862708
-13051,-1053,0,74.3695400613318,1.16211986603895,13.8523991803864
-13051,-553,0,73.6309530755583,-2.81840094255988,13.6650590792796
-13051,-53,0,72.3003094028189,-6.59138259827358,13.3025846142838
-13051,447,0,70.4434136689441,-10.082924794089,12.7851202772079
-13051,947,0,68.1409251164673,-13.2356208727081,12.1377635139949
-13051,1447,0,65.4827362216567,-16.0119713716978,11.3887379601805
-13051,1947,0,62.5611202276779,-18.3956544535452,10.5671296454236
-13051,2447,0,59.4638300599046,-20.3901729573397,9.70059089915083
-13051,2947,0,56.2684346432905,-22.0151341690753,8.81345516275034
-13051,3447,0,53.0388192816129,-23.3010617346274,7.92558259698883
-13051,3947,0,49.8241365103628,-24.2839238532082,7.05203434923959
-13051,4447,0,46.6598630011278,-25.0004272808352,6.20345413528191
-13051,4947,0,43.5702234871877,-25.4847105760078,5.38689930646497
-13051,5447,0,40.5711536799833,-25.766589444467,4.60683465306016
-13051,5947,0,37.6731223727044,-25.8711338210989,3.86605684031219
-13051,6447,0,34.8833924948273,-25.8191619359059,3.16641077257076
-13051,6947,0,32.2075605289409,-25.6282063584226,2.50925144492546
-13051,7447,0,29.650409158316,-25.3135837600912,1.89567290800179
-13051,7947,0,27.2162204100608,-24.8893225620211,1.32656330042542
-13051,8447,0,24.9087359781397,-24.3688251945978,0.802555610003012
-13051,8947,0,22.7309401410054,-23.7652390437275,0.323936513495233
-13051,9447,0,20.6848019796337,-23.0915735607015,-0.1094408239478
-13051,9947,0,18.7710660827981,-22.3606324435996,-0.498212754901941
-13051,10447,0,16.9891368973724,-21.5848366140184,-0.843519095693826
-13051,10947,0,15.3370677367216,-20.7760047889903,-1.14697610707023
-13051,11447,0,13.8116430644322,-19.9451418067513,-1.41061676301156
-13051,11947,0,12.408530980279,-19.1022665297042,-1.63680959121185
-13051,12447,0,11.1224793582942,-18.2562948790906,-1.82816741835097
-13051,12947,0,9.94753097780926,-17.4149811429701,-1.9874556197043
-13051,13447,0,8.87723772384778,-16.5849125002594,-2.11750695489728
-13051,13947,0,7.90485962124925,-15.7715472222309,-2.22114747385889
-13051,14447,0,7.02353989265444,-14.9792853702591,-2.30113571326696
-13051,14947,0,6.2264517545101,-14.2115610711116,-2.36011565701879
-13051,15447,0,5.50691606419714,-13.4709468103018,-2.40058273006026
-13051,15947,0,4.85849124037034,-12.7592620301568,-2.42486136962612
-13051,16447,0,4.27503826544294,-12.0776802426609,-2.43509236954652
-13051,16947,0,3.75076425758786,-11.4268306275753,-2.43322811415421
-13051,17447,0,3.28024827778761,-10.8068915668452,-2.42103391334362
-13051,17947,0,2.85845289142784,-10.2176747340065,-2.40009384453374
-13051,18447,0,2.48072467089993,-9.65869922710775,-2.37181974568579
-13051,18947,0,2.14278640373625,-9.12925584572371,-2.33746224990927
-13051,19447,0,1.84072332601155,-8.62846201563578,-2.29812298411366
-13051,19947,0,1.57096527400305,-8.15530810651076,-2.25476725982439
-12551,-20053,0,-0.0804903509624704,7.56176041994173,-2.93622232331563
-12551,-19553,0,0.074396594091542,8.08457611162003,-3.03276544000753
-12551,-19053,0,0.255070726392857,8.64989348827005,-3.12924847962385
-12551,-18553,0,0.46550688803115,9.26157563432974,-3.2247740341028
-12551,-18053,0,0.710346558144305,9.9238294686804,-3.31821578264982
-12551,-17553,0,0.995021594169701,10.6412162899136,-3.40816789987569
-12551,-17053,0,1.32590164836235,11.4186511747265,-3.49288383980984
-12551,-16553,0,1.71046895805647,12.261384872834,-3.57020263691353
-12551,-16053,0,2.15752408355632,13.1749592451033,-3.6374608096216
-12551,-15553,0,2.67742547549359,14.1651238392714,-3.69138810021525
-12551,-15053,0,3.28236410015495,15.2376967160081,-3.72798579371252
-12551,-14553,0,3.98667114908984,16.3983470058004,-3.74238746579305
-12551,-14053,0,4.80715126713381,17.6522699173975,-3.72870406095706
-12551,-13553,0,5.76342460367866,19.0037173683442,-3.6798586740888
-12551,-13053,0,6.87824686654934,20.4553399910068,-3.58742191668091
-12551,-12553,0,8.17775577941392,22.0072909143391,-3.44146700409784
-12551,-12053,0,9.69156342227154,23.6560419400899,-3.23047536490053
-12551,-11553,0,11.4525763733354,25.3928742636748,-2.94133892775833
-12551,-11053,0,13.4963814259278,27.2020371920716,-2.55952355046511
-12551,-10553,0,15.8599910728299,29.0586302529384,-2.06947653992779
-12551,-10053,0,18.5797155929918,30.9263677073211,-1.45537367093066
-12551,-9553,0,21.6879448620723,32.7555350952562,-0.702296639586734
-12551,-9053,0,25.208722197663,34.4816336117395,0.202105106922724
-12551,-8553,0,29.1522169913664,36.0253861357505,1.26550047192883
-12551,-8053,0,33.5085735104364,37.2948598952572,2.48848674092051
-12551,-7553,0,38.2420877267105,38.1903184772118,3.86228408885558
-12551,-7053,0,43.2870941821124,38.6119364719383,5.36704311048025
-12551,-6553,0,48.5470786451758,38.4696942224284,6.97134860838965
-12551,-6053,0,53.8981151535482,37.693838448813,8.63334741275694
-12551,-5553,0,59.1967003365761,36.2436832324183,10.3035408920462
-12551,-5053,0,64.290731201189,34.1126777551135,11.9287804032735
-12551,-4553,0,69.0313520303577,31.3286936164606,13.4566150232849
-12551,-4053,0,73.2832330035406,27.9499804588746,14.8390736767885
-12551,-3553,0,76.9316367700562,24.0584847061757,16.0352578064883
-12551,-3053,0,79.885947611614,19.7526559581584,17.0126163434954
-12551,-2553,0,82.0805277100718,15.1413983912677,17.7472267818481
-12551,-2053,0,83.4743543887859,10.3398178269203,18.2236343456454
-12551,-1553,0,84.0507702113242,5.46636853907904,18.4347597296574
-12551,-1053,0,83.8180166659195,0.640306095465711,18.3821368678537
-12551,-553,0,82.8103183157108,-4.02179489200949,18.0763974824851
-12551,-53,0,81.0884656921595,-8.41125605394039,17.5376045837303
-12551,447,0,78.7384384974617,-12.4341245981487,16.7948781935778
-12551,947,0,75.8668710985251,-16.0184201856439,15.8848507565589
-12551,1447,0,72.5931176839824,-19.1198517712797,14.8488473268638
-12551,1947,0,69.0389865333434,-21.7240930660595,13.729179011888
-12551,2447,0,65.3182545390731,-23.8446427923148,12.5653317170872
-12551,2947,0,61.5282832716292,-25.516731204367,11.3909151449647
-12551,3447,0,57.7453302156658,-26.7889559568972,10.231968048335
-12551,3947,0,54.0239016640413,-27.714785846303,9.10675004853663
-12551,4447,0,50.3993528950365,-28.3456924576968,8.02672233658601
-12551,4947,0,46.892334988583,-28.726812173197,6.99819177042937
-12551,5447,0,43.513675630184,-28.8951672690479,6.02408981438289
-12551,5947,0,40.2686585514368,-28.8798876892616,5.10550297840925
-12551,6447,0,37.1601658922467,-28.7036465303351,4.24276319546696
-12551,6947,0,34.1905786982459,-28.3845697589943,3.43607109232557
-12551,7447,0,31.3626114841814,-27.9380738667031,2.6857304634226
-12551,7947,0,28.6793864155198,-27.3783143861754,1.99211815115177
-12551,8447,0,26.1440689120377,-26.7191268932273,1.35551516959496
-12551,8947,0,23.7593353060394,-25.974482263467,0.775900905961562
-12551,9447,0,21.5268635303696,-25.1585570156869,0.25277836502595
-12551,9947,0,19.4469566865519,-24.2855484207983,-0.21493452152822
-12551,10447,0,17.5183421453292,-23.3693584288148,-0.628938615279305
-12551,10947,0,15.7381417014492,-22.4232457639531,-0.991520665950859
-12551,11447,0,14.1019810700981,-21.4595140780642,-1.30547103782501
-12551,11947,0,12.6041959719835,-20.4892741037711,-1.57397177098115
-12551,12447,0,11.2380922092901,-19.5222937368914,-1.80047293146506
-12551,12947,0,9.99622369949398,-18.5669333431546,-1.9885713104439
-12551,13447,0,8.87066163227279,-17.6301538483448,-2.1419010285201
-12551,13947,0,7.85323721371131,-16.7175808970552,-2.26404145104334
-12551,14447,0,6.93574845425592,-15.8336078629781,-2.35844449910339
-12551,14947,0,6.11012757868568,-14.9815222360103,-2.42838107861317
-12551,15447,0,5.3685698652046,-14.1636427206611,-2.47690486926686
-12551,15947,0,4.70362731904376,-13.3814574556205,-2.50683094334665
-12551,16447,0,4.10827192435906,-12.6357566305258,-2.52072642538187
-12551,16947,0,3.57593366603554,-11.926755199412,-2.52091047993838
-12551,17447,0,3.1005183858217,-11.2542032976746,-2.50946118474552
-12551,17947,0,2.67641007843967,-10.6174833819065,-2.48822720679774
-12551,18447,0,2.29846161616074,-10.0156940969847,-2.45884258159975
-12551,18947,0,1.9619772293889,-9.44772151597669,-2.42274325895005
-12551,19447,0,1.662689435545,-8.91229877834057,-2.3811844005264
-12551,19947,0,1.39673253648593,-8.40805534171841,-2.33525768656891
-12051,-20053,0,-0.315631066759479,7.6974742345059,-3.05351098465976
-12051,-19553,0,-0.176463432247713,8.24382714999492,-3.15780480970237
-12051,-19053,0,-0.0124847518764082,8.83635849037097,-3.26243203791413
-12051,-18553,0,0.18027969309122,9.4795564382618,-3.36646202627498
-12051,-18053,0,0.40650168190313,10.1783724195057,-3.46871129393033
-12051,-17553,0,0.671688418792054,10.9382560377708,-3.56768379099152
-12051,-17053,0,0.982350490131915,11.7651834363085,-3.66149733339202
-12051,-16553,0,1.34620532514742,12.6656731042012,-3.74779326484711
-12051,-16053,0,1.77242267930085,13.6467802033512,-3.82362602608081
-12051,-15553,0,2.27191887351332,14.7160563757465,-3.88532906974237
-12051,-15053,0,2.85770593104348,15.8814563377807,-3.92835363068915
-12051,-14553,0,3.54529968901416,17.1511649897482,-3.94707753268498
-12051,-14053,0,4.35318637873978,18.5333089240335,-3.93458294038643
-12051,-13553,0,5.30333850358108,20.0355039867102,-3.88240543996372
-12051,-13053,0,6.42175586286047,21.6641763659607,-3.78026304739257
-12051,-12553,0,7.73898330494976,23.4235801096942,-3.61578403381328
-12051,-12053,0,9.29051969409844,25.3144226395042,-3.37426842816366
-12051,-11553,0,11.1169792392032,27.3320087719919,-3.0385412700685
-12051,-11053,0,13.2637953123804,29.4638350899994,-2.5889868574364
-12051,-10553,0,15.7801723838349,31.6866287192585,-2.00389061537269
-12051,-10053,0,18.7169098723813,33.9629518727743,-1.26025185518358
-12051,-9553,0,22.1226793918914,36.2377098682434,-0.335250724357366
-12051,-9053,0,26.0383994901904,38.4352130362725,0.791471945515003
-12051,-8553,0,30.4896110762042,40.4578118192804,2.13467115884771
-12051,-8053,0,35.4772991729251,42.1874208862825,3.6996672721013
-12051,-7553,0,40.968436371328,43.4912329906834,5.4783521999937
-12051,-7053,0,46.8884442426235,44.2323034587939,7.44593954893359
-12051,-6553,0,53.1183111007151,44.2843126198362,9.55959115508306
-12051,-6053,0,59.4986562986168,43.5479769332419,11.7598699855169
-12051,-5553,0,65.8412756680705,41.9651451230769,13.9752529911819
-12051,-5053,0,71.9461259558374,39.5266474592421,16.1288871979872
-12051,-4553,0,77.6196021624078,36.2718817238121,18.1459119751504
-12051,-4053,0,82.6896164273391,32.2811000286829,19.9595198813916
-12051,-3553,0,87.0146414914393,27.6637899069457,21.5145894930122
-12051,-3053,0,90.4865259991677,22.5472022408663,22.7687948717138
-12051,-2553,0,93.0290979419005,17.0679394688883,23.6920029063491
-12051,-2053,0,94.5954830607529,11.3674771219683,24.2651547045903
-12051,-1553,0,95.1666497040005,5.5905636494785,24.4796688605805
-12051,-1053,0,94.7524001372818,-0.115757739929007,24.3378794722672
-12051,-553,0,93.3943776260247,-5.60500944437046,23.8543419525632
-12051,-53,0,91.169122677896,-10.7377749157937,23.0572039638505
-12051,447,0,88.1883143978859,-15.3919298636898,21.9884660285606
-12051,947,0,84.5936254073529,-19.4745977690109,20.7020720569967
-12051,1447,0,80.5453361614521,-22.9321665712001,19.2594666067436
-12051,1947,0,76.2064517372349,-25.7545760245223,17.7233092633538
-12051,2447,0,71.7262208250266,-27.9718821138805,16.1509132785712
-12051,2947,0,67.227383419652,-29.6439983380996,14.5891558347073
-12051,3447,0,62.7999328924064,-30.8468967814303,13.0719923424785
-12051,3947,0,58.5016721639037,-31.659234601395,11.6206963505597
-12051,4447,0,54.3637640408382,-32.1523624920438,10.246100796492
-12051,4947,0,50.3986155733194,-32.3848902081465,8.95176172546728
-12051,5447,0,46.6077192880158,-32.401415781146,7.73707842080004
-12051,5947,0,42.9879468206105,-32.2341612250998,6.59976205893842
-12051,6447,0,39.5357127792079,-31.9060825733154,5.53742632054827
-12051,6947,0,36.2491031603063,-31.434276610173,4.54835318268294
-12051,7447,0,33.1284274039379,-30.8329222079902,3.63163580286798
-12051,7947,0,30.1757643782703,-30.1153938721047,2.78694164916892
-12051,8447,0,27.3940234280762,-29.2954871921602,2.01411259794995
-12051,8947,0,24.78591497011,-28.387882320032,1.3127606083396
-12051,9447,0,22.3530796388454,-27.4080571789825,0.681953383538745
-12051,9947,0,20.0954957408733,-26.3718743743809,0.120029203249743
-12051,10447,0,18.0111882005051,-25.2950336448682,-0.375459505967089
-12051,10947,0,16.0962016192129,-24.192529690454,-0.807697531027365
-12051,11447,0,14.344770878541,-23.0782009750686,-1.1804863585656
-12051,11947,0,12.7496165324122,-21.9644090633996,-1.49808491617824
-12051,12447,0,11.302300177896,-20.8618545947906,-1.76503916207453
-12051,12947,0,9.99358958740353,-19.7795152743762,-1.98602042456443
-12051,13447,0,8.81379935385339,-18.7246810873687,-2.16568476267824
-12051,13947,0,7.75308704670981,-17.7030592897786,-2.30855925011091
-12051,14447,0,6.80169602737122,-16.7189236972764,-2.41895640873175
-12051,14947,0,5.95014389650509,-15.7752870762007,-2.50091498679002
-12051,15447,0,5.18936043934485,-14.8740804446469,-2.55816360328012
-12051,15947,0,4.51078154518986,-14.0163278603681,-2.59410310256666
-12051,16447,0,3.90640657340345,-13.2023093294414,-2.61180344396613
-12051,16947,0,3.36882659608768,-12.4317076568128,-2.61401131587784
-12051,17447,0,2.89123030920665,-11.7037374039544,-2.60316521484029
-12051,17947,0,2.46739348139491,-11.0172557372008,-2.5814153346317
-12051,18447,0,2.091656805102,-10.3708559908994,-2.55064619060161
-12051,18947,0,1.75889604888197,-9.76294537609342,-2.5125004183733
-12051,19447,0,1.46448754534825,-9.19180856334211,-2.46840261773173
-12051,19947,0,1.20427131233222,-8.65565895667989,-2.4195824605267
-11551,-20053,0,-0.563792793164461,7.81700282930604,-3.17527238610874
-11551,-19553,0,-0.442388841089765,8.38576455495217,-3.28796600374029
-11551,-19053,0,-0.297500815975825,9.00433900343149,-3.40148155238091
-11551,-18553,0,-0.125223272116215,9.6778575961923,-3.51486902193399
-11551,-18053,0,0.0790618931209477,10.4120453661261,-3.62690307741976
-11551,-17553,0,0.320835474040889,11.2132851618064,-3.73601384795762
-11551,-17053,0,0.606626219603101,12.088681837057,-3.84020025605536
-11551,-16553,0,0.94423966634255,13.0461215536883,-3.93692159579699
-11551,-16053,0,1.3430404457184,14.0943182652212,-4.02296221114057
-11551,-15553,0,1.81429945340088,15.2428349243264,-4.09426326884681
-11551,-15053,0,2.37161831374009,16.5020603847591,-4.14571492488762
-11551,-14553,0,3.03144352578918,17.8831136133639,-4.17090195121264
-11551,-14053,0,3.81368040414348,19.3976338261242,-4.16179665340094
-11551,-13553,0,4.74241055615571,21.0573976473171,-4.10839555829746
-11551,-13053,0,5.84670321016619,22.873681798257,-3.99830229949812
-11551,-12553,0,7.16148579253282,24.8562625450705,-3.81627051057299
-11551,-12053,0,8.7283965276476,27.0119137681078,-3.54374034748788
-11551,-11553,0,10.5964736597829,29.3422410091854,-3.15843427960007
-11551,-11053,0,12.8224340964766,31.8406838475297,-2.63412587659619
-11551,-10553,0,15.4701546823896,34.4885601370429,-1.94076142100476
-11551,-10053,0,18.6088008219961,37.2501555568896,-1.04519394827002
-11551,-9553,0,22.308888365927,40.0671375301518,0.0871356390980878
-11551,-9053,0,26.6355076098662,42.8530480784593,1.48920861190748
-11551,-8553,0,31.6381486240408,45.4893081608141,3.18786501353585
-11551,-8053,0,37.3372674637977,47.8249046686376,5.19772389198109
-11551,-7553,0,43.7090873912151,49.6823341135268,7.51426049422112
-11551,-7053,0,50.6719821204849,50.8717859537882,10.1075474092523
-11551,-6553,0,58.0793506807277,51.2133583348358,12.9188599146762
-11551,-6053,0,65.7237740467291,50.5634931870248,15.8622837299859
-11551,-5553,0,73.3543149409809,48.8384379652302,18.8321609180182
-11551,-5053,0,80.7036853336136,46.0269744185359,21.714942766716
-11551,-4553,0,87.5174780923286,42.1883042093125,24.4020206617987
-11551,-4053,0,93.5768841691356,37.4371633758542,26.7997465799791
-11551,-3553,0,98.7098981703555,31.923120422188,28.8344058674721
-11551,-3053,0,102.791444253763,25.8118781292244,30.452288797506
-11551,-2553,0,105.736906770752,19.2736153608937,31.6168169163688
-11551,-2053,0,107.494745169902,12.479300382383,32.3052445103152
-11551,-1553,0,108.0426903063,5.60252028147632,32.5069573973456
-11551,-1053,0,107.389608745323,-1.17751900298335,32.2243243892274
-11551,-553,0,105.582304344698,-7.67655255380472,31.4757910086381
-11551,-53,0,102.713793473297,-13.7129766992635,30.2996749277588
-11551,447,0,98.9276515572557,-19.1235428098698,28.7562565019313
-11551,947,0,94.4130701704468,-23.7837756123802,26.925780198279
-11551,1447,0,89.3882401636356,-27.6261921812658,24.9013008343229
-11551,1947,0,84.0748930049381,-30.6486429580212,22.7776041802876
-11551,2447,0,78.6714488563834,-32.9086052264604,20.6394612941269
-11551,2947,0,73.3331091278488,-34.5053188765958,18.5528805498537
-11551,3447,0,68.1638184278914,-35.5564440878968,16.5615441517459
-11551,3947,0,63.2198270702848,-36.1767753843044,14.6883418945296
-11551,4447,0,58.520804676163,-36.4639151124574,12.9402373561307
-11551,4947,0,54.063470850696,-36.4920996607105,11.3142447356456
-11551,5447,0,49.8338578331684,-36.3126447457076,9.80278884444928
-11551,5947,0,45.8162064344638,-35.9583791004928,8.39755808769349
-11551,6447,0,41.9981068955211,-35.4495789342955,7.09168490858004
-11551,6947,0,38.372467743009,-34.799634835206,5.88052819246898
-11551,7447,0,34.9372857596622,-34.019485233037,4.76150687493663
-11551,7947,0,31.694197635872,-33.1204958088023,3.73343183765935
-11551,8447,0,28.6466055880989,-32.115887147753,2.79569060543727
-11551,8947,0,25.7979152275478,-31.0210335943046,1.94751796093993
-11551,9447,0,23.1501812662985,-29.8530246439413,1.18747207510715
-11551,9947,0,20.7032639637029,-28.6298502982627,0.513148094618995
-11551,10447,0,18.4544693970757,-27.3694909400734,-0.0788954605808359
-11551,10947,0,16.3985759709012,-26.0890965666931,-0.593050460316967
-11551,11447,0,14.5281252460635,-24.8043531084178,-1.03447304313329
-11551,11947,0,12.833861356173,-23.529066814757,-1.40885120438155
-11551,12447,0,11.305225469815,-22.2749540873379,-1.72216699053132
-11551,12947,0,9.93083903469391,-21.0516008832694,-1.98048021704306
-11551,13447,0,8.69893509369357,-19.8665476560684,-2.18974832854904
-11551,13947,0,7.59771749173068,-18.7254572373201,-2.35568767311915
-11551,14447,0,6.61564243660048,-17.632329525294,-2.48367521297447
-11551,14947,0,5.74162617317083,-16.5897351116195,-2.57868608918087
-11551,15447,0,4.96518761293504,-15.5990480801413,-2.64526082830372
-11551,15947,0,4.27653686166343,-14.6606651607677,-2.68749566682162
-11551,16447,0,3.6666207787063,-13.7742038697859,-2.70904993438388
-11551,16947,0,3.12713580385455,-12.9386762457697,-2.71316528685492
-11551,17447,0,2.65051687398625,-12.1526375055853,-2.70269255504105
-11551,17947,0,2.22990968746747,-11.4143106661753,-2.6801229214454
-11551,18447,0,1.85913207174935,-10.721689164034,-2.64762097582792
-11551,18947,0,1.53262887587983,-10.0726199766967,-2.60705789987274
-11551,19447,0,1.24542368581809,-9.46486988323257,-2.56004358933781
-11551,19947,0,0.99306974798629,-8.89617742231269,-2.50795695172533
-11051,-20053,0,-0.823971809041545,7.91848911888632,-3.30143803105031
-11051,-19553,0,-0.722305767725875,8.50820902061403,-3.42320288577374
-11051,-19053,0,-0.598837263315007,9.15126842227361,-3.54638330460522
-11051,-18553,0,-0.449804950769493,9.85344536754696,-3.67002733395629
-11051,-18053,0,-0.270737093935167,10.6212494897394,-3.7928878793376
-11051,-17553,0,-0.0562941868475646,11.4620197899141,-3.91334408647418
-11051,-17053,0,0.199928442128807,12.3840309997061,-4.0293013393036
-11051,-16553,0,0.505648830221776,13.3966056504685,-4.13806397383573
-11051,-16053,0,0.870210857695136,14.5102261316544,-4.236173305219
-11051,-15553,0,1.30497754472601,15.7366365262998,-4.31920182875159
-11051,-15053,0,1.823824950476,17.0889170551313,-4.38149258251444
-11051,-14553,0,2.44375937028754,18.5815034194899,-4.41583089876445
-11051,-14053,0,3.18568209394028,20.2301077007877,-4.41303464373724
-11051,-13553,0,4.0753242986942,22.0514748555006,-4.3614495409307
-11051,-13053,0,5.14436633441659,24.0628771133894,-4.24634005186873
-11051,-12553,0,6.43173505677655,26.281205915066,-4.04917651722161
-11051,-12053,0,7.98503098233209,28.7214671806392,-3.7468405561486
-11051,-11553,0,9.86196050104203,31.3944247680365,-3.31081006692139
-11051,-11053,0,12.1315192163526,34.3030824824301,-2.70645185912977
-11051,-10553,0,14.8744707398503,37.4376784910739,-1.89265407165998
-11051,-10053,0,18.1823786842183,40.7689492209046,-0.822177763459433
-11051,-9553,0,22.1540975856307,44.2397065174287,0.556713853732404
-11051,-9053,0,26.8883091892334,47.7554046959623,2.29663104724749
-11051,-8553,0,32.4706507898223,51.1754816548904,4.44470781678364
-11051,-8053,0,38.9546711907286,54.3087945848322,7.03315300503527
-11051,-7553,0,46.3378263002749,56.9179154727794,10.0673212893706
-11051,-7053,0,54.5371970549841,58.7371190593964,13.5136324075673
-11051,-6553,0,63.3735264265889,59.5058078750771,17.2915566809548
-11051,-6053,0,72.5735884190034,59.0121801533467,21.274529189726
-11051,-5553,0,81.7963599126014,57.1339443448474,25.3024254916021
-11051,-5053,0,90.6779921679505,53.8601347568894,29.2031876951083
-11051,-4553,0,98.8803804695429,49.2851655122568,32.8162979079159
-11051,-4053,0,106.126309809076,43.5796975407072,36.0098895743606
-11051,-3553,0,112.21229410337,36.9530298954927,38.6871346811985
-11051,-3053,0,117.001679464649,29.6222556185543,40.7830362876892
-11051,-2553,0,120.407789516294,21.7965052061145,42.2562930908884
-11051,-2053,0,122.377732043544,13.6764269055522,43.0814037672225
-11051,-1553,0,122.884377296539,5.46356204006319,43.2447287558115
-11051,-1053,0,121.929766344912,-2.62821610210428,42.7461559389951
-11051,-553,0,119.558866477027,-10.3675438015585,41.6058600127692
-11051,-53,0,115.878075209105,-17.5137283900634,39.8734085892252
-11051,447,0,111.068756665734,-23.8410915970059,37.6344664296831
-11051,947,0,105.384830299138,-29.1747651989457,35.0097721761047
-11051,1447,0,99.1281868780777,-33.424882516491,32.1433895249071
-11051,1947,0,92.6063397531087,-36.603194859981,29.1823490361472
-11051,2447,0,86.0870271843382,-38.8130875431592,26.2547330421158
-11051,2947,0,79.7664256326954,-40.2172380545431,23.4542153996791
-11051,3447,0,73.7597085658495,-40.9971102404555,20.8353229693587
-11051,3947,0,68.1115901481009,-41.3188940030958,18.4183756507348
-11051,4447,0,62.8177818168574,-41.3136889522708,16.1997820282913
-11051,4947,0,57.8479750087787,-41.072066581714,14.1631423850581
-11051,5447,0,53.1643575835289,-40.6487268826432,12.2882127454796
-11051,5947,0,48.7334851761051,-40.0720807459331,10.5566383422216
-11051,6447,0,44.5319103419825,-39.3546957892396,8.95464584396609
-11051,6947,0,40.5471575153021,-38.5021776231532,7.47348174936346
-11051,7447,0,36.7758619042793,-37.5194580195225,6.10850194920609
-11051,7947,0,33.2206316421403,-36.4144073563246,4.85768387919317
-11051,8447,0,29.8867553355235,-35.1992153693092,3.72010705093128
-11051,8947,0,26.7794309391774,-33.890197191094,2.69471939854281
-11051,9447,0,23.9018185283644,-32.5066868695063,1.77951917153704
-11051,9947,0,21.2539512827376,-31.0695672147746,0.971151088794393
-11051,10447,0,18.8323778828999,-29.5998228317458,0.264840619569876
-11051,10947,0,16.6303387620481,-28.1173420031742,-0.34543870356875
-11051,11447,0,14.6382721521177,-26.6400615658803,-0.866667631196466
-11051,11947,0,12.8444765822867,-25.1834580009852,-1.30643643566394
-11051,12447,0,11.235802237611,-23.7603358940285,-1.6726110302485
-11051,12947,0,9.79828947261751,-22.3808432409251,-1.97304414168088
-11051,13447,0,8.51771091206941,-21.0526414926218,-2.21534685076842
-11051,13947,0,7.38000131291817,-19.7811676555283,-2.40672280556357
-11051,14447,0,6.37157722406097,-18.5699395581119,-2.55385963196448
-11051,14947,0,5.47955842971729,-17.4208694353472,-2.66286828179478
-11051,15447,0,4.69190749264432,-16.3345631539488,-2.73925996891105
-11051,15947,0,3.99750446112232,-15.3105919338487,-2.78795085915541
-11051,16447,0,3.38617252795266,-14.3477303249449,-2.81328600187895
-11051,16947,0,2.84866820496101,-13.4441588530643,-2.81907559597246
-11051,17447,0,2.37664707666746,-12.5976326524196,-2.80863826392525
-11051,17947,0,1.96261380245454,-11.8056190323461,-2.78484740731474
-11051,18447,0,1.59986293260985,-11.065407684979,-2.75017787628773
-11051,18947,0,1.28241535467259,-10.3741974373084,-2.70675109979701
-11051,19447,0,1.00495378906209,-9.72916330952791,-2.65637751687249
-11051,19947,0,0.762759670528866,-9.12750731626067,-2.60059565728177
-10551,-20053,0,-1.09492971096401,8.00016867726418,-3.43188638352243
-10551,-19553,0,-1.0148564657828,8.60907735544577,-3.563407700277
-10551,-19053,0,-0.915008968476756,9.27467648098219,-3.69705204487286
-10551,-18553,0,-0.791847510377203,10.003377132782,-3.83188643557639
-10551,-18053,0,-0.641144497458371,10.8024630992352,-3.96666695844235
-10551,-17553,0,-0.457825367882731,11.6802254531118,-4.09975133105089
-10551,-17053,0,-0.235766183532584,12.6461162010794,-4.22898604809216
-10551,-16553,0,0.03246507365873,13.7109210822851,-4.3515603939195
-10551,-16053,0,0.355940344746632,14.8869494148727,-4.46381729502621
-10551,-15553,0,0.745798161859287,16.1882350431853,-4.56100808904985
-10551,-15053,0,1.21579267735788,17.6307359397851,-4.636974774315
-10551,-14553,0,1.78299928057052,19.2325093859562,-4.68373926357223
-10551,-14053,0,2.46871793731764,21.0138227206453,-4.69097495022941
-10551,-13553,0,3.29962100578424,22.9971333269301,-4.64533237496303
-10551,-13053,0,4.30919345824049,25.2068316635447,-4.5295897866764
-10551,-12553,0,5.53950412167626,27.6685826228687,-4.32160444520723
-10551,-12053,0,7.04331582521112,30.4080180404582,-3.99305795627176
-10551,-11553,0,8.88647162162726,33.4484238990917,-3.50802949845385
-10551,-11053,0,11.1503539463375,36.8069351492636,-2.82151141401312
-10551,-10553,0,13.9339609475963,40.4886255311917,-1.87812629766022
-10551,-10053,0,17.3547275706877,44.4778298586923,-0.611541501766422
-10551,-9553,0,21.5466007785246,48.7262127028342,1.05457605252405
-10551,-9053,0,26.6531019587878,53.1377709285969,3.20279497891223
-10551,-8553,0,32.8124440290196,57.5525134459792,5.91372563754411
-10551,-8053,0,40.1319361118709,61.7333179395761,9.25190943735466
-10551,-7553,0,48.6512183261229,65.3640880010846,13.2456184237799
-10551,-7053,0,58.299723223882,68.0697870141764,17.8636000580103
-10551,-6553,0,68.8626368990798,69.4658691784236,22.9965399734487
-10551,-6053,0,79.9760793088303,69.2319535156683,28.4543309834243
-10551,-5553,0,91.1665390295261,67.1856261472298,33.9870724368856
-10551,-5053,0,101.927927992112,63.3222460502085,39.3262105635485
-10551,-4553,0,111.805515930593,57.800513575179,44.2295258053412
-10551,-4053,0,120.451538351278,50.8844083186299,48.5112542938545
-10551,-3553,0,127.636854158912,42.873876104733,52.048834623539
-10551,-3053,0,133.227869190128,34.0541232494417,54.7709127581609
-10551,-2553,0,137.149834363626,24.6758799569294,56.6377536613216
-10551,-2053,0,139.35541162347,14.9631174075557,57.6242696166161
-10551,-1553,0,139.809720893754,5.13714447415849,57.7118756467695
-10551,-1053,0,138.496207480578,-4.55591746231795,56.8916431246023
-10551,-553,0,135.442116132769,-13.8277399513774,55.1781039774644
-10551,-53,0,130.755762145452,-22.3535702522541,52.6294007955775
-10551,447,0,124.659301004374,-29.8095393685039,49.3649249915324
-10551,947,0,117.494874559844,-35.9364230702805,45.5685987588465
-10551,1447,0,109.688162153306,-40.6056133090242,41.4693703253673
-10551,1947,0,101.67526575489,-43.8530146407636,37.3021258655249
-10551,2447,0,93.8230414686655,-45.8603793374768,33.2649601535206
-10551,2947,0,86.3775267188619,-46.8942102470426,29.4911974192519
-10551,3447,0,79.4557475992225,-47.233782170534,26.0444654535147
-10551,3947,0,73.0718337238487,-47.1169729706484,22.9322546966264
-10551,4447,0,67.1772772512826,-46.7150053967282,20.127333205824
-10551,4947,0,61.6984440107908,-46.1318089863214,17.5879236130973
-10551,5447,0,56.5631278296857,-45.4176435806936,15.2721026360216
-10551,5947,0,51.7150012036521,-44.5875346973563,13.1457036850588
-10551,6447,0,47.118378548711,-43.6384718331125,11.1849897978396
-10551,6947,0,42.7566726785897,-42.5625113435097,9.37593149605322
-10551,7447,0,38.6275958073214,-41.3550871915267,7.71175758771722
-10551,7947,0,34.7373822611576,-40.019042168417,6.19001681350459
-10551,8447,0,31.0954927099175,-38.5654344977957,4.8099289994765
-10551,8947,0,27.7105573267214,-37.0122938463435,3.57041290409798
-10551,9447,0,24.5877843783242,-35.3823691481833,2.46888833675408
-10551,9947,0,21.72771346381,-33.7006541219985,1.50076724324645
-10551,10447,0,19.1260124074051,-31.9921893352656,0.659459632072168
-10551,10947,0,16.7739664737923,-30.2803862033583,-0.0632981205050349
-10551,11447,0,14.6593417601096,-28.5859311005775,-0.67696013207004
-10551,11947,0,12.7673780958473,-26.9262127131843,-1.19165660034975
-10551,12447,0,11.0817484935711,-25.3151615242879,-1.61772578503253
-10551,12947,0,9.5853934136824,-23.7633784680363,-1.9653317521738
-10551,13447,0,8.26119126599279,-22.2784423157086,-2.24417987258285
-10551,13947,0,7.09246135364028,-20.8653084177662,-2.46332514802322
-10551,14447,0,6.06331514378043,-19.5267361742515,-2.63105975593352
-10551,14947,0,5.15888062722182,-18.2637043941425,-2.75486315890045
-10551,15447,0,4.36542654201261,-17.0757907725383,-2.84139846702075
-10551,15947,0,3.67041141014448,-15.9615039765692,-2.89654080666245
-10551,16447,0,3.06247873675635,-14.9185649876541,-2.9254261510917
-10551,16947,0,2.53141561713018,-13.9441393449757,-2.93251177531866
-10551,17447,0,2.06808808563426,-13.0350246769338,-2.92164189359193
-10551,17947,0,1.66436314553832,-12.1877991401978,-2.89611400530196
-10551,18447,0,1.31302464017075,-11.3989366718735,-2.85874300667759
-10551,18947,0,1.00768794527421,-10.6648946965277,-2.81192126879088
-10551,19447,0,0.74271680541699,-9.98217938200994,-2.75767370465143
-10551,19947,0,0.513144412263631,-9.34739287475163,-2.6977074183
-10051,-20053,0,-1.37520278205108,8.06041418022621,-3.56643785337535
-10051,-19553,0,-1.31840795178646,8.68643799975573,-3.70840422662413
-10051,-19053,0,-1.24419257827995,9.37225882578192,-3.85332163676002
-10051,-18553,0,-1.14931511852548,10.1248887728041,-4.00030016509856
-10051,-18053,0,-1.0298902342803,10.9523514878953,-4.14812858010154
-10051,-17553,0,-0.881234727741521,11.8638551430811,-4.29517927387163
-10051,-17053,0,-0.697668952838419,12.8699964800476,-4.43928388610419
-10051,-16553,0,-0.472259140782701,13.9829998577439,-4.57756997991177
-10051,-16053,0,-0.196481104896581,15.2169942450595,-4.70624587214759
-10051,-15553,0,0.140220794751583,16.5883286576219,-4.82031641048228
-10051,-15053,0,0.551014127542681,18.1159216054044,-4.91320688182535
-10051,-14553,0,1.0524439209946,19.8216309931296,-4.97626512068818
-10051,-14053,0,1.66544218228234,21.7306148950449,-4.99810321678051
-10051,-13553,0,2.41665553739329,23.8716265174757,-4.9637303888355
-10051,-13053,0,3.34018014014439,26.2771421520738,-4.85341895096786
-10051,-12553,0,4.47980289423459,28.983149900704,-4.64123916103638
-10051,-12053,0,5.89184210448371,32.0283171584554,-4.29320314807293
-10051,-11553,0,7.64863784964989,35.4520918053164,-3.7649868255825
-10051,-11053,0,9.84262370302556,39.2910636649016,-2.99927681574212
-10051,-10553,0,12.5906497100864,43.5726224778103,-1.92295954753563
-10051,-10053,0,16.0377160256498,48.3046469344098,-0.444697298215091
-10051,-9553,0,20.358376103826,53.4598094926528,1.54599505546751
-10051,-9053,0,25.7526567659631,58.9534754453555,4.17618473393312
-10051,-8553,0,32.4315184818206,64.6158775136852,7.58038383952155
-10051,-8053,0,40.5854519097974,70.1633988727087,11.8809665120423
-10051,-7553,0,50.3311045283372,75.1811993190049,17.1552085827868
-10051,-7053,0,61.639011514545,79.138109711727,23.391125897631
-10051,-6553,0,74.2635517777264,81.4560598328237,30.4451324424748
-10051,-6053,0,87.7167594859263,81.6359046937868,38.0264790384164
-10051,-5553,0,101.325885390877,79.3971353533868,45.731949218703
-10051,-5053,0,114.369922675488,74.7555278991678,53.1276915897851
-10051,-4553,0,126.230444789729,67.9896263838481,59.8398709313228
-10051,-4053,0,136.480605610884,59.5223026039239,65.608932059872
-10051,-3553,0,144.886196930115,49.7919931119009,70.2914419922855
-10051,-3053,0,151.347696966225,39.1716896319863,73.8260809628173
-10051,-2553,0,155.828189539113,27.9491676569712,76.1904104878519
-10051,-2053,0,158.298088045729,16.3530231102755,77.3673024805142
-10051,-1553,0,158.710090704591,4.60278796282396,77.3295875159839
-10051,-1053,0,157.008358395339,-7.03596197457475,76.045618138809
-10051,-553,0,153.171565361959,-18.2103806372744,73.5054958479568
-10051,-53,0,147.282024281001,-28.4757816589383,69.7629388683638
-10051,447,0,139.596708358283,-37.3497404715333,64.9778947560958
-10051,947,0,130.576855414456,-44.4259970957724,59.4338923069585
-10051,1447,0,120.835336138961,-49.5051064193275,53.5060827338247
-10051,1947,0,111.005878191772,-52.6656330428189,47.5826646849543
-10051,2447,0,101.598032884663,-54.2265697095164,41.9775428432844
-10051,2947,0,92.9131683249772,-54.6266850293492,36.8788953647621
-10051,3447,0,85.0468582652885,-54.2942373084986,32.3492333724007
-10051,3947,0,77.9485613788154,-53.5632222769021,28.3602850955682
-10051,4447,0,71.4946821040367,-52.6471735017849,24.836701172116
-10051,4947,0,65.5468389662508,-51.6527332756977,21.69144346714
-10051,5447,0,59.9869537261374,-50.6105042654498,18.8474417732129
-10051,5947,0,54.7321262881191,-49.5075651986458,16.2470698739878
-10051,6447,0,49.7357738078929,-48.3139447651343,13.8532844465288
-10051,6947,0,44.9811434459144,-47.0006625270728,11.6461365354935
-10051,7447,0,40.4717744018835,-45.5497513565185,9.61744684650986
-10051,7947,0,36.2219171114098,-43.9579069503847,7.76546120251433
-10051,8447,0,32.2486171138817,-42.2357783531719,6.09049031998754
-10051,8947,0,28.5661740628651,-40.4048070518853,4.59192621262614
-10051,9447,0,25.182986555038,-38.4931539784883,3.26661187401763
-10051,9947,0,22.1003768059837,-36.5317747238926,2.10830504368018
-10051,10447,0,19.3128169562238,-34.5512345805194,1.10788925458266
-10051,10947,0,16.8089845522631,-32.5794784982348,0.25400087916489
-10051,11447,0,14.5731816368778,-30.6405204168782,-0.466188402485911
-10051,11947,0,12.5867936028969,-28.7538848371866,-1.06620762604967
-10051,12447,0,10.8295966680345,-26.9345912929062,-1.55963710333342
-10051,12947,0,9.28082562249238,-25.1934848017934,-1.95961140123405
-10051,13447,0,7.91998220265821,-23.5377533711492,-2.27847542457386
-10051,13947,0,6.72740393898313,-21.9715177955481,-2.52757435171354
-10051,14447,0,5.68463163675246,-20.4964187898655,-2.71715030212055
-10051,14947,0,4.77461850115395,-19.1121577786867,-2.85631806591614
-10051,15447,0,3.98182131704358,-17.8169699643024,-2.95309543985529
-10051,15947,0,3.29220810625431,-16.6080229193996,-3.01446836895141
-10051,16447,0,2.69320976370498,-15.4817427338306,-3.04647585365994
-10051,16947,0,2.17363662275973,-14.4340744385382,-3.05430379400751
-10051,17447,0,1.72357529441753,-13.4606854537913,-3.04238036681292
-10051,17947,0,1.334276618484,-12.5571212092104,-3.01446815973985
-10051,18447,0,0.998042097863335,-11.7189215775425,-2.97375021248064
-10051,18947,0,0.708113608405405,-10.9417058183771,-2.92290847290175
-10051,19447,0,0.458569312909954,-10.2212326259248,-2.86419409552441
-10051,19947,0,0.244227395948549,-9.55344077935633,-2.79948960553556
-9551,-20053,0,-1.66312035182875,8.09777903360814,-3.70485090168602
-9551,-19553,0,-1.63107221563796,8.73856636043561,-3.8579422401703
-9551,-19053,0,-1.58424809162407,9.44194755664519,-4.01493718953967
-9551,-18553,0,-1.51977585711741,10.2154849860021,-4.17501555809767
-9551,-18053,0,-1.4342052302602,11.0678829610408,-4.33703217163961
-9551,-17553,0,-1.32336610511248,12.0091987062878,-4.49941600858835
-9551,-17053,0,-1.18218380679739,13.0510971677849,-4.66003657439131
-9551,-16553,0,-1.00443603649127,14.2071582417611,-4.81602599331571
-9551,-16053,0,-0.782430483276639,15.4932456516273,-4.96354100535251
-9551,-15553,0,-0.506574070816231,16.9279464555355,-5.09744315425192
-9551,-15053,0,-0.16479380626403,18.5330880513654,-5.21086738741164
-9551,-14553,0,0.258245743868554,20.3343338680981,-5.2946383906384
-9551,-14053,0,0.782203262465543,22.3618467834468,-5.33647952942345
-9551,-13553,0,1.4325005198703,24.6509857969061,-5.31994068843976
-9551,-13053,0,2.24227384433871,27.2429585669726,-5.22294864802263
-9551,-12553,0,3.25500566080972,30.185277184583,-5.01585866239606
-9551,-12053,0,4.52803717079636,33.5317370255119,-4.65886425063762
-9551,-11553,0,6.13717454301447,37.341429419265,-4.09861769793011
-9551,-11053,0,8.18255071396133,41.6759692053672,-3.26395636318629
-9551,-10553,0,10.7957108952022,46.5936261729307,-2.06077959128834
-9551,-10053,0,14.1473958747837,52.1383780158942,-0.366489452666611
-9551,-9553,0,18.4544308365287,58.3211403266119,1.97481500407195
-9551,-9053,0,23.982080133779,65.0899665176948,5.15374287899394
-9551,-8553,0,31.034785475714,72.2869421776948,9.38857934738204
-9551,-8053,0,39.9235967637299,79.5942185125872,14.9016949988467
-9551,-7553,0,50.8955912299474,86.483894221848,21.8694942737677
-9551,-7053,0,64.0176782677952,92.2080321210191,30.3413488736582
-9551,-6553,0,79.0382590262308,95.88411352134,40.1444905219744
-9551,-6053,0,95.3048883769827,96.708754899514,50.828527150133
-9551,-5553,0,111.840504861201,94.2329174722284,61.7185577765856
-9551,-5053,0,127.592649668794,88.523923265619,72.0857673452685
-9551,-4553,0,141.714599356251,80.0874083211607,81.3401384827624
-9551,-4053,0,153.706136416729,69.619044265374,89.1287564320315
-9551,-3553,0,163.376943701413,57.7660209546303,95.3133193839532
-9551,-3053,0,170.717725285371,45.0069373548501,99.8831964103803
-9551,-2553,0,175.770734505817,31.6468911439249,102.866424833737
-9551,-2053,0,178.542567055162,17.8802318658792,104.268958024507
-9551,-1553,0,178.967046289688,3.88195011579956,104.048586297086
-9551,-1053,0,176.917556615652,-10.0946693798263,102.123617338273
-9551,-553,0,172.271811892805,-23.6342735531862,98.4182353475145
-9551,-53,0,165.029193984911,-36.1248748069961,92.9438673861641
-9551,447,0,155.453450937147,-46.825242752063,85.8968898365954
-9551,947,0,144.161136446883,-55.0650140424773,77.7179052303687
-9551,1447,0,132.052717398953,-60.5097430648178,69.043211408588
-9551,1947,0,120.071468444975,-63.3160445150097,60.5392528046564
-9551,2447,0,108.930341205979,-64.0500447973668,52.7148275227689
-9551,2947,0,98.9777377738754,-63.438600087337,45.8266901667971
-9551,3447,0,90.2377562747268,-62.1318482692318,39.9039960188354
-9551,3947,0,82.5389032260809,-60.5829364451013,34.8346902241745
-9551,4447,0,75.6401006440463,-59.0375391909691,30.4519029995128
-9551,4947,0,69.3142000910832,-57.5806032020884,26.5923138913267
-9551,5447,0,63.3882826432546,-56.197023052637,23.1251529003081
-9551,5947,0,57.7537532114579,-54.8243772912874,19.9603806654907
-9551,6447,0,52.3593041832213,-53.3906792637733,17.0449829457267
-9551,6947,0,47.1961768081849,-51.8371883548473,14.3539150256952
-9551,7447,0,42.2817264279794,-50.1289817366819,11.8798430326556
-9551,7947,0,37.6448095371678,-48.2567063898735,9.62405435609053
-9551,8447,0,33.3147367616499,-46.2328576177593,7.58965906014505
-9551,8947,0,29.3142510750992,-44.0854520367014,5.77733442230195
-9551,9447,0,25.6561239087626,-41.8512429722341,4.18330865724375
-9551,9947,0,22.3424974307282,-39.5698230962271,2.79900265248418
-9551,10447,0,19.3659834866893,-37.2792359988898,1.61169614966673
-9551,10947,0,16.7116486825037,-35.0131857546742,0.60567758777956
-9551,11447,0,14.3592457525998,-32.7996212022591,-0.236507544451217
-9551,11947,0,12.2852944950845,-30.6603451143281,-0.932938441986424
-9551,12447,0,10.4648150232808,-28.6112951183367,-1.50143510915341
-9551,12947,0,8.8726536487023,-26.6632028217225,-1.95893038831663
-9551,13447,0,7.48442239724389,-24.8224167083167,-2.32107321591377
-9551,13947,0,6.27711149815677,-23.0917484009797,-2.60201864442423
-9551,14447,0,5.22944547996294,-21.4712605301467,-2.81435663061034
-9551,14947,0,4.32204993737566,-19.9589560124832,-2.96913648355133
-9551,15447,0,3.53748582300923,-18.5513554030456,-3.07595207283682
-9551,15947,0,2.86019613694584,-17.2439647728811,-3.14306150682735
-9551,16447,0,2.27639864255689,-16.0316447536544,-3.17752260295978
-9551,16947,0,1.77394876911805,-14.9088947516865,-3.1853315950187
-9551,17447,0,1.34218940106672,-13.870066856394,-3.17155714426711
-9551,17947,0,0.971798639017577,-12.9095229783886,-3.14046504389197
-9551,18447,0,0.654642539011004,-12.0217470797913,-3.09563129494193
-9551,18947,0,0.383636960922435,-11.2014224892466,-3.04004274288128
-9551,19447,0,0.152620686183576,-10.4434824890259,-2.97618541349631
-9551,19947,0,-0.0437593461799113,-9.743140747076,-2.90612124551314
-9051,-20053,0,-1.95683223919673,8.1110378098811,-3.84681963800936
-9051,-19553,0,-1.95073837182144,8.76399684484389,-4.01169380473383
-9051,-19053,0,-1.93275617899095,9.48197865825791,-4.18154941761865
-9051,-18553,0,-1.9004444195412,10.2730272275964,-4.35566434721882
-9051,-18053,0,-1.85086918859702,11.1464441542191,-4.53299559746487
-9051,-17553,0,-1.78048209194864,12.1130347555986,-4.7120750736119
-9051,-17053,0,-1.68495975495313,13.1854107010172,-4.89086991908868
-9051,-16553,0,-1.55898997023018,14.3783628020066,-5.06659422466398
-9051,-16053,0,-1.39598364919005,15.7093202908817,-5.2354536065511
-9051,-15553,0,-1.1876829428735,17.198915564394,-5.39229661460607
-9051,-15053,0,-0.923623301096119,18.8716752529157,-5.53013623977109
-9051,-14553,0,-0.59038927300535,20.7568582250612,-5.63948967083641
-9051,-14053,0,-0.170578411083578,22.8894561307668,-5.70746322731978
-9051,-13553,0,0.358647938145359,25.3113574827022,-5.7164799955327
-9051,-13053,0,1.02759690136601,28.0726433769445,-5.64250787702195
-9051,-12553,0,1.87689376464316,31.2329164734713,-5.45259388284298
-9051,-12053,0,2.96146337144133,34.8624385664867,-5.10144753287267
-9051,-11553,0,4.35604469357117,39.0426222549918,-4.52675036533785
-9051,-11053,0,6.16270596622075,43.8650189603778,-3.64282549481057
-9051,-10553,0,8.52079802474158,49.4272644845998,-2.33234523119382
-9051,-10053,0,11.6194852720834,55.8233491392705,-0.436031190126863
-9051,-9553,0,15.7120567737944,63.1239576052974,2.25888605927389
-9051,-9053,0,21.1289140559,71.3405851979757,6.02874661520461
-9051,-8553,0,28.2812019426788,80.3656423749394,11.2153450888311
-9051,-8053,0,37.6379881878612,89.8831743475648,18.2056417763842
-9051,-7553,0,49.6473577508242,99.2596606042732,27.3656076432797
-9051,-7053,0,64.5669602774125,107.465500371002,38.9014935795787
-9051,-6553,0,82.2079231785486,113.144447556605,52.6535099535
-9051,-6053,0,101.718562133454,114.962216548002,67.9243344327327
-9051,-5553,0,121.658180166782,112.164887480191,83.5409047721638
-9051,-5053,0,140.460752050746,104.938730297169,98.2267275355178
-9051,-4553,0,156.973394529344,94.2235718056281,111.034355404023
-9051,-4053,0,170.665907031769,81.1786804392083,121.51734536144
-9051,-3553,0,181.487301473337,66.7513627817358,129.619704312092
-9051,-3053,0,189.604419928007,51.528263718131,135.467732316554
-9051,-2553,0,195.192886034133,35.7851651835561,139.200994544824
-9051,-2053,0,198.318005704313,19.6156921960562,140.874766787599
-9051,-1553,0,198.888120030376,3.07947470862293,140.42160280211
-9051,-1053,0,196.667251821274,-13.6439914693995,137.662145731672
-9051,-553,0,191.357347629136,-30.1034211054158,132.37325230354
-9051,-53,0,182.775220247427,-45.4692662319983,124.432355515905
-9051,447,0,171.116990178715,-58.5837004939023,114.030157211736
-9051,947,0,157.183248014914,-68.2945230187964,101.848717984255
-9051,1447,0,142.315169874316,-74.002303131766,89.0067529486244
-9051,1947,0,127.941874638165,-76.012762102587,76.6949337202238
-9051,2447,0,115.053119578835,-75.347427086797,65.7508321978296
-9051,2947,0,103.998969252286,-73.2117399208664,56.4927173649665
-9051,3447,0,94.6379362769587,-70.5693307235542,48.8323584073789
-9051,3947,0,86.5963137089258,-67.9987074991768,42.4804006463144
-9051,4447,0,79.4677612565658,-65.7419199256716,37.1072601108309
-9051,4947,0,72.9178501627003,-63.8168522528913,32.4293431272348
-9051,5447,0,66.719032214347,-62.1232291079957,28.2397019793986
-9051,5947,0,60.7470180677117,-60.5204823317882,24.4076190951917
-9051,6447,0,54.9596007068768,-58.8768505862262,20.8640606262246
-9051,6947,0,49.3700039262499,-57.0952055000433,17.5827465237845
-9051,7447,0,44.021434061741,-55.1218297426439,14.5620879811019
-9051,7947,0,38.9664098022711,-52.9438622556281,11.8106380402916
-9051,8447,0,34.2523783601217,-50.5804063709259,9.33705143716074
-9051,8947,0,29.9135797694043,-48.0713577437081,7.14441638004768
-9051,9447,0,25.9680710739604,-45.4668150403005,5.22811360195514
-9051,9947,0,22.4183339241061,-42.8186693229698,3.57606651603812
-9051,10447,0,19.2538989852186,-40.1748910975951,2.17029479945641
-9051,10947,0,16.454741475485,-37.5763131990848,0.988931150163308
-9051,11447,0,13.9946272543528,-35.0553555521887,0.00816471407825015
-9051,11947,0,11.8439727689796,-32.6360623930073,-0.796160690827914
-9051,12447,0,9.97206049879208,-30.3349036610938,-1.44737913146453
-9051,12947,0,8.34861966729414,-28.161932278778,-1.96724295562806
-9051,13447,0,6.94486407033904,-26.1220285251776,-2.37549850111469
-9051,13947,0,5.73410516973412,-24.2160751279997,-2.68971209022675
-9051,14447,0,4.69205432285389,-22.4419861601886,-2.92526824611542
-9051,14947,0,3.79691027454258,-20.795563459295,-3.09547684781343
-9051,15447,0,3.02930680224144,-19.2711833795311,-3.21174196245898
-9051,15947,0,2.37217564620406,-17.8623312883536,-3.28375925746626
-9051,16447,0,1.81056351186192,-16.5620068744738,-3.31972015160322
-9051,16947,0,1.33142933011413,-15.363023925076,-3.32650920872119
-9051,17447,0,0.923438704692838,-14.2582262607284,-3.30988714696713
-9051,17947,0,0.576765923066155,-13.2406384923346,-3.27465577969189
-9051,18447,0,0.282909412039859,-12.3035670250317,-3.22480373462409
-9051,18947,0,0.0345235269221728,-11.4406637050478,-3.16363333571046
-9051,19447,0,-0.174732364549855,-10.6459618686646,-3.09386989752682
-9051,19947,0,-0.350327734164999,-9.91389235491436,-3.01775510792787
-8551,-20053,0,-2.2543447224217,8.09922099390371,-3.99197324375611
-8551,-19553,0,-2.27511626288026,8.76156822567863,-4.16925188575243
-8551,-19053,0,-2.28707095245841,9.49095177813939,-4.35271194315265
-8551,-18553,0,-2.28824572940037,10.2958131486642,-4.54175817651043
-8551,-18053,0,-2.27628676880769,11.1859464031252,-4.73548708204178
-8551,-17553,0,-2.24835426118861,12.1727740510641,-4.93258222961355
-8551,-17053,0,-2.20099593396597,13.2696909871795,-5.13117259547021
-8551,-16553,0,-2.12997651858404,14.4924951006387,-5.32863942344287
-8551,-16053,0,-2.03004450697606,15.8599281512076,-5.5213509529234
-8551,-15553,0,-1.89460886121794,17.3943564822578,-5.70429532409507
-8551,-15053,0,-1.71528545484557,19.1226278729404,-5.87056877127391
-8551,-14553,0,-1.48125388576452,21.0771476001024,-6.01065688346447
-8551,-14053,0,-1.17833690660232,23.297221811693,-6.1114184081614
-8551,-13553,0,-0.787672759120682,25.8307157786996,-6.15463978226251
-8551,-13053,0,-0.283789187329235,28.7360607367713,-6.11496881455898
-8551,-12553,0,0.36820098358571,32.0846007567359,-5.95695075543871
-8551,-12053,0,1.21668808031671,35.9631718293119,-5.6307717674848
-8551,-11553,0,2.32951183001169,40.4765963118923,-5.06615850937373
-8551,-11053,0,3.80254855900703,45.7493617497366,-4.16369475925234
-8551,-10553,0,5.77193277914042,51.9249668019377,-2.78263807104285
-8551,-10053,0,8.43098830142599,59.1599789478416,-0.72428316166515
-8551,-9553,0,12.0525378579443,67.6073308018541,2.28962400447596
-8551,-9053,0,17.0154745297504,77.3792667525661,6.64210505992659
-8551,-8553,0,23.8292746727336,88.4745422217922,12.8433595791065
-8551,-8053,0,33.1374273125817,100.649452722296,21.5315744385344
-8551,-7553,0,45.6549074340448,113.219948438597,33.4083748875542
-8551,-7053,0,61.9594318429262,124.837992587097,49.0312181906923
-8551,-6553,0,82.0674432821119,133.443508137799,68.3968165389192
-8551,-6053,0,104.938515807475,136.77313595082,90.4576514662663
-8551,-5553,0,128.458484245123,133.500701338407,113.109141021489
-8551,-5053,0,150.294581903733,124.073867727684,134.029875558097
-8551,-4553,0,168.92840238676,110.255110150837,151.696104391219
-8551,-4053,0,183.918458116061,93.9593969193514,165.643637786849
-8551,-3553,0,195.501493656512,76.5228884112462,176.081556789583
-8551,-3053,0,204.119801321665,58.601221103555,183.430406777643
-8551,-2553,0,210.131314162371,40.3561363111602,188.037092506041
-8551,-2053,0,213.678256030189,21.6861889818891,190.044730011387
-8551,-1553,0,214.641289043575,2.43805377486759,189.347378181116
-8551,-1053,0,212.645741496821,-17.3809541197994,185.597552581531
-8551,-553,0,207.140415762663,-37.3578390599617,178.28637457301
-8551,-53,0,197.620778095019,-56.4228248054786,166.965436739242
-8551,447,0,184.064590221113,-72.7826660933626,151.67480704762
-8551,947,0,167.438220148984,-84.4141930052256,133.436413091945
-8551,1447,0,149.725616898719,-90.1918909608988,114.277004780864
-8551,1947,0,133.087661359867,-90.7157091727722,96.3990915287419
-8551,2447,0,118.844919210948,-87.8498323316116,81.1778176709397
-8551,2947,0,107.228824027824,-83.566250568198,68.9081362707924
-8551,3447,0,97.7878770994121,-79.2261985417953,59.1945175718925
-8551,3947,0,89.8576082492032,-75.493417318356,51.407283635404
-8551,4447,0,82.8349125642268,-72.5296895511421,44.9513107474272
-8551,4947,0,76.2811400444067,-70.2155493377799,39.369429189884
-8551,5447,0,69.933099064062,-68.3138719771922,34.3569953854028
-8551,5947,0,63.6750198377252,-66.5728515827164,29.7392084994704
-8551,6447,0,57.4977770829813,-64.7831653091394,25.4367583540993
-8551,6947,0,51.4574995882377,-62.8031317908456,21.4313016676318
-8551,7447,0,45.6396387643565,-60.5621357087339,17.7360167986232
-8551,7947,0,40.1317302498982,-58.050427623927,14.3736043012174
-8551,8447,0,35.0059823453809,-55.3021844437574,11.362270636843
-8551,8947,0,30.3109340809282,-52.377369088443,8.70881294665066
-8551,9447,0,26.0700829147499,-49.3460997909117,6.40701595611769
-8551,9947,0,22.2848848736757,-46.2772783727641,4.43930968900878
-8551,10447,0,18.9397869295274,-43.2316482343951,2.77990903621208
-8551,10947,0,16.0076121945273,-40.2585223704397,1.39819395418322
-8551,11447,0,13.4543332428234,-37.3950925888084,0.261639071063398
-8551,11947,0,11.2428329589912,-34.6672930313028,-0.661977493943175
-8551,12447,0,9.33560945691911,-32.0914275202069,-1.40309715537764
-8551,12947,0,7.69656231137523,-29.6760341697294,-1.98952112643113
-8551,13447,0,6.29205991371813,-27.4236805891072,-2.44601476616686
-8551,13947,0,5.09148516625707,-25.3325390070832,-2.79423082357937
-8551,14447,0,4.06742564863787,-23.3976888511766,-3.05283343582898
-8551,14947,0,3.19563599956605,-21.6121494529456,-3.23773540829705
-8551,15447,0,2.45486478431239,-19.9676722665729,-3.36238845751771
-8551,15947,0,1.82660931004157,-18.4553316779002,-3.43808739766962
-8551,16447,0,1.29484015564124,-17.0659539230656,-3.47426473058708
-8551,16947,0,0.845721658536196,-15.7904196746097,-3.4787627275775
-8551,17447,0,0.467343915725897,-14.6198702761239,-3.45807703932662
-8551,17947,0,0.14947474119502,-13.5458418866756,-3.41757019160994
-8551,18447,0,-0.116664565279685,-12.5603466221506,-3.36165585438033
-8551,18947,0,-0.338598634755334,-11.6559154042088,-3.29395612621314
-8551,19447,0,-0.522773318454606,-10.8256136751601,-3.21743468743225
-8551,19947,0,-0.674708468326364,-10.0630383317749,-3.13450883644751
-8051,-20053,0,-2.55356376911484,8.06164162553135,-4.13987747970216
-8051,-19553,0,-2.60179004822125,8.73045899934036,-4.33013168240866
-8051,-19053,0,-2.64438655014785,9.46787772310593,-4.52788215360558
-8051,-18553,0,-2.67989776886563,10.2826411032955,-4.73268846726039
-8051,-18053,0,-2.70659059420368,11.1849142185564,-4.94382321180656
-8051,-17553,0,-2.72239100091157,12.1865819006573,-5.16017015163667
-8051,-17053,0,-2.72479953656696,13.3016240126449,-5.38008516193295
-8051,-16553,0,-2.71077605698444,14.546591021959,-5.6012047876717
-8051,-16053,0,-2.67657927802245,15.9412100799005,-5.82018044539975
-8051,-15553,0,-2.61753921914922,17.5091611549674,-6.03230611494541
-8051,-15053,0,-2.527729070566,19.2790746142803,-6.23099212964987
-8051,-14553,0,-2.39948518756171,21.2858161835447,-6.40701472035555
-8051,-14053,0,-2.22269633442246,23.5721420082834,-6.54743624907928
-8051,-13553,0,-1.98374060908699,26.1908236891399,-6.63403841559239
-8051,-13053,0,-1.6638825032661,29.2073555620392,-6.64103085204373
-8051,-12553,0,-1.23684106190309,32.7033523216765,-6.5316767468672
-8051,-12053,0,-0.665085476607167,36.7806989185395,-6.25329600448269
-8051,-11553,0,0.105816969057596,41.5663740128268,-5.72983921367483
-8051,-11053,0,1.15581088415447,47.2175276603289,-4.85084346187555
-8051,-10553,0,2.60338696613921,53.9256454586326,-3.45506640344069
-8051,-10053,0,4.62504669476526,61.9170728905683,-1.30649028375739
-8051,-9553,0,7.48360990563631,71.4440464327504,1.94006238602434
-8051,-9053,0,11.5673000039343,82.7543250729349,6.78590026651269
-8051,-8553,0,17.4379688293308,96.0164476011441,13.9460540363283
-8051,-8053,0,25.8742147469409,111.160001928251,24.4004891576321
-8051,-7553,0,37.8597436142,127.573795426545,39.3784489095517
-8051,-7053,0,54.3897338549589,143.642340165753,60.1166806964552
-8051,-6553,0,75.8864319559264,156.365572286577,87.1215689341075
-8051,-6053,0,101.250032786707,161.926639383024,118.953949805442
-8051,-5553,0,127.537584320446,157.934279336592,151.807675415989
-8051,-5053,0,151.429030773949,145.374383271642,181.395839019598
-8051,-4553,0,171.090266892189,127.488437398643,205.347010575144
-8051,-4053,0,186.373337740334,107.312361587987,223.446195384684
-8051,-3553,0,197.946778439824,86.5954656565422,236.513166542072
-8051,-3053,0,206.57761713967,65.9544995429125,245.493876251882
-8051,-2553,0,212.809751399711,45.3184436883567,251.061338071192
-8051,-2053,0,216.861034466681,24.2861999960129,253.491004069842
-8051,-1553,0,218.593657897616,2.38665788133833,252.626653487983
-8051,-1053,0,217.505843069184,-20.6695710165364,247.872636005441
-8051,-553,0,212.772324935138,-44.6455533155325,238.246457961505
-8051,-53,0,203.456933508747,-68.2931340493592,222.646043069538
-8051,447,0,189.108987145441,-88.9573756179997,200.604321543826
-8051,947,0,170.722580881554,-103.128658218545,173.517213434627
-8051,1447,0,151.070789238905,-108.668899386463,145.078357655681
-8051,1947,0,133.257986411058,-106.750746316192,119.408884509937
-8051,2447,0,118.878976145363,-100.733078001071,98.6788028604423
-8051,2947,0,107.83986311926,-93.7099680622516,82.8810976520152
-8051,3447,0,99.241049199071,-87.4520920005952,70.9600097433794
-8051,3947,0,92.0946333135724,-82.5899776280785,61.7119545976565
-8051,4447,0,85.6268202021119,-79.084639724416,54.1579295256507
-8051,4947,0,79.3401719088489,-76.591741038805,47.6194311411265
-8051,5447,0,72.982319277512,-74.681842113129,41.6836805595692
-8051,5947,0,66.4874088778534,-72.960720481645,36.139739279621
-8051,6447,0,59.9141712418783,-71.1280819357553,30.9138397864011
-8051,6947,0,53.3892542951375,-68.9971891958804,26.0129206131725
-8051,7447,0,47.0604765361585,-66.4886522203015,21.4798093469926
-8051,7947,0,41.0631924701181,-63.6084431083785,17.3616659524573
-8051,8447,0,35.5008197023952,-60.4192754188971,13.6915474836122
-8051,8947,0,30.4378998097606,-57.0129331373359,10.4810155024353
-8051,9447,0,25.9021260424378,-53.4883356718674,7.72041813682005
-8051,9947,0,21.8912860124002,-49.9370333892038,5.38331917933224
-8051,10447,0,18.381786260691,-46.4355233797171,3.43228114528699
-8051,10947,0,15.3366405420089,-43.0426543248178,1.82427341445469
-8051,11447,0,12.7119257020483,-39.8002253405015,0.514916665772792
-8051,11947,0,10.4614779515322,-36.7352309329538,-0.53859801166999
-8051,12447,0,8.54001236165542,-33.8626961846213,-1.37575213907128
-8051,12947,0,6.90500239853302,-31.1884831802063,-2.03182725176939
-8051,13447,0,5.5176659550199,-28.7117643890666,-2.53763998021422
-8051,13947,0,4.34335059793957,-26.427055345439,-2.9196577130834
-8051,14447,0,3.35154042008291,-24.3258069814099,-3.20032801369828
-8051,14947,0,2.51564202362358,-22.3976084586474,-3.39850859632866
-8051,15447,0,1.81265541088385,-20.6310684208303,-3.5299261875357
-8051,15947,0,1.22279752684109,-19.0144423011458,-3.60762212872378
-8051,16447,0,0.729119734755746,-17.5360653026114,-3.64236232649327
-8051,16947,0,0.317142834034607,-16.1846402100679,-3.64300168750765
-8051,17447,0,-0.0254781644913671,-14.9494189134347,-3.61680070513631
-8051,17947,0,-0.309254385146039,-13.8203075338749,-3.56969609500437
-8051,18447,0,-0.543127676040658,-12.7879176675933,-3.50652951447608
-8051,18947,0,-0.7347009565535,-11.8435804381025,-3.43123926649983
-8051,19447,0,-0.890437074404389,-10.9793355672892,-3.34702001609765
-8051,19947,0,-1.01582944454219,-10.1879042902878,-3.25645527704727
-7551,-20053,0,-2.85234355426742,7.99791175250438,-4.29003842109811
-7551,-19553,0,-2.92827931079467,8.67020976603827,-4.49377492742875
-7551,-19053,0,-3.00181447742189,9.41220942830523,-4.70642603411779
-7551,-18553,0,-3.07200988082315,10.2328536401235,-4.92773163020219
-7551,-18053,0,-3.13776662174845,11.1425471264977,-5.15717415108496
-7551,-17553,0,-3.19779779705687,12.15346699658,-5.3938828730203
-7551,-17053,0,-3.25059099436457,13.2799565397985,-5.63650225804624
-7551,-16553,0,-3.29435637730265,14.5390285120397,-5.88300924084222
-7551,-16053,0,-3.32695193257488,15.9510132316528,-6.13045724134701
-7551,-15553,0,-3.34577218623383,17.5403990654641,-6.37461391622147
-7551,-15053,0,-3.34757816278088,19.3369293603909,-6.609443198165
-7551,-14553,0,-3.32823252305342,21.3770417513171,-6.82635680462685
-7551,-14053,0,-3.28228135888057,23.7057642157408,-7.01312101837824
-7551,-13553,0,-3.20228764460705,26.3792178666342,-7.15224300979702
-7551,-13053,0,-3.077762068992,29.4679180622644,-7.21856429334035
-7551,-12553,0,-2.89344072908171,33.0611070003527,-7.17563643236863
-7551,-12053,0,-2.6265033971235,37.2723754369292,-6.97021324417085
-7551,-11553,0,-2.24207577418571,42.2467964799228,-6.52381400202726
-7551,-11053,0,-1.68596272220214,48.169604174927,-5.71971783455366
-7551,-10553,0,-0.872948765608212,55.2758904656397,-4.38283546575938
-7551,-10053,0,0.331888360051474,63.8594018848597,-2.24855043206249
-7551,-9553,0,2.14255325561163,74.2752909037861,1.0852147380469
-7551,-9053,0,4.89689931673868,86.9244785012986,6.23035788773323
-7551,-8553,0,9.12060890422772,102.19170021067,14.1127422306102
-7551,-8053,0,15.6055342348911,120.277349864684,26.1039938119938
-7551,-7553,0,25.4631519198875,140.8079874264,44.1229917250987
-7551,-7053,0,40.0107954164022,162.074442948092,70.4672210077499
-7551,-6553,0,60.149710403732,180.03871092394,106.736696519185
-7551,-6053,0,84.9864126927432,188.614023330171,151.281378404149
-7551,-5553,0,111.001537515948,183.632949885198,197.54935824356
-7551,-5053,0,134.111549755176,167.032258632018,237.960613078439
-7551,-4553,0,152.442503128663,144.362909612641,269.125224801504
-7551,-4053,0,166.281556144332,120.064376818508,291.603031208746
-7551,-3553,0,176.691299167615,96.1962883695059,307.273144835212
-7551,-3053,0,184.659925127737,73.1774239173099,317.834670030186
-7551,-2553,0,190.832503142642,50.5919752768329,324.3807680899
-7551,-2053,0,195.468435730656,27.6655718232492,327.352414526508
-7551,-1553,0,198.436219834734,3.53883679425471,326.541945034866
-7551,-1053,0,199.188493166664,-22.4806352153431,321.055073661539
-7551,-553,0,196.742914185715,-50.5008145311706,309.272311512107
-7551,-53,0,189.813174868713,-79.2736810469695,289.054259372039
-7551,447,0,177.438078045346,-105.192164385187,258.837712997604
-7551,947,0,160.365787260228,-122.552886576139,220.20183685335
-7551,1447,0,141.896942250591,-127.501322807489,179.535708777538
-7551,1947,0,125.84548599599,-122.196569470511,144.18698924745
-7551,2447,0,113.796115473234,-112.314875826651,117.271319579917
-7551,2947,0,105.184946993423,-102.338321336102,97.9382445489403
-7551,3447,0,98.708312757236,-94.3212909688777,84.015247217749
-7551,3947,0,93.1781977186869,-88.6773929883095,73.4992006000991
-7551,4447,0,87.7732690251782,-85.0348513222126,64.9452375224235
-7551,4947,0,82.0355783084451,-82.7456865626231,57.4388745206106
-7551,5447,0,75.7973347796595,-81.1449334732479,50.4736646714249
-7551,5947,0,69.0982207246481,-79.6755588503725,43.8292250264588
-7551,6447,0,62.1074254940798,-77.9422175041029,37.4678057181747
-7551,6947,0,55.054041030257,-75.7215133744381,31.4501976771485
-7551,7447,0,48.1701488171942,-72.9421316114264,25.871381388971
-7551,7947,0,41.6514585277885,-69.6462595413445,20.8172646018739
-7551,8447,0,35.637406141198,-65.9447588790771,16.3419680952756
-7551,8947,0,30.2080429144598,-61.9769572921217,12.4617814490187
-7551,9447,0,25.3919487365526,-57.8813172030063,9.15977090137627
-7551,9947,0,21.1790508189307,-53.7781790052367,6.39514803824084
-7551,10447,0,17.5338133882217,-49.7624388832444,4.113185129631
-7551,10947,0,14.406350668893,-45.9028488253777,2.25345451304798
-7551,11447,0,11.7406644620524,-42.2449125839593,0.755688627893211
-7551,11947,0,9.48016239456349,-38.8152154256796,-0.436584709060819
-7551,12447,0,7.57100649848715,-35.6258976278585,-1.37413627143354
-7551,12947,0,5.96390324196033,-32.6786333956487,-2.10132132982235
-7551,13447,0,4.61485835677815,-29.9678846948388,-2.65610858889332
-7551,13947,0,3.48529069626731,-27.4834195999384,-3.07052411085119
-7551,14447,0,2.54177915279039,-25.212184274795,-3.37129122585732
-7551,14947,0,1.75562216276013,-23.1396492040805,-3.58053083832978
-7551,15447,0,1.10232154561115,-21.2507480291423,-3.71644454266986
-7551,15947,0,0.561056611248105,-19.5305111067893,-3.79394067402724
-7551,16447,0,0.114184840493831,-17.9644760253865,-3.82518657917211
-7551,16947,0,-0.253213014001441,-16.5389385466303,-3.82008380113881
-7551,17447,0,-0.553736627885909,-15.2410915836223,-3.78667006609738
-7551,17947,0,-0.798018167455,-14.0590872071413,-3.73145536546081
-7551,18447,0,-0.995025670009707,-12.9820469939932,-3.65970062042611
-7551,18947,0,-1.15232230854132,-12.0000387868518,-3.5756473929202
-7551,19447,0,-1.2762866706518,-11.1040326031641,-3.48270646854379
-7551,19947,0,-1.37229915746897,-10.2858445552612,-3.38361223701967
-7051,-20053,0,-3.14853767699668,7.90794717589583,-4.44190841620351
-7051,-19553,0,-3.25210430985902,8.58073037837887,-4.65955720198996
-7051,-19053,0,-3.35646731817279,9.32385304840272,-4.88762711957793
-7051,-18553,0,-3.46119085218723,10.1463549886948,-5.12605994599264
-7051,-18053,0,-3.5657945189892,11.0587474286651,-5.37457670487294
-7051,-17553,0,-3.66976052883434,12.0733255553714,-5.63259114993886
-7051,-17053,0,-3.7725444476415,13.2045662080793,-5.89909006871089
-7051,-16553,0,-3.8735894416969,14.4696386567812,-6.1724661222132
-7051,-16053,0,-3.97234277135568,15.8890666572077,-6.45028198700071
-7051,-15553,0,-4.06827106586063,17.4875942566759,-6.72893387712604
-7051,-15053,0,-4.16086674806358,19.2953276794095,-7.00316591361731
-7051,-14553,0,-4.24963042458711,21.3492531395875,-7.2653607392123
-7051,-14053,0,-4.33400060978158,23.6952683001021,-7.50449045797854
-7051,-13553,0,-4.41317849828823,26.3909164717452,-7.70454587901436
-7051,-13053,0,-4.48575421638056,29.5090805443532,-7.842155356915
-7051,-12553,0,-4.54896931079491,33.1429790493249,-7.88293091616466
-7051,-12053,0,-4.59732639310497,37.4129037528448,-7.77579480793297
-7051,-11553,0,-4.62004410743662,42.475221979172,-7.44407058877172
-7051,-11053,0,-4.59649351363711,48.5341653247068,-6.77134687344394
-7051,-10553,0,-4.48814623936165,55.8566527392838,-5.5788391069949
-7051,-10053,0,-4.22458443093281,64.7893886848855,-3.58887282917152
-7051,-9553,0,-3.67964187735399,75.7746159231232,-0.365764479522609
-7051,-9053,0,-2.63185898187524,89.3534794241747,4.77953413913324
-7051,-8553,0,-0.702265289326022,106.127484026198,12.9400323862816
-7051,-8053,0,2.73307725269645,126.604228591684,25.8348547135677
-7051,-7553,0,8.63149674974922,150.75695297469,46.0682008833128
-7051,-7053,0,18.2525942662409,176.984929354623,77.1406298151367
-7051,-6553,0,32.6602910398316,200.367893379932,122.159043567936
-7051,-6053,0,51.3703267526102,212.274997450747,179.629713343188
-7051,-5553,0,71.3160625049453,206.301602234516,239.728272766205
-7051,-5053,0,88.8278784361066,185.594737153276,290.790665350786
-7051,-4553,0,102.43418069814,158.428490579024,328.518479863285
-7051,-4053,0,112.657332123053,130.61966962563,354.677010615389
-7051,-3553,0,120.595788706331,104.365238523809,372.425318216287
-7051,-3053,0,127.177522992515,79.7773545456799,384.268062851951
-7051,-2553,0,132.983158652818,56.0621126143878,391.717188970767
-7051,-2053,0,138.251670002238,32.0779552677464,395.379417801881
-7051,-1553,0,142.891559323315,6.58757967484927,395.014104009162
-7051,-1053,0,146.447127785996,-21.5261225423116,389.457668298647
-7051,-553,0,148.037792709108,-52.813957321306,376.45098850626
-7051,-53,0,146.396275219721,-86.2266825770912,352.671430215855
-7051,447,0,140.362154227733,-117.365525067267,315.04091351901
-7051,947,0,130.230076983886,-138.069384055666,264.942527115614
-7051,1447,0,118.791599807913,-142.315854163202,211.96651316093
-7051,1947,0,109.38257631673,-133.511674599845,167.450203196456
-7051,2447,0,103.125591828954,-120.053202736087,135.316273867974
-7051,2947,0,99.1819396759617,-107.760143447034,113.418160158153
-7051,3447,0,96.2066517085639,-98.7631947200042,98.2364214732566
-7051,3947,0,93.1109242474235,-93.1095786369292,86.9225422228938
-7051,4447,0,89.2289620814855,-90.017776817989,77.5924175287416
-7051,4947,0,84.2726959797643,-88.5014455338311,69.1420168958067
-7051,5447,0,78.2437211703829,-87.6457983496757,61.0214178411966
-7051,5947,0,71.345858234512,-86.7285162928937,53.0512799502989
-7051,6447,0,63.9018265463013,-85.2675659332516,45.2784289373659
-7051,6947,0,56.2745622492127,-83.0221976019735,37.859916402249
-7051,7447,0,48.8006610247146,-79.9565829667798,30.9744134305059
-7051,7947,0,41.7458773674498,-76.1789373279199,24.7648339426057
-7051,8447,0,35.2869809219675,-71.8746684546637,19.312440520738
-7051,8947,0,29.5157523753689,-67.2501611238933,14.6357035499895
-7051,9447,0,24.4558922710491,-62.4954488181907,10.7033094266268
-7051,9947,0,20.0838346830864,-57.7655142458553,7.45167494717642
-7051,10447,0,16.3476272951074,-53.1752965320091,4.80090734109614
-7051,10947,0,13.1814103110066,-48.802678602805,2.66670396889985
-7051,11447,0,10.5152672712669,-44.6949755381424,0.967979632485498
-7051,11947,0,8.28125758387229,-40.8761463709849,-0.368959161659129
-7051,12447,0,6.41669198431015,-37.3533288873667,-1.40864442408273
-7051,12947,0,4.86559223620311,-34.122175178407,-2.20617252148207
-7051,13447,0,3.57904375655839,-31.1709356235649,-2.80776087813094
-7051,13947,0,2.51492600159614,-28.4834461219479,-3.25169815135101
-7051,14447,0,1.6373307709952,-26.041235889346,-3.56942312828449
-7051,14947,0,0.915856031245362,-23.8249669012723,-3.78658502341054
-7051,15447,0,0.324882386705905,-21.8153833953258,-3.92401198411112
-7051,15947,0,-0.15711103884213,-19.9939116741219,-3.99855858696434
-7051,16447,0,-0.548164816343577,-18.3430157250339,-4.02382756844094
-7051,16947,0,-0.863382478816914,-16.8463857912652,-4.01077352371867
-7051,17447,0,-1.11539934916092,-15.4890151396729,-3.9682017916677
-7051,17947,0,-1.31478225537291,-14.2572039741302,-3.90317732961514
-7051,18447,0,-1.47036753311899,-13.1385175858101,-3.82135793888052
-7051,18947,0,-1.58954525200249,-12.121717340214,-3.72726481606598
-7051,19447,0,-1.67849732537641,-11.1966770899735,-3.62450168100494
-7051,19947,0,-1.74239649647474,-10.3542933872165,-3.51593198903181
-6551,-20053,0,-3.44005004112265,7.79195975511444,-4.59489409437452
-6551,-19553,0,-3.57085132433019,8.46229064723521,-4.82679807357384
-6551,-19053,0,-3.70554338197056,9.20315720314477,-5.07069937335457
-6551,-18553,0,-3.84415947799696,10.0235993802997,-5.32675795669744
-6551,-18053,0,-3.98679322113951,10.9341088476503,-5.59495518111058
-6551,-17553,0,-4.13363853212785,11.9469327767675,-5.87501895038004
-6551,-17053,0,-4.28504564519578,13.0764604098927,-6.16631976968243
-6551,-16553,0,-4.44159822626679,14.3397201377472,-6.46772499046397
-6551,-16053,0,-4.60421788726969,15.7570254563926,-6.77739218570809
-6551,-15553,0,-4.77430358581345,17.3528232319143,-7.09247271518534
-6551,-15053,0,-4.95391434137765,19.1568190931873,-7.40868097503656
-6551,-14553,0,-5.14600377811207,21.2054852083487,-7.71966002194616
-6551,-14053,0,-5.35471303175006,23.544098966587,-8.01603428442734
-6551,-13553,0,-5.58572222638639,26.2295223037169,-8.28397491003827
-6551,-13053,0,-5.84664564137202,29.3340170772179,-8.50299589513525
-6551,-12553,0,-6.14742358246582,32.9505091701841,-8.64252018393442
-6551,-12053,0,-6.50059944569715,37.1998677450299,-8.65645354505667
-6551,-11553,0,-6.9212451572111,42.2409499250087,-8.47449131531205
-6551,-11053,0,-7.42606075815373,48.2843331331107,-7.98800274512575
-6551,-10553,0,-8.03073443962189,55.6106748774211,-7.0268151622606
-6551,-10053,0,-8.74386050702539,64.5940894438973,-5.32058100912239
-6551,-9553,0,-9.55437029620178,75.7286767824601,-2.43388179866167
-6551,-9053,0,-10.407391887614,89.6493217519929,2.3432175913333
-6551,-8553,0,-11.1612293452859,107.117981803382,10.177938044596
-6551,-8053,0,-11.5190851734789,128.89327770697,22.9857362562741
-6551,-7553,0,-10.9458575692979,155.270364810581,43.8196898069087
-6551,-7053,0,-8.64672700122676,184.84284375842,77.0535512931396
-6551,-6553,0,-3.83549247438846,212.153318834868,126.995989949148
-6551,-6053,0,3.46492528711327,226.685993174319,192.459172288033
-6551,-5553,0,11.7820850759164,220.272035346307,261.327416432213
-6551,-5053,0,19.2481905949546,196.953497065512,318.952622417003
-6551,-4553,0,25.1798344076899,167.06707487019,360.443329272992
-6551,-4053,0,30.0055854319464,137.410268090613,388.52783680624
-6551,-3553,0,34.4473504594463,110.20825311565,407.324704949184
-6551,-3053,0,39.0829978424042,85.2986986197612,419.914373344855
-6551,-2553,0,44.2650728835802,61.5960483166806,428.099728430339
-6551,-2053,0,50.1488650729804,37.6964763882242,432.611884492707
-6551,-1553,0,56.7084997257966,12.0928748205024,433.215244616202
-6551,-1053,0,63.7044015396015,-16.6599589601295,428.600933128609
-6551,-553,0,70.610247023011,-49.5038595446061,416.096467617542
-6551,-53,0,76.5811441013726,-85.6618820504097,391.523598779738
-6551,447,0,80.6998289444985,-120.290749928536,350.591161441634
-6551,947,0,82.7571009142649,-143.443274368316,294.323918964353
-6551,1447,0,83.8913188317609,-147.416220339784,234.505580691073
-6551,1947,0,85.5648093428631,-136.553127523783,185.325201130976
-6551,2447,0,88.0433697081441,-121.296987133834,151.157093320992
-6551,2947,0,90.5372791044724,-108.377654756897,128.770609845988
-6551,3447,0,92.0745383393255,-99.8486733612263,113.607202613419
-6551,3947,0,91.9663079397105,-95.3686297431866,102.212058906865
-6551,4447,0,89.889961858384,-93.7676469527893,92.4250907023258
-6551,4947,0,85.8384677649672,-93.7479256811771,83.0648291903419
-6551,5447,0,80.0496502482068,-94.1650286303627,73.6226359989066
-6551,5947,0,72.9357469161195,-94.1470400338867,64.0335323297912
-6551,6447,0,65.0058144760502,-93.1449267047535,54.496237883295
-6551,6947,0,56.7805560759514,-90.9303847906042,45.3216833839107
-6551,7447,0,48.7149395741423,-87.5414892829605,36.8133090120902
-6551,7947,0,41.1484081258198,-83.1919891582319,29.1922738219362
-6551,8447,0,34.291092761963,-78.174618752934,22.5709946045395
-6551,8947,0,28.2389029036766,-72.7850054087457,16.9631310725318
-6551,9447,0,23.0028091065396,-67.2767293054866,12.3112904332802
-6551,9947,0,18.539506154096,-61.8438527075071,8.51702813737681
-6551,10447,0,14.7764950142465,-56.62126182035,5.46501011676353
-6551,10947,0,11.6296805819358,-51.6936816498215,3.03919913540863
-6551,11447,0,9.01432674387798,-47.1072319186611,1.1320813819266
-6551,11947,0,6.85110727775157,-42.8803029992715,-0.351076366260645
-6551,12447,0,5.06892711518882,-39.0124883616774,-1.49107395876323
-6551,12947,0,3.60579529363592,-35.4913670725431,-2.35534537980108
-6551,13447,0,2.40861880416985,-32.2973912358653,-2.99934424355583
-6551,13947,0,1.43246227085861,-29.4072709252761,-3.46821221668018
-6551,14447,0,0.639594434143553,-26.796238311374,-3.79844052286205
-6551,14947,0,-0.00150083689108516,-24.4395081570808,-4.01938505755964
-6551,15447,0,-0.517058131581919,-22.3131782655088,-4.15458175559709
-6551,15947,0,-0.928868190511256,-20.3947485142262,-4.22285481429611
-6551,16447,0,-1.25500713598791,-18.6633856493346,-4.23923266072254
-6551,16947,0,-1.510459270243,-17.1000225256674,-4.21569557690863
-6551,17447,0,-1.70764240586621,-15.6873526696088,-4.16178090536324
-6551,17947,0,-1.85684736647258,-14.4097613848302,-4.08507033929171
-6551,18447,0,-1.96660370259574,-13.2532209339886,-3.99158094236966
-6551,18947,0,-2.04398295039923,-12.2051679025697,-3.88607828711511
-6551,19447,0,-2.09484955705915,-11.254374415522,-3.77232696329282
-6551,19947,0,-2.12406825105299,-10.3908205199024,-3.653290911025
-6051,-20053,0,-3.72488216599453,7.65043747951226,-4.74836607467288
-6051,-19553,0,-3.88223368438433,8.31549467972191,-4.99477361136596
-6051,-19053,0,-4.04640626346663,9.05088017482886,-5.25480343049809
-6051,-18553,0,-4.21784932365624,9.86554947497534,-5.52884367185629
-6051,-18053,0,-4.39716022156542,10.7698643811865,-5.81714921338532
-6051,-17553,0,-4.58515152906648,11.775878290991,-6.11978010158863
-6051,-17053,0,-4.78294506953041,12.8976977708187,-6.43651593353629
-6051,-16553,0,-4.99210249064525,14.1519460685951,-6.76673565221039
-6051,-16053,0,-5.21480555660403,15.5583643338632,-7.109246865604
-6051,-15553,0,-5.45410386699864,17.1406007728818,-7.4620403814178
-6051,-15053,0,-5.71425367185968,18.927258788082,-7.82193223238629
-6051,-14553,0,-6.00117920351869,20.9533052556001,-8.18403381288906
-6051,-14053,0,-6.32309780024493,23.2619837231173,-8.54095535301602
-6051,-13553,0,-6.69136215423066,25.9074405294743,-8.88158937299455
-6051,-13053,0,-7.12158674735857,28.9583630702709,-9.18922257044512
-6051,-12553,0,-7.63513885923022,32.5030596135039,-9.43855792239363
-6051,-12053,0,-8.2610818308196,36.6565915001586,-9.59094223901758
-6051,-11553,0,-9.03864623090942,41.570809210522,-9.58659538405804
-6051,-11053,0,-10.0202435908527,47.4484285144796,-9.33175717054541
-6051,-10553,0,-11.2748643242179,54.5625174512894,-8.67709696769025
-6051,-10053,0,-12.8912872348708,63.2826132141594,-7.38090351958215
-6051,-9553,0,-14.9796245077195,74.107104466001,-5.04549053327483
-6051,-9053,0,-17.6679140743516,87.695399744201,-1.00638097918167
-6051,-8553,0,-21.0872705288094,104.873835457872,5.85998191790357
-6051,-8053,0,-25.3349212319619,126.531957834505,17.45677592438
-6051,-7553,0,-30.4042766565857,153.175313069141,36.9246329646002
-6051,-7053,0,-36.0927253032117,183.610932539757,68.9319170116959
-6051,-6553,0,-41.9663284507208,212.310629310152,118.303400639508
-6051,-6053,0,-47.5113259139282,228.092103325572,184.158793605313
-6051,-5553,0,-52.3788832563202,222.077157786237,253.832437356336
-6051,-5053,0,-56.3449957355416,198.577362413664,311.815601219433
-6051,-4553,0,-59.103328012736,168.677150608979,353.089335684201
-6051,-4053,0,-60.3097677941759,139.49761638875,380.765716219743
-6051,-3553,0,-59.7264607300958,113.198600184256,399.310801900838
-6051,-3053,0,-57.2431784651412,89.4590712109764,411.987908642495
-6051,-2553,0,-52.8173181783956,67.068270344514,420.68495825754
-6051,-2053,0,-46.416391223826,44.5338337944139,426.187716703483
-6051,-1553,0,-37.99716738674,20.256030726753,428.311732547644
-6051,-1053,0,-27.5323982319071,-7.3588145364854,425.778625749774
-6051,-553,0,-15.092254218886,-39.4919247553669,415.854609582891
-6051,-53,0,-0.966964936745654,-75.6370816397973,394.086957986995
-6051,447,0,14.2546161067144,-110.971983726898,355.659495341066
-6051,947,0,29.7955447146811,-134.996988013681,301.226895810752
-6051,1447,0,44.9209556999967,-139.40283855675,242.99421436687
-6051,1947,0,58.9306080964174,-128.853316602058,195.829977318171
-6051,2447,0,71.0296565953163,-114.510008598443,164.041814205023
-6051,2947,0,80.4666152257331,-103.320857146084,143.854675692136
-6051,3447,0,86.7505303356414,-97.1193844145643,130.266752176549
-6051,3947,0,89.7107840683497,-95.2317507661322,119.61942040931
-6051,4447,0,89.4502555276259,-96.1913302001776,109.720586434566
-6051,4947,0,86.2881169158452,-98.4618767258223,99.4605282143374
-6051,5447,0,80.720505524621,-100.713601657849,88.4750248468361
-6051,5947,0,73.3810090145502,-101.950796350174,76.9009937477392
-6051,6447,0,64.9758265365135,-101.582591224597,65.1717159678589
-6051,6947,0,56.1914870896123,-99.4300943491372,53.8237775521992
-6051,7447,0,47.6030631638519,-95.6530206835171,43.3346750295724
-6051,7947,0,39.6180846359215,-90.6182911231981,34.025607629678
-6051,8447,0,32.4699267790456,-84.7629938758438,26.0394238453576
-6051,8947,0,26.2480659827114,-78.4945081059817,19.3716558333112
-6051,9447,0,20.9425060896438,-72.1399592686358,13.9217615386432
-6051,9947,0,16.4851426643042,-65.934316027081,9.54081808798473
-6051,10447,0,12.7806388154304,-60.0300477493474,6.06586380346943
-6051,10947,0,9.72629005810083,-54.5148321890196,3.34047569731488
-6051,11447,0,7.22327783056043,-49.4296177892531,1.22494380429767
-6051,11947,0,5.18215189553031,-44.7837834380563,-0.400177140514975
-6051,12447,0,3.52483182148094,-40.5666386920006,-1.63420529946841
-6051,12947,0,2.18469309801242,-36.7556160132348,-2.55823995217968
-6051,13447,0,1.10570841591519,-33.3218501119806,-3.2377185374786
-6051,13947,0,0.241204275804886,-30.2338380042847,-3.72502817920766
-6051,14447,0,-0.447464510075682,-27.4597512372582,-4.06189296134678
-6051,14947,0,-0.992171883325217,-24.9688305555731,-4.28143308631242
-6051,15447,0,-1.41914406675221,-22.7321709866996,-4.4098817608584
-6051,15947,0,-1.74993016431668,-20.7231109515921,-4.46798706824372
-6051,16447,0,-2.00222339809763,-18.9173704263434,-4.47214161442497
-6051,16947,0,-2.19054689677639,-17.2930350497689,-4.43528525273224
-6051,17447,0,-2.3268215755859,-15.8304500200574,-4.36762276400838
-6051,17947,0,-2.42083386233507,-14.5120652511679,-4.27719270893156
-6051,18447,0,-2.48061964971001,-13.3222582721153,-4.17031761797508
-6051,18947,0,-2.51277886392518,-12.2471513975616,-4.0519600777888
-6051,19447,0,-2.52273293292895,-11.2744331404085,-3.92600442407343
-6051,19947,0,-2.51493545276003,-10.393189558093,-3.79547971711556
-5551,-20053,0,-4.00117379305046,7.48411351931808,-4.90166986424105
-5551,-19553,0,-4.18414416117441,8.14124032822408,-5.16273059454898
-5551,-19053,0,-4.37665329530952,8.86813682695011,-5.43906528766559
-5551,-18553,0,-4.57949926542361,9.67360695139748,-5.73129335921181
-5551,-18053,0,-4.79369273733368,10.567795649793,-6.03994689884813
-5551,-17553,0,-5.02054360473835,11.562447931968,-6.36542290432842
-5551,-17053,0,-5.26178225146362,12.671234232978,-6.70791699550353
-5551,-16553,0,-5.51972884600795,13.9101640743132,-7.06733061923492
-5551,-16053,0,-5.79752924576604,15.2981187350079,-7.44313967292465
-5551,-15553,0,-6.09948330217875,16.8575462389485,-7.83420599063642
-5551,-15053,0,-6.4315014393094,18.6153802456272,-8.23850269314916
-5551,-14553,0,-6.80173949549569,20.6042711061461,-8.6527073471402
-5551,-14053,0,-7.22148161322497,22.8642564187107,-9.07158863984919
-5551,-13553,0,-7.70636870824375,25.4450557620231,-9.48706488700433
-5551,-13053,0,-8.27810880306352,28.4092583540542,-9.88673208948266
-5551,-12553,0,-8.9668591450331,31.8367948821014,-10.2515202704136
-5551,-12053,0,-9.81454280834631,35.8312605721665,-10.5518937731376
-5551,-11553,0,-10.8794572737184,40.5289007844014,-10.7415798694515
-5551,-11053,0,-12.2426453008823,46.1113856058158,-10.7470327483399
-5551,-10553,0,-14.0166033001569,52.8238336325973,-10.4494173936184
-5551,-10053,0,-16.356911742848,60.9996566655203,-9.65325813860203
-5551,-9553,0,-19.47703598783,71.0928464162922,-8.03096570012338
-5551,-9053,0,-23.6652090890922,83.7136127412135,-5.02338695165633
-5551,-8553,0,-29.2983830775937,99.646478975297,0.338826244236323
-5551,-8053,0,-36.8383636784239,119.776761212581,9.74621245487685
-5551,-7553,0,-46.7745343932128,144.702038305177,26.0833885486973
-5551,-7053,0,-59.4487505240529,173.495281621711,53.8021002023463
-5551,-6553,0,-74.7089014352469,201.08631361466,97.7369358119189
-5551,-6053,0,-91.5196850013374,216.77004511718,157.440015318083
-5551,-5553,0,-107.99410068482,211.862751378724,221.036656989565
-5551,-5053,0,-122.141485383608,190.47299946074,273.7932482828
-5551,-4553,0,-132.706577088386,163.249034742233,311.116477060703
-5551,-4053,0,-139.33350892598,136.901473911702,336.157349325171
-5551,-3553,0,-142.205389707642,113.357872560591,353.212133857969
-5551,-3053,0,-141.657775295738,92.2401052425369,365.348172057483
-5551,-2553,0,-137.956174205314,72.3888272560279,374.327598970929
-5551,-2053,0,-131.201808001906,52.4112836778462,380.914328375966
-5551,-1553,0,-121.303448428406,30.8095100511482,385.014766094464
-5551,-1053,0,-107.993579884009,6.04242225228277,385.550732116356
-5551,-553,0,-90.914232447328,-23.1448078961288,380.065620769913
-5551,-53,0,-69.838224930518,-56.5409894913301,364.352984520548
-5551,447,0,-45.0783301909724,-89.8677012048441,333.589134506481
-5551,947,0,-17.9408354887509,-113.231901501676,287.930579913508
-5551,1447,0,9.27237516471247,-118.647023905571,238.632306610913
-5551,1947,0,34.0423880784654,-110.63895067218,199.550531774728
-5551,2447,0,54.5685231983411,-99.8932137551148,174.310700231393
-5551,2947,0,70.0512344098415,-92.8077258807335,158.892792898145
-5551,3447,0,80.4208108324829,-90.7833957987754,148.351469546584
-5551,3947,0,85.9938957953712,-92.86387841505,139.211085381673
-5551,4447,0,87.2705776344387,-97.396059884318,129.48970447319
-5551,4947,0,84.8631346596786,-102.694670606889,118.293004796924
-5551,5447,0,79.4919514330179,-107.295046260132,105.497828616451
-5551,5947,0,71.9829409532637,-110.101712859677,91.5295415789538
-5551,6447,0,63.2179425486727,-110.504276606818,77.1450037244579
-5551,6947,0,54.0325330587288,-108.411500507991,63.1866651309211
-5551,7447,0,45.1055339805783,-104.157020122699,50.3588590085462
-5551,7947,0,36.8956541328676,-98.3119694342996,39.1011844385188
-5551,8447,0,29.6444942265824,-91.494532052649,29.5790940595713
-5551,8947,0,23.4245469764419,-84.2431717815522,21.7499613298574
-5551,9447,0,18.1994219931223,-76.9645658767407,15.4486776471644
-5551,9947,0,13.87491872242,-69.9330827468781,10.458255875473
-5551,10447,0,10.3341563878478,-63.3142219951163,6.55554169338513
-5551,10947,0,7.45837427574975,-57.1935599393628,3.5355012037961
-5551,11447,0,5.13759884687168,-51.6024414081395,1.2211710910833
-5551,11947,0,3.27507160690159,-46.5377485822076,-0.534555377835772
-5551,12447,0,1.78821445555549,-41.9759312393114,-1.85114151641896
-5551,12947,0,0.607867045996152,-37.8824456850482,-2.82418303890476
-5551,13447,0,-0.323209826376889,-34.2178468132311,-3.52947050426155
-5551,13947,0,-1.0520346369975,-30.9415688039646,-4.02674777081486
-5551,14447,0,-1.61704863622746,-28.0141651429355,-4.36294613465123
-5551,14947,0,-2.04958985003688,-25.3985485650771,-4.57485777359705
-5551,15447,0,-2.37516228487241,-23.0605969995135,-4.69129384509272
-5551,15947,0,-2.61450285303313,-20.9693677816084,-4.73480166076615
-5551,16447,0,-2.78446512497985,-19.09707779875,-4.72301917583681
-5551,16947,0,-2.89874464529507,-17.4189507200387,-4.66973798605365
-5551,17447,0,-2.96847081462055,-15.9129952453133,-4.58573531545515
-5551,17947,0,-3.00268821301347,-14.5597540518134,-4.47942447216935
-5551,18447,0,-3.00874725038066,-13.3420474368303,-4.3573633518068
-5551,18947,0,-2.99262092973278,-12.2447256044147,-4.2246522238319
-5551,19447,0,-2.95916164017467,-11.2544371676286,-4.08524524970649
-5551,19947,0,-2.9123093882351,-10.3594174487312,-3.94219477841115
-5051,-20053,0,-4.2672340685569,7.29392643174348,-5.05413730866352
-5051,-19553,0,-4.47469491002202,7.94066659470284,-5.32990153577769
-5051,-19053,0,-4.69416753574574,8.65632896171473,-5.62259622679705
-5051,-18553,0,-4.92672220811566,9.44952011752845,-5.9330682365965
-5051,-18053,0,-5.17367988856609,10.330110080553,-6.26212090440457
-5051,-17553,0,-5.43670858698022,11.3094601054235,-6.61047942606929
-5051,-17053,0,-5.71795854644515,12.4007044910129,-6.97874315094988
-5051,-16553,0,-6.02025179264728,13.6191035163664,-7.36731944930671
-5051,-16053,0,-6.34734785479155,14.9824913851822,-7.7763310930431
-5051,-15553,0,-6.70431636599628,16.5118528473087,-8.2054847591185
-5051,-15053,0,-7.09805992973504,18.232076434169,-8.65388119921089
-5051,-14553,0,-7.53804878732438,20.1729531593575,-9.11973591602578
-5051,-14053,0,-8.03735493088649,22.3705203183482,-9.59995951242231
-5051,-13553,0,-8.61411105304538,24.8688954342823,-10.0895133343155
-5051,-13053,0,-9.29357451636269,27.7228123752222,-10.5803980323181
-5051,-12553,0,-10.1110562287446,31.001170011404,-11.0600309841211
-5051,-12053,0,-11.1160900576486,34.7920464929612,-11.5085876260698
-5051,-11553,0,-12.3783849831705,39.2098340737049,-11.8945548732139
-5051,-11053,0,-13.996336216116,44.405419170149,-12.1671440190914
-5051,-10553,0,-16.1091820840005,50.5806447098865,-12.2430856450033
-5051,-10053,0,-18.9142488473769,58.0084943552286,-11.9831830291628
-5051,-9553,0,-22.690948119095,67.0599501714472,-11.1498450670523
-5051,-9053,0,-27.8326444848645,78.2353135691574,-9.32878339616025
-5051,-8553,0,-34.8842104790494,92.1854440874878,-5.78331240702811
-5051,-8053,0,-44.5714291075301,109.666548533245,0.811537275179042
-5051,-7553,0,-57.7749260880739,131.245749984809,12.8035212221776
-5051,-7053,0,-75.3265311139284,156.283844759839,33.9882606143506
-5051,-6553,0,-97.4272060170275,180.622903765483,68.7683527345242
-5051,-6053,0,-122.720494528911,195.026735788886,117.22651040404
-5051,-5553,0,-148.012744712415,191.776877666258,169.352399609483
-5051,-5053,0,-169.777500556924,174.401784647836,212.499676914501
-5051,-4553,0,-186.027955525019,152.106441653506,242.977268443304
-5051,-4053,0,-196.502594218097,130.541378654117,263.699520202457
-5051,-3553,0,-201.783097625896,111.255206550778,278.354640235401
-5051,-3053,0,-202.576373910095,93.9041692292777,289.494288118346
-5051,-2553,0,-199.398294482161,77.5299343199187,298.578484473795
-5051,-2053,0,-192.473865949637,60.9941582810955,306.281199736673
-5051,-1553,0,-181.707778271679,43.0646078645367,312.62218101526
-5051,-1053,0,-166.679829917598,22.4357204649602,316.852173192593
-5051,-553,0,-146.703601799423,-2.04998902840607,317.070923769192
-5051,-53,0,-121.080137876431,-30.4621861032784,309.772123510594
-5051,447,0,-89.7541035877306,-59.504315003051,290.586211784136
-5051,947,0,-54.3255262556281,-80.8893960018202,259.081404450258
-5051,1447,0,-18.3860306097112,-87.7477729332595,224.468482168849
-5051,1947,0,14.0059278127316,-84.1084651320072,198.228460357907
-5051,2447,0,40.3037527634924,-79.1696940363982,182.768663366524
-5051,2947,0,59.7957914435764,-78.1055788155237,174.058439825451
-5051,3447,0,72.8215544074491,-81.7080360026431,167.633414836297
-5051,3947,0,80.0943274798975,-88.8009146043099,160.526005982428
-5051,4447,0,82.4040343820049,-97.6557743202536,151.157036247137
-5051,4947,0,80.5575136494576,-106.522746755864,138.951519023284
-5051,5447,0,75.4145952210466,-113.844304886369,124.093397814845
-5051,5947,0,67.9217260599331,-118.438712987852,107.362786516243
-5051,6447,0,59.07658639217,-119.688752462396,89.9188686987827
-5051,6947,0,49.8148845012832,-117.6227689226,72.9847860359788
-5051,7447,0,40.8805820789193,-112.796132188761,57.5381793499982
-5051,7947,0,32.755990867966,-106.029620056338,44.1473139979063
-5051,8447,0,25.6749177702518,-98.1520281466663,32.9855102619631
-5051,8947,0,19.6869495821635,-89.8452187917006,23.9484320043556
-5051,9447,0,14.7303616028355,-81.5962500092983,16.7847037812317
-5051,9947,0,10.6896246205183,-73.7144259220659,11.1933061594869
-5051,10447,0,7.43236477241152,-66.3725143067097,6.88059393009026
-5051,10947,0,4.82970151720955,-59.6487988216515,3.5868776942811
-5051,11447,0,2.76570206819936,-53.5609810573344,1.09468240089552
-5051,11947,0,1.14058187900546,-48.0905449878947,-0.77233991453806
-5051,12447,0,-0.129319815779243,-43.1991018450572,-2.15442733228095
-5051,12947,0,-1.1130227937324,-38.8388353475624,-3.16179495504099
-5051,13447,0,-1.86689747780553,-34.9589036774459,-3.88045926418724
-5051,13947,0,-2.43669363487044,-31.5091878537586,-4.37728589089146
-5051,14447,0,-2.85939582509766,-28.4423504860202,-4.70414637136482
-5051,14947,0,-3.16483078120062,-25.7148456081001,-4.90124393079207
-5051,15447,0,-3.37701794203596,-23.2872943002133,-4.99973009609417
-5051,15947,0,-3.51528366157891,-21.1244896448995,-5.02374339919272
-5051,16447,0,-3.59517021936096,-19.1951959927156,-4.99198927567075
-5051,16947,0,-3.62917232741852,-17.471844231704,-4.91896121640409
-5051,17447,0,-3.62733138494699,-15.9301845532272,-4.81588386147633
-5051,17947,0,-3.59771380852394,-14.5489328825454,-4.69144160518226
-5051,18447,0,-3.54679558643381,-13.3094313270147,-4.55234211371272
-5051,18947,0,-3.47977131607441,-12.1953332247103,-4.40375284586283
-5051,19447,0,-3.40080258948829,-11.192317434248,-4.24963982156194
-5051,19947,0,-3.3132177336802,-10.2878329780855,-4.09303104916171
-4551,-20053,0,-4.52156129031914,7.08097450648876,-5.20509788158594
-4551,-19553,0,-4.7522421138314,7.71509299538513,-5.49551952299284
-4551,-19053,0,-4.99714921748565,8.41706451210573,-5.80451256989899
-4551,-18553,0,-5.25754612481411,9.195275843752,-6.13314107886836
-4551,-18053,0,-5.53495741424341,10.0592958587005,-6.48246470887242
-4551,-17553,0,-5.83126446058827,11.0200703398309,-6.8535154033621
-4551,-17053,0,-6.14884017373001,12.0901574940735,-7.24726578784121
-4551,-16553,0,-6.49073869637089,13.2840158266381,-7.66458634676822
-4551,-16053,0,-6.86096262657956,14.6183605458965,-8.10618705980604
-4551,-15553,0,-7.2648397439998,16.1126111686794,-8.57253692266382
-4551,-15053,0,-7.70955469652673,17.789462508054,-9.06375101967608
-4551,-14553,0,-8.20490048760308,19.6756252115525,-9.57942841918212
-4551,-14053,0,-8.76434262359595,21.8028026504306,-10.1184130945592
-4551,-13553,0,-9.40652949241816,24.2090014352407,-10.6784306360515
-4551,-13053,0,-10.1574419984498,26.9403177668988,-11.2555189313224
-4551,-12553,0,-11.0534626689531,30.0534076902825,-11.8431086583628
-4551,-12053,0,-12.1457726115253,33.6189445854668,-12.4304956126282
-4551,-11553,0,-13.5066727934139,37.7265014417994,-13.0002360420482
-4551,-11053,0,-15.2386995580752,42.4914742262927,-13.5235991224297
-4551,-10553,0,-17.4877916651215,48.0648698638884,-13.952448842688
-4551,-10053,0,-20.4622804755022,54.6469209482746,-14.2044353665118
-4551,-9553,0,-24.4600427507819,62.5051863700574,-14.1353983930401
-4551,-9053,0,-29.9063729236208,71.9957557869547,-13.4869069992232
-4551,-8553,0,-37.4034527308856,83.5780269355161,-11.7852764274446
-4551,-8053,0,-47.7834263293944,97.7850765421894,-8.14963967021417
-4551,-7553,0,-62.1245092939342,115.022086882038,-0.959602028779836
-4551,-7053,0,-81.5924519477363,134.845049051697,12.522949506028
-4551,-6553,0,-106.782308720268,154.243294634981,35.6844460514864
-4551,-6053,0,-136.339017638873,166.331527461078,68.9891097721709
-4551,-5553,0,-166.182475221713,165.182765878271,105.408204271497
-4551,-5053,0,-191.669642433023,153.319148325955,135.814697699504
-4551,-4553,0,-210.4631042487,137.543503587977,157.686981623901
-4551,-4053,0,-222.528494360759,122.010225460432,173.23066563301
-4551,-3553,0,-228.744665978662,107.880877422986,185.087316374388
-4551,-3053,0,-230.026042388951,94.9484966584448,195.051227987611
-4551,-2553,0,-227.024724220108,82.5505469649825,204.166159295702
-4551,-2053,0,-220.063728258709,69.8839803292803,212.966967332841
-4551,-1553,0,-209.111203784843,56.0750209982394,221.581938505328
-4551,-1053,0,-193.744702007418,40.1856962299415,229.649161439202
-4551,-553,0,-173.1495027129,21.3327497512525,236.010174634377
-4551,-53,0,-146.312291892801,-0.695181918550858,238.271283752015
-4551,447,0,-112.750685606613,-23.7828996707527,233.124197136436
-4551,947,0,-73.9900329942436,-42.1180553139027,219.719671044642
-4551,1447,0,-34.4185444090004,-50.783241397678,204.110290931847
-4551,1947,0,0.87160557713301,-52.901710761156,193.948384726232
-4551,2447,0,29.0480088489849,-55.2345652638434,190.124483979634
-4551,2947,0,49.6732044392301,-61.2955901202528,189.049035317321
-4551,3447,0,63.4131972035778,-71.2600444988749,187.173394222702
-4551,3947,0,71.1945449012876,-83.8412975245074,182.281467016777
-4551,4447,0,73.9197852070091,-97.3350225991083,173.30682505129
-4551,4947,0,72.4469274103447,-109.988709256542,160.035476482139
-4551,5447,0,67.6583759070124,-120.177064161876,142.977279993698
-4551,5947,0,60.5180025401273,-126.633972694162,123.29392813994
-4551,6447,0,52.0450916972143,-128.736869130085,102.591306243299
-4551,6947,0,43.1947950890316,-126.65138206939,82.5194978442204
-4551,7447,0,34.7170403882115,-121.184923565326,64.355137474097
-4551,7947,0,27.0837344170007,-113.435221744887,48.7942696635007
-4551,8447,0,20.5087133789211,-104.456199634142,36.0013818379505
-4551,8947,0,15.0208402368749,-95.0756958715122,25.7910489552628
-4551,9447,0,10.5422094058074,-85.857232756934,17.8105730871309
-4551,9947,0,6.94702540113762,-77.1392639057427,11.6655148013946
-4551,10447,0,4.09776230166094,-69.0965614536365,6.98682898410333
-4551,10947,0,1.86405569805917,-61.7961414597603,3.45811936737401
-4551,11447,0,0.130822138281527,-55.2393595965338,0.820937767228023
-4551,11947,0,-1.19953751313954,-49.3905977954643,-1.12998551168903
-4551,12447,0,-2.20783154044634,-44.1956300849659,-2.55502300080814
-4551,12947,0,-2.95997983089155,-39.5928374996264,-3.57828767246806
-4551,13447,0,-3.50925513161787,-35.5197502242073,-4.29533272190265
-4551,13947,0,-3.89845192566211,-31.9166488188803,-4.77953479840657
-4551,14447,0,-4.16181400238697,-28.7283665466373,-5.08718568414317
-4551,14947,0,-4.32667266126644,-25.9050208915565,-5.26146700439097
-4551,15447,0,-4.4148035975338,-23.4021284159294,-5.33551558145464
-4551,15947,0,-4.44353342458409,-21.1803815489375,-5.33477214410345
-4551,16447,0,-4.42663338646968,-19.2052554920025,-5.27877548604012
-4551,16947,0,-4.37503689362037,-17.4465448179138,-5.18253185406465
-4551,17447,0,-4.29741352417438,-15.8778870927479,-5.05756070263446
-4551,17947,0,-4.20062724406871,-14.4763050643595,-4.91269443406261
-4551,18447,0,-4.09010181295962,-13.2217834004784,-4.75469119172301
-4551,18947,0,-3.97011207162419,-12.0968867218658,-4.58870546269682
-4551,19447,0,-3.84401617237544,-11.0864203326925,-4.41865034587674
-4551,19947,0,-3.71444080694403,-10.1771320905052,-4.24747709720167
-4051,-20053,0,-4.76285014353318,6.84646778871485,-5.35388909113162
-4051,-19553,0,-5.01539376320177,7.46595569808654,-5.6588318581465
-4051,-19053,0,-5.28412437163613,8.15207214731402,-5.98395381117128
-4051,-18553,0,-5.57042405956944,8.91298486422867,-6.33052065563848
-4051,-18053,0,-5.8759199658112,9.75796716793261,-6.69982596964711
-4051,-17553,0,-6.20256945831485,10.6975614837995,-7.09317636480781
-4051,-17053,0,-6.55278053575144,11.7437705837637,-7.51187199649792
-4051,-16553,0,-6.92958219563043,12.9102828603863,-7.95718141937572
-4051,-16053,0,-7.33686569862652,14.2127401423579,-8.43030949970979
-4051,-15553,0,-7.77972646883121,15.6690597859349,-8.93235659438149
-4051,-15053,0,-8.26494895014864,17.2998275551962,-9.46426625796012
-4051,-14553,0,-8.80169474761396,19.1287849188206,-10.0267568847526
-4051,-14053,0,-9.40248023148718,21.1834450042578,-10.6202290285648
-4051,-13553,0,-10.0845669889675,23.4958872504198,-11.2446329013684
-4051,-13053,0,-10.8719422063725,26.1038041726214,-11.8992662870872
-4051,-12553,0,-11.7981437280455,29.0519078007987,-12.5824450921277
-4051,-12053,0,-12.9102969577778,32.3938521493701,-13.2909337847133
-4051,-11553,0,-14.2748932125081,36.1948950277797,-14.0189148664744
-4051,-11053,0,-15.9860722200541,40.5356069137849,-14.7560626147688
-4051,-10553,0,-18.1774998439281,45.5170193285707,-15.4838589620448
-4051,-10053,0,-21.0393744462619,51.2676179822839,-16.1684250673001
-4051,-9553,0,-24.8426216391942,57.9522769511055,-16.7463758249334
-4051,-9053,0,-29.972708627589,65.7817751220109,-17.0966023342071
-4051,-8553,0,-36.974685240987,75.0162640896894,-16.983849013739
-4051,-8053,0,-46.6050427647457,85.9386303075754,-15.9484649131014
-4051,-7553,0,-59.8605814067313,98.7213678836534,-13.1114532582912
-4051,-7053,0,-77.8675759967327,112.989154362666,-6.94262749293132
-4051,-6553,0,-101.308525011122,126.83004893417,4.5229282049437
-4051,-6053,0,-129.046748262909,136.094865853172,21.7885503309837
-4051,-5553,0,-157.166130074438,137.182052215365,41.3750692588433
-4051,-5053,0,-181.111724406127,131.349283932191,58.5231325868918
-4051,-4553,0,-198.661510699627,122.514126536081,71.8340444639827
-4051,-4053,0,-209.818969694962,113.258328278469,82.4241622594121
-4051,-3553,0,-215.399283239478,104.435136029981,91.693382044252
-4051,-3053,0,-216.237019922837,96.0149728622246,100.629834460245
-4051,-2553,0,-212.96090799434,87.6199512710164,109.85092965499
-4051,-2053,0,-205.961218340177,78.7516757534837,119.730796573001
-4051,-1553,0,-195.35985405724,68.882252829108,130.462289896118
-4051,-1053,0,-180.934437526071,57.4801054293709,142.020590449128
-4051,-553,0,-162.051563814746,44.0514155762246,153.982031878705
-4051,-53,0,-137.773691362029,28.4334316884799,165.21207758429
-4051,447,0,-107.484513156381,11.6750881371135,173.886712392926
-4051,947,0,-72.3608004089576,-3.21925074119065,179.11808688057
-4051,1447,0,-36.4352116278546,-13.7970474879364,183.276991517687
-4051,1947,0,-4.50451650320994,-22.0300526850773,189.37720802859
-4051,2447,0,20.8890970588244,-31.7923735493035,196.86566519315
-4051,2947,0,39.4615771596671,-44.9002411261398,202.991758327177
-4051,3447,0,51.8671827728436,-61.0323897312429,205.327056354475
-4051,3947,0,58.9407788923911,-78.8800157770054,202.452311595177
-4051,4447,0,61.476513953912,-96.806780568905,193.798681994944
-4051,4947,0,60.2290033769227,-113.076422683613,179.481323238059
-4051,5447,0,55.9837783365515,-126.000566448768,160.303568618373
-4051,5947,0,49.6122546878262,-134.224767118933,137.784467580379
-4051,6447,0,42.0467740615721,-137.11535396644,113.963842242215
-4051,6947,0,34.1653738539252,-134.973170083643,90.9120149003604
-4051,7447,0,26.6556611053663,-128.85802049674,70.1961079974919
-4051,7947,0,19.9451637909864,-120.142596590084,52.6283455310385
-4051,8447,0,14.2211160709251,-110.1000840022,38.3538461800563
-4051,8947,0,9.5003552748819,-99.6966555087727,27.0998979500948
-4051,9447,0,5.70301786217312,-89.5653660446339,18.4107788469782
-4051,9947,0,2.70727659785566,-80.0687615506104,11.7999131899976
-4051,10447,0,0.382486875775977,-71.3804660572164,6.82553872251038
-4051,10947,0,-1.3937980188975,-63.5545352122533,3.1175769473861
-4051,11447,0,-2.72874290441203,-56.5752511766187,0.379431724863575
-4051,11947,0,-3.71253310234176,-50.3897456745036,-1.62067081982655
-4051,12447,0,-4.41927331316738,-44.9281280589282,-3.06126196921313
-4051,12947,0,-4.90893847675994,-40.1153102719068,-4.07877765960765
-4051,13447,0,-5.22958778740483,-35.8775957737986,-4.77706874330386
-4051,13947,0,-5.41947388221006,-32.1460811821659,-5.23505416022384
-4051,14447,0,-5.50890002266004,-28.8581739677855,-5.51269027126935
-4051,14947,0,-5.52178758336549,-25.958031448257,-5.65554758715615
-4051,15447,0,-5.47696650543751,-23.3964086394333,-5.69828768108792
-4051,15947,0,-5.38922145431329,-21.130205118038,-5.66729292010555
-4051,16447,0,-5.27013167985699,-19.1218802825818,-5.58265246957192
-4051,16947,0,-5.12874104221436,-17.3388333116778,-5.45966263816798
-4051,17447,0,-4.97209040949794,-15.7528003077888,-5.30996197471332
-4051,17947,0,-4.80563964284437,-14.3392951484423,-5.14239186470792
-4051,18447,0,-4.63360157509995,-13.0771054255901,-4.96365064890023
-4051,18947,0,-4.45920613243316,-11.9478462482938,-4.77879214268798
-4051,19447,0,-4.28490914681243,-10.9355700004551,-4.59160660965118
-4051,19947,0,-4.11255744137468,-10.0264277921517,-4.40491268604703
-3551,-20053,0,-4.98998642330576,6.59168154529519,-5.49986534152829
-3551,-19553,0,-5.263000500264,7.1947455907753,-5.81911155046217
-3551,-19053,0,-5.55393042775897,7.86311839487457,-6.16009777498555
-3551,-18553,0,-5.86421268207302,8.6047702861506,-6.52427204779054
-3551,-18053,0,-6.19549022394802,9.42871344151161,-6.91313417283769
-3551,-17553,0,-6.54967853082199,10.3451388342651,-7.32822580396288
-3551,-17053,0,-6.92905967803117,11.3655696090281,-7.77111797701006
-3551,-16553,0,-7.33641660912057,12.5030324223547,-8.24339633715957
-3551,-16053,0,-7.77522490317918,13.7722484742574,-8.74664478727745
-3551,-15553,0,-8.24992668399911,15.1898463141901,-9.28242902435231
-3551,-15053,0,-8.76632171945935,16.7745991920613,-9.85228249716678
-3551,-14553,0,-9.33212548896528,18.5476910002816,-10.457698742565
-3551,-14053,0,-9.95776480827684,20.5330171281711,-11.1001357555469
-3551,-13553,0,-10.6575109262365,22.7575304500918,-11.7810396382422
-3551,-13053,0,-11.4510911705129,25.2516490859402,-12.5018951806628
-3551,-12553,0,-12.3659776778779,28.0497526629177,-13.2643076645041
-3551,-12053,0,-13.440631283777,31.1908087683789,-14.0701072270614
-3551,-11553,0,-14.7290873145068,34.7191914775596,-14.9214319331977
-3551,-11053,0,-16.3074152282653,38.6857760212602,-15.8206613403554
-3551,-10553,0,-18.2827700613725,43.1494027211833,-16.7698819749569
-3551,-10053,0,-20.8059701154331,48.1787479235827,-17.7691510826451
-3551,-9553,0,-24.0887196953077,53.8543597871056,-18.811943069573
-3551,-9053,0,-28.4265060973091,60.2696291121175,-19.8743521803442
-3551,-8553,0,-34.2269766073678,67.5263514126405,-20.8911775165202
-3551,-8053,0,-42.0382776296386,75.7114165639871,-21.7067733276452
-3551,-7553,0,-52.5528086717849,84.8175270079871,-21.9871021512547
-3551,-7053,0,-66.5039571408033,94.5281697139585,-21.1140956581701
-3551,-6553,0,-84.2550052635365,103.810842508407,-18.2455160902354
-3551,-6053,0,-104.920286711747,110.7339268598,-12.9452835330576
-3551,-5553,0,-125.815009618183,113.636717065533,-6.03140890916806
-3551,-5053,0,-143.778214969016,112.816070804367,1.11448092812371
-3551,-4553,0,-157.050803358216,109.870919316708,7.98650051199977
-3551,-4053,0,-165.35600375586,106.092245707776,14.8964852849829
-3551,-3553,0,-169.061330680289,102.04294802634,22.3324356241115
-3551,-3053,0,-168.652969104618,97.7724041889823,30.6991090826387
-3551,-2553,0,-164.594669520632,93.0402292803589,40.2959492834772
-3551,-2053,0,-157.331065629628,87.491959401726,51.3384015462209
-3551,-1553,0,-147.249356367702,80.8159513245921,63.988184324204
-3551,-1053,0,-134.536054882942,72.8230205252336,78.3801575507884
-3551,-553,0,-119.02776616628,63.4144721144655,94.5744042345164
-3551,-53,0,-100.246623414647,52.5802362456147,112.371635193697
-3551,447,0,-77.836409470534,40.6328453337403,131.141706741675
-3551,947,0,-52.5210358463912,28.3956488195643,150.120996287029
-3551,1447,0,-26.7761253611338,16.3061410746514,168.991970882385
-3551,1947,0,-3.64087483043141,3.22745012410284,187.245041620652
-3551,2447,0,15.0994862728865,-12.4703740974934,203.216606183952
-3551,2947,0,29.0544838473157,-31.2795140855156,214.768877286606
-3551,3447,0,38.4977927579849,-52.4799277193189,220.283880503335
-3551,3947,0,43.8970974663321,-74.7217066341699,218.909374558713
-3551,4447,0,45.759024827194,-96.393603048397,210.42689532846
-3551,4947,0,44.6176269524818,-115.74424685724,195.185702484017
-3551,5447,0,41.0724280044247,-131.009334413083,174.209880978289
-3551,5947,0,35.8166783161947,-140.743406485132,149.304970329512
-3551,6447,0,29.6061101085005,-144.294482525205,122.870838150198
-3551,6947,0,23.1592588191426,-142.077325700867,97.3315153262868
-3551,7447,0,17.0430192266389,-135.371493606306,74.4993151433624
-3551,7947,0,11.6123663256266,-125.791053922472,55.2831142099285
-3551,8447,0,7.02342335503129,-114.802293280052,39.808866691796
-3551,8947,0,3.28916957195861,-103.493291906108,27.7269930213337
-3551,9447,0,0.340085491998259,-92.5581675878685,18.4920734538363
-3551,9947,0,-1.92976803432508,-82.3802022130291,11.5378036184455
-3551,10447,0,-3.63426677396123,-73.1313020315814,6.35984770218658
-3551,10947,0,-4.88029567063437,-64.8532990345632,2.54222914464642
-3551,11447,0,-5.76137537595242,-57.5146327875697,-0.244003586545821
-3551,11947,0,-6.3560366280405,-51.0465121679431,-2.25287329271042
-3551,12447,0,-6.72853993671922,-45.3646333090111,-3.67795256531174
-3551,12947,0,-6.93057677699518,-40.3815536742468,-4.66570960266603
-3551,13447,0,-7.0032380949588,-36.0133171850126,-5.32659964373839
-3551,13947,0,-6.97890748656685,-32.1826659162496,-5.74382315792118
-3551,14447,0,-6.88293647298769,-28.8202892489811,-5.98005524706024
-3551,14947,0,-6.73506124135432,-25.8649870940916,-6.08254053504819
-3551,15447,0,-6.55056860014642,-23.2632660535736,-6.08692151892319
-3551,15947,0,-6.34123911387152,-20.9686696877618,-6.02010588020276
-3551,16447,0,-6.11610138786789,-18.9410135258159,-5.90241266484521
-3551,16947,0,-5.88203073818917,-17.1456180711197,-5.74918028741818
-3551,17447,0,-5.64422189897281,-15.5525877025044,-5.57197368441657
-3551,17947,0,-5.40656095465752,-14.1361571974615,-5.37949284020322
-3551,18447,0,-5.17191727485584,-12.8741128444286,-5.17825849455282
-3551,18947,0,-4.94237227684457,-11.7472871045661,-4.97313119851471
-3551,19447,0,-4.71939847471242,-10.739121733479,-4.767705366886
-3551,19947,0,-4.50399949428379,-9.83529250637161,-4.56460927052361
-3051,-20053,0,-5.20203033460924,6.31791480949561,-5.64240471631722
-3051,-19553,0,-5.49413097781313,6.90295327661438,-5.9756658998985
-3051,-19053,0,-5.80568073183876,7.55193417622823,-6.33217169808067
-3051,-18553,0,-6.13812201275593,8.27266887900696,-6.71353124488768
-3051,-18053,0,-6.49304840902475,9.07396598877577,-7.12142023367445
-3051,-17553,0,-6.8722451367093,9.96574898154486,-7.55757197169074
-3051,-17053,0,-7.27774785104145,10.9591816288959,-8.02376625945798
-3051,-16553,0,-7.71192836253354,12.066798995099,-8.52181678944588
-3051,-16053,0,-8.17761957991574,13.3026404080909,-9.05355862418541
-3051,-15553,0,-8.67829734859551,14.6823789500615,-9.62083870344837
-3051,-15053,0,-9.21834437957564,16.2234396097431,-10.2255144864075
-3051,-14553,0,-9.80343197270799,17.9450952274054,-10.8694690746996
-3051,-14053,0,-10.4410697677632,19.8685257505452,-11.5546558717161
-3051,-13553,0,-11.141393587904,22.0168222341153,-12.2831924052966
-3051,-13053,0,-11.9182880427512,24.414912809574,-13.0575315977554
-3051,-12553,0,-12.7909753911786,27.0893841836916,-13.8807491206918
-3051,-12053,0,-13.7862461578608,30.0681701823796,-14.7569955139377
-3051,-11553,0,-14.9415593878634,33.3800797423455,-15.6921656610165
-3051,-11053,0,-16.3092961956701,37.0541411264699,-16.6948217592579
-3051,-10553,0,-17.9624944844238,41.118743134637,-17.777337010428
-3051,-10053,0,-20.002387223843,45.6005380759724,-18.9570374430367
-3051,-9553,0,-22.5679163736959,50.5229672916096,-20.2566704108333
-3051,-9053,0,-25.8468555866376,55.9038747226488,-21.7025651260005
-3051,-8553,0,-30.0865980484272,61.7504428575472,-23.3169921875003
-3051,-8053,0,-35.59831828007,68.0463836674515,-25.0982971855577
-3051,-7553,0,-42.7369015260478,74.7192065563019,-26.9802149525564
-3051,-7053,0,-51.8141045353489,81.5674789543617,-28.7700995951442
-3051,-6553,0,-62.8733977846905,88.1506364312987,-30.1078922516238
-3051,-6053,0,-75.3261012682369,93.7731238606902,-30.5507436882249
-3051,-5553,0,-87.7923828847933,97.8110328049393,-29.7867672870052
-3051,-5053,0,-98.6198344856905,100.178757581683,-27.7019905284207
-3051,-4553,0,-106.63973202345,101.28810902576,-24.2295862530151
-3051,-4053,0,-111.338061228259,101.626700136424,-19.2564386865234
-3051,-3553,0,-112.586107106425,101.474159645621,-12.6224901921995
-3051,-3053,0,-110.425589241465,100.80025113325,-4.13835883324371
-3051,-2553,0,-105.071703305926,99.2622346757499,6.36156621633292
-3051,-2053,0,-97.0365100759277,96.3594490958734,18.9392430194226
-3051,-1553,0,-87.1218338031792,91.7566878885875,33.5519906460809
-3051,-1053,0,-76.1232367236127,85.5061809923565,50.1952423653167
-3051,-553,0,-64.4846177388135,77.9027624856318,69.023501269239
-3051,-53,0,-52.2473632075146,69.173389330341,90.2338485822408
-3051,447,0,-39.30565914081,59.342742620351,113.752209366434
-3051,947,0,-25.8021424464813,48.2240479208361,138.955403046709
-3051,1447,0,-12.398181031453,35.2699487948904,164.569799522385
-3051,1947,0,-0.0609968418758342,19.5591962398498,188.68724049143
-3051,2447,0,10.4095095154669,0.413845333902534,209.028985476192
-3051,2947,0,18.5626803062721,-21.9719751453671,223.539146103541
-3051,3447,0,24.2281486879313,-46.5757560694738,230.84294320558
-3051,3947,0,27.4270077365517,-71.9251426683968,230.287127748122
-3051,4447,0,28.3175533245557,-96.3384273500898,221.792059549261
-3051,4947,0,27.170038992449,-117.988517801142,205.817435123025
-3051,5447,0,24.3615164450551,-135.014697067749,183.516956942911
-3051,5947,0,20.3681991862917,-145.882382936586,156.886219263261
-3051,6447,0,15.7258182038364,-149.916018179599,128.573838699707
-3051,6947,0,10.951277883337,-147.61168145241,101.252726934313
-3051,7447,0,6.45826513253672,-140.414183419273,76.9110111854172
-3051,7947,0,2.5104794451486,-130.123694913217,56.5292924057177
-3051,8447,0,-0.773767308347646,-118.359142295461,40.221372895714
-3051,8947,0,-3.38456686678927,-106.307592957812,27.5818854001266
-3051,9447,0,-5.37692901046728,-94.714274967682,17.9986703392758
-3051,9947,0,-6.83589008047323,-83.9806755853105,10.845208500708
-3051,10447,0,-7.85387412384872,-74.2779376093217,5.56948463504389
-3051,10947,0,-8.51824747561724,-65.6379072784079,1.720432355415
-3051,11447,0,-8.90568906405896,-58.0156559049224,-1.05557754220338
-3051,11947,0,-9.0805408529411,-51.3287571270291,-3.02939133070186
-3051,12447,0,-9.09522603390977,-45.4804664606051,-4.40577500451955
-3051,12947,0,-8.99158899978268,-40.372639115455,-5.33847742126182
-3051,13447,0,-8.80252668614323,-35.9124285309847,-5.94257042949851
-3051,13947,0,-8.55359316589593,-32.0153541311468,-6.30408478292286
-3051,14447,0,-8.26443613529765,-28.606324395888,-6.48734402841481
-3051,14947,0,-7.95001831664442,-25.6195599414621,-6.5404702279591
-3051,15447,0,-7.62162386044782,-22.9979668597689,-6.49948888269135
-3051,15947,0,-7.28767083009905,-20.6922735708277,-6.39138095504392
-3051,16447,0,-6.95435811600571,-18.660104241691,-6.23635142600676
-3051,16947,0,-6.62617556019431,-16.8650799606824,-6.04951762057804
-3051,17447,0,-6.30630343366412,-15.2759917439794,-5.84216843644762
-3051,17947,0,-5.99692366982933,-13.8660628803893,-5.62270605834993
-3051,18447,0,-5.6994614009997,-12.6123036017726,-5.39735228963339
-3051,18947,0,-5.41477181771559,-11.4949535567663,-5.17067992924046
-3051,19447,0,-5.14328433725225,-10.4970040758496,-4.94601370845514
-3051,19947,0,-4.88511355205698,-9.60379098202306,-4.72573365327591
-2551,-20053,0,-5.39819045689006,6.02645716121066,-5.7809133323204
-2551,-19553,0,-5.70803457275282,6.59202533464757,-6.12784166551546
-2551,-19053,0,-6.03871186585443,7.22015674106741,-6.49945850446145
-2551,-18553,0,-6.39164167132746,7.91855343168862,-6.8975129602144
-2551,-18053,0,-6.76832963298388,8.69589352113304,-7.32382649563494
-2551,-17553,0,-7.17037883289299,9.56193846953304,-7.78028101463611
-2551,-17053,0,-7.59950812235245,10.5276428088144,-8.26880339415062
-2551,-16553,0,-8.05758208742752,11.6052616024668,-8.79134680339389
-2551,-16053,0,-8.54665931298641,12.8084484683225,-9.34987001628636
-2551,-15553,0,-9.06906880720258,14.152333657588,-9.94631737763961
-2551,-15053,0,-9.62752896522724,15.6535672605904,-10.5826044376735
-2551,-14553,0,-10.2253297155858,17.330306903757,-11.2606179448291
-2551,-14053,0,-10.8666069916809,19.2021221957607,-11.9822444416295
-2551,-13553,0,-11.5567498637632,21.2897797588276,-12.749449812348
-2551,-13053,0,-12.3029948022281,23.614863452431,-13.5644434513375
-2551,-12553,0,-13.1152782650644,26.1991756584772,-14.4299755779034
-2551,-12053,0,-14.0074363906763,29.0638599037652,-15.3498337653654
-2551,-11553,0,-14.9988545299646,32.2281874401304,-16.3296211105572
-2551,-11053,0,-16.1166698051392,35.7079684696741,-17.3779028980245
-2551,-10553,0,-17.3985969365266,39.5135935159747,-18.5077757389338
-2551,-10053,0,-18.8963426528373,43.6477938592935,-19.7387882574002
-2551,-9553,0,-20.6793232821128,48.1033342408574,-21.0988155952154
-2551,-9053,0,-22.8378620365097,52.8609783241117,-22.6247592150417
-2551,-8553,0,-25.4839473377618,57.8880479822696,-24.3594930897095
-2551,-8053,0,-28.7455062881491,63.1373487082665,-26.3400184064819
-2551,-7553,0,-32.7464152172367,68.5445255216579,-28.5688878506307
-2551,-7053,0,-37.5597860598657,74.0191570805158,-30.9617591779953
-2551,-6553,0,-43.1236832369753,79.4261301209845,-33.2803167614938
-2551,-6053,0,-49.1381458153098,84.5729787822495,-35.1016757568002
-2551,-5553,0,-55.0294989589512,89.2503561473759,-35.8973866907604
-2551,-5053,0,-60.0718640821046,93.3390525548272,-35.1975040901142
-2551,-4553,0,-63.5856625008137,96.8871571942624,-32.6850627454941
-2551,-4053,0,-65.0253656852324,100.062211314012,-28.1400336408489
-2551,-3553,0,-63.9333997235614,102.985191941483,-21.3175098437327
-2551,-3053,0,-59.9181568104973,105.483821574008,-11.8931621460672
-2551,-2553,0,-52.8476773804131,106.863570352658,0.409026373911985
-2551,-2053,0,-43.2874107985294,106.024952087108,15.5038082207365
-2551,-1553,0,-32.6897129133089,102.219830716639,32.8049701131046
-2551,-1053,0,-22.7310449688795,95.7263901835246,51.6789713391
-2551,-553,0,-14.4634476488724,87.4223053779614,71.9821711647903
-2551,-53,0,-8.24654259127622,77.9555550481023,93.9433143476738
-2551,447,0,-4.0315751349128,67.5264222433516,117.673061874885
-2551,947,0,-1.34761368156579,55.9937449785248,142.839967606429
-2551,1447,0,0.727054680809957,42.7003738632096,168.518182032972
-2551,1947,0,3.0157827880336,26.4536076337473,193.000010783049
-2551,2447,0,5.64649048645521,6.35582329574379,213.940745560191
-2551,2947,0,8.18544655828732,-17.4045954263924,229.071400163042
-2551,3447,0,10.1036955345909,-43.6540188531303,236.820231131939
-2551,3947,0,11.0434218464699,-70.7321809840253,236.415213598909
-2551,4447,0,10.863830148078,-96.793966053171,227.726060346726
-2551,4947,0,9.60349945378006,-119.878708043681,211.210524581492
-2551,5447,0,7.43597064150095,-138.013557450891,188.066333700388
-2551,5947,0,4.63152160692815,-149.581785625774,160.384496850173
-2551,6447,0,1.51247380228806,-153.882272792671,130.950260551209
-2551,6947,0,-1.60391466952529,-151.45984982225,102.577844823286
-2551,7447,0,-4.46073489254286,-143.866791432035,77.3581753394898
-2551,7947,0,-6.89333754366728,-133.02891124685,56.3156340255584
-2551,8447,0,-8.8300649030727,-120.672228903294,39.5574362881376
-2551,8947,0,-10.2714493873214,-108.056143771776,26.6434731960336
-2551,9447,0,-11.2629516110603,-95.9648382848554,16.9185125920683
-2551,9947,0,-11.8714575296605,-84.8144184735751,9.71622686973254
-2551,10447,0,-12.1690925730665,-74.775852462084,4.45261285887299
-2551,10947,0,-12.2238548710547,-65.8732320502504,0.652944492776473
-2551,11447,0,-12.095177095147,-58.0508916468205,-2.05295172623901
-2551,11947,0,-11.8325486338433,-51.2152748998745,-3.94699564851301
-2551,12447,0,-11.4758116851223,-45.259396825473,-5.24107070759307
-2551,12947,0,-11.0562403888388,-40.0762763541252,-6.09329562074426
-2551,13447,0,-10.5978851257425,-35.5657355321107,-6.62126065053329
-2551,13947,0,-10.1189083084402,-31.6373663064117,-6.91229966144661
-2551,14447,0,-9.6327845812241,-28.2113704575643,-7.03126278064768
-2551,14947,0,-9.14932035354273,-25.2182803685934,-7.0263184150951
-2551,15447,0,-8.6754900882643,-22.5981413568705,-6.93325473639319
-2551,15947,0,-8.2161064412171,-20.2994814203172,-6.77865986793439
-2551,16447,0,-7.774348536871,-18.2782447207212,-6.58227240192699
-2551,16947,0,-7.35217345462245,-16.4967787543281,-6.35872085232249
-2551,17447,0,-6.95063382915632,-14.9229161601003,-6.11881367287937
-2551,17947,0,-6.57012119329757,-13.5291650174025,-5.87049851015146
-2551,18447,0,-6.21055125795352,-12.292007097819,-5.61957756854245
-2551,18947,0,-5.87150416805005,-11.1912964365053,-5.37024266822842
-2551,19447,0,-5.55233006171191,-10.2097475914034,-5.1254765879133
-2551,19947,0,-5.25222801959647,-9.33250220461072,-4.88735491435654
-2051,-20053,0,-5.57779125742495,5.71856612694749,-5.91482713309521
-2051,-19553,0,-5.90409539458818,6.26333511507016,-6.27502662592611
-2051,-19053,0,-6.25251918011149,6.8692914894735,-6.66129799021119
-2051,-18553,0,-6.62445112369913,7.54408234987105,-7.0755112493555
-2051,-18053,0,-7.02129949620095,8.29633507247172,-7.51960652606293
-2051,-17553,0,-7.4444732755509,9.13576396887887,-7.99557559280397
-2051,-17053,0,-7.89535877392874,10.073277620673,-8.50543687967454
-2051,-16553,0,-8.37529218051793,11.1210809855691,-9.05120320499265
-2051,-16053,0,-8.88552898408405,12.2927633241996,-9.63484201295387
-2051,-15553,0,-9.42721241290033,13.6033588446791,-10.258228922809
-2051,-15053,0,-10.0013448260349,15.0693614391165,-10.9230972036167
-2051,-14553,0,-10.6087686216969,16.70866775535,-11.6309887940531
-2051,-14053,0,-11.2501669111794,18.5404140013478,-12.3832172288225
-2051,-13553,0,-11.9260990918303,20.5846615388107,-13.1808599695829
-2051,-13053,0,-12.637092468008,22.8618753846783,-14.0248078208686
-2051,-12553,0,-13.3838176348194,25.3921303830814,-14.9159126481349
-2051,-12053,0,-14.1673808461791,28.1939764550063,-15.8552906415442
-2051,-11553,0,-14.9897675586219,31.2829050588063,-16.844853064877
-2051,-11053,0,-15.8544611799904,34.6693973728006,-17.8881393875221
-2051,-10553,0,-16.767228476196,38.3566214869119,-18.9914950175915
-2051,-10053,0,-17.7369908303306,42.3380085523164,-20.1655179637035
-2051,-9553,0,-18.7765662174779,46.5952025380859,-21.4264017144414
-2051,-9053,0,-19.9028506337195,51.097240344495,-22.7961675232616
-2051,-8553,0,-21.1357166437885,55.8021627538068,-24.2996005226179
-2051,-8053,0,-22.4946225634737,60.6621798870832,-25.9539015858027
-2051,-7553,0,-23.991847355158,65.6320918825874,-27.7453850545281
-2051,-7053,0,-25.6215754245444,70.6767298639077,-29.5892530187075
-2051,-6553,0,-27.3444446419691,75.7682130531668,-31.2806714102812
-2051,-6053,0,-29.0673080400506,80.8683345424085,-32.4709059988008
-2051,-5553,0,-30.6210064856709,85.9180910258398,-32.7128887721922
-2051,-5053,0,-31.7467411327908,90.8761303639635,-31.5637532198029
-2051,-4553,0,-32.094442430678,95.7980878580878,-28.6454589813601
-2051,-4053,0,-31.2059402309031,100.868186448975,-23.5816729076064
-2051,-3553,0,-28.4593670831214,106.275515384595,-15.8418486224062
-2051,-3053,0,-23.0466565226422,111.836605273883,-4.63160865552942
-2051,-2553,0,-14.269408451146,116.359032153745,10.8739146060022
-2051,-2053,0,-2.55013952737015,117.421038377825,30.5797105680847
-2051,-1553,0,9.66312728702191,113.112747666507,52.6049312915197
-2051,-1053,0,19.3694889770592,104.202882550653,74.6800206603684
-2051,-553,0,25.0812473732885,92.755589961944,96.0574668648395
-2051,-53,0,26.4685999501406,80.0048340935038,116.982054392902
-2051,447,0,23.5263899255967,66.5490396277127,137.558477603405
-2051,947,0,17.0729855810985,53.1961550433859,157.831735185318
-2051,1447,0,9.55619023208558,40.0533067552438,178.339752423933
-2051,1947,0,3.59727948187679,25.1439864444826,198.960703028161
-2051,2447,0,-0.0379510601410544,6.22829780823981,217.667469979859
-2051,2947,0,-2.00243800056086,-17.0666071332897,231.668396242208
-2051,3447,0,-3.18374643200196,-43.4830544220624,238.837780399981
-2051,3947,0,-4.20638721921409,-71.0956915185716,238.057587489808
-2051,4447,0,-5.39382140989101,-97.8237795752573,229.020818528152
-2051,4947,0,-6.85213145361763,-121.539067796843,212.108384661734
-2051,5447,0,-8.55051957543061,-140.156302433594,188.500260907714
-2051,5947,0,-10.378190664072,-151.99080630043,160.310429572166
-2051,6447,0,-12.1872022673941,-156.3193723443,130.373720604335
-2051,6947,0,-13.8300595265386,-153.712005545438,101.56055974089
-2051,7447,0,-15.190634468394,-145.781756816114,76.0036388135766
-2051,7947,0,-16.2016045526358,-134.527928186707,54.7435052433722
-2051,8447,0,-16.8456346958394,-121.741302719213,37.8800821033446
-2051,8947,0,-17.1446760857108,-108.726313174564,24.9520679317817
-2051,9447,0,-17.1448359621666,-96.2916563668109,15.2787932887985
-2051,9947,0,-16.9026060813861,-84.8620597875267,8.170475826773
-2051,10447,0,-16.4750087708569,-74.6069945747728,3.02435310447798
-2051,10947,0,-15.9138177500637,-65.5437208378014,-0.647937421667208
-2051,11447,0,-15.2629309892932,-57.6076587840937,-3.2257505708277
-2051,11947,0,-14.5577856288101,-50.6961741597142,-4.99673807689735
-2051,12447,0,-13.8259076632582,-44.6940189971303,-6.17603512091248
-2051,12947,0,-13.0879775643705,-39.487158399885,-6.92332525846347
-2051,13447,0,-12.3590396583347,-34.9696363809842,-7.35667149303625
-2051,13947,0,-11.6496569122303,-31.0464460657086,-7.56321010250096
-2051,14447,0,-10.9669218633835,-27.6342064470512,-7.60721031617948
-2051,14947,0,-10.3152967657445,-24.6607058088023,-7.53606494517589
-2051,15447,0,-9.69728825064123,-22.0639182558311,-7.38471158210407
-2051,15947,0,-9.11397612806559,-19.7908297531106,-7.17888573186762
-2051,16447,0,-8.56542041136209,-17.7962524934514,-6.93751332589566
-2051,16947,0,-8.05097011760728,-16.0417161357382,-6.6744721889434
-2051,17447,0,-7.56949467482019,-14.494473850257,-6.39989150600743
-2051,17947,0,-7.11955536004242,-13.1266336075369,-6.12111288337407
-2051,18447,0,-6.69953084531721,-11.9144109373098,-5.84340309193086
-2051,18947,0,-6.30770796565482,-10.837492699628,-5.57048412926889
-2051,19447,0,-5.94234634455974,-9.87849888931825,-5.30492848007857
-2051,19947,0,-5.60172351032339,-9.02252919352329,-5.04845458056233
-1551,-20053,0,-5.74023755729995,5.39545659979767,-6.0436112235775
-1551,-19553,0,-6.08178223830247,5.91816997723333,-6.41664767098612
-1551,-19053,0,-6.44668691028948,6.50069627588426,-6.81708310971162
-1551,-18553,0,-6.83632269953543,7.15068000459688,-7.24689320227431
-1551,-18053,0,-7.25202006975273,7.8767750345069,-7.70811509993058
-1551,-17553,0,-7.69502154010433,8.68876024846879,-8.20281956613768
-1551,-17053,0,-8.16641920979576,9.59765759782872,-8.73307225581145
-1551,-16553,0,-8.66707340320448,10.6158466992626,-9.30088174266562
-1551,-16053,0,-9.19750814392749,11.7571668785605,-9.90813179844475
-1551,-15553,0,-9.75777860076357,13.0369931251423,-10.556495634927
-1551,-15053,0,-10.3473052209243,14.472266456103,-11.2473305477018
-1551,-14553,0,-10.9646691251548,16.0814514285556,-11.9815529793049
-1551,-14053,0,-11.6073637037719,17.884383860555,-12.7594969005005
-1551,-13553,0,-12.2714985166488,19.9019604803369,-13.5807631490603
-1551,-13053,0,-12.9514539417492,22.1556102718013,-14.4440745271164
-1551,-12553,0,-13.6394889807998,24.6664772639614,-15.3471613007897
-1551,-12053,0,-14.3253107088547,27.4542415542639,-16.2867135083309
-1551,-11553,0,-14.9956225945816,30.5355187260511,-17.2584468563958
-1551,-11053,0,-15.6336811177056,33.9218227271994,-18.257329151962
-1551,-10553,0,-16.2189076014692,37.6171759847716,-19.2779846477096
-1551,-10053,0,-16.7266300717148,41.6156299580894,-20.3151961725187
-1551,-9553,0,-17.1280816995688,45.8992381895476,-21.3641938957242
-1551,-9053,0,-17.3908879236136,50.43737503209,-22.4199635698027
-1551,-8553,0,-17.4804827097578,55.1885593504315,-23.4740568051877
-1551,-8053,0,-17.363228851652,60.1057028843313,-24.506477971425
-1551,-7553,0,-17.0122698465253,65.1442344247731,-25.4699503123417
-1551,-7053,0,-16.41640534177,70.2694821821646,-26.2662687157764
-1551,-6553,0,-15.5888133670643,75.4573519622463,-26.7220698228615
-1551,-6053,0,-14.5661822958834,80.6880587373139,-26.5816795926721
-1551,-5553,0,-13.3866915149064,85.9508435024769,-25.5319964742251
-1551,-5053,0,-12.0456205302212,91.2884989095917,-23.2415173844921
-1551,-4553,0,-10.4370662804022,96.8808994786881,-19.3532608566523
-1551,-4053,0,-8.27493396019046,103.106694080651,-13.3679587534062
-1551,-3553,0,-4.96398413096966,110.460296888768,-4.39378079528403
-1551,-3053,0,0.562046467011179,119.080459812643,9.16922519733853
-1551,-2553,0,9.70759534067352,127.458194539358,29.5257691757145
-1551,-2053,0,22.6767915691872,130.891819562819,57.3072670323656
-1551,-1553,0,35.9530892567369,124.801327549958,87.8145141474694
-1551,-1053,0,44.9780801270467,111.311249007312,114.97207705943
-1551,-553,0,48.4108928707283,94.839190047229,137.571943322118
-1551,-53,0,46.3989108032683,77.0073209706352,156.422318729637
-1551,447,0,38.699453916604,58.4528013145648,171.242431183104
-1551,947,0,25.7934706800571,41.8369914574045,181.893642438286
-1551,1447,0,11.4654960571841,29.5433480836504,192.006471720278
-1551,1947,0,0.169886014976765,17.8544046820896,205.308460238069
-1551,2447,0,-7.27954069547957,1.76233885198371,219.957730047569
-1551,2947,0,-12.0816931900458,-19.8547667567236,231.824937909522
-1551,3447,0,-15.3946755119337,-45.4725829253034,237.817847221384
-1551,3947,0,-17.9083475799798,-72.7801166834089,236.33073912682
-1551,4447,0,-19.9566388393763,-99.421509517781,226.832722960779
-1551,4947,0,-21.6705886477351,-123.105851528049,209.603018369555
-1551,5447,0,-23.0812363841819,-141.660098425724,185.774859071519
-1551,5947,0,-24.1776842380298,-153.357934433797,157.442210462727
-1551,6447,0,-24.9383580516223,-157.466250477111,127.433985827334
-1551,6947,0,-25.3487097920349,-154.569399745602,98.6201392624252
-1551,7447,0,-25.4112718822166,-146.310633269019,73.1310624516262
-1551,7947,0,-25.1492188291945,-134.724331557858,51.9991425208276
-1551,8447,0,-24.603922709635,-121.631314481797,35.3105285043897
-1551,8947,0,-23.8284762988137,-108.35563340697,22.5875011939384
-1551,9447,0,-22.8800694724291,-95.7146492956454,13.1336141841363
-1551,9947,0,-21.8135480785167,-84.1331864377646,6.24609852923698
-1551,10447,0,-20.6772146000584,-73.7754674442073,1.31278269948718
-1551,10947,0,-19.5108569147759,-64.650959604297,-2.16069898320092
-1551,11447,0,-18.3454530596438,-56.6866945148199,-4.55693403640507
-1551,11947,0,-17.2038973489367,-49.7721900225841,-6.16478285909431
-1551,12447,0,-16.1022113966652,-43.7854271036979,-7.19923650602172
-1551,12947,0,-15.0508805469447,-38.6068331821252,-7.81900954707345
-1551,13447,0,-14.0561116963644,-34.1260953924282,-8.1407518178479
-1551,13947,0,-13.1209184524905,-30.2448818257892,-8.24999888105985
-1551,14447,0,-12.2460068645195,-26.8773394726604,-8.209394242495
-1551,14947,0,-11.4304709319247,-23.9494640413965,-8.06477584755512
-1551,15447,0,-10.6723230725933,-21.3979638561364,-7.84964828909739
-1551,15947,0,-9.96888927084102,-19.1689591575321,-7.58845811508606
-1551,16447,0,-9.31709734125931,-17.2166950270105,-7.29899085604446
-1551,16947,0,-8.71368297266486,-15.5023534550739,-6.99412681691811
-1551,17447,0,-8.15533377122676,-13.9929987261794,-6.68312951458391
-1551,17947,0,-7.63878729066008,-12.6606628814439,-6.37259337442827
-1551,18447,0,-7.16089538336871,-11.4815642551883,-6.06714258576391
-1551,18947,0,-6.71866422013575,-10.4354459469435,-5.76994778143959
-1551,19447,0,-6.3092769682013,-9.50501910353871,-5.48310895561826
-1551,19947,0,-5.93010429859163,-8.67549605179871,-5.20793985637548
-1051,-20053,0,-5.88497955532837,5.05830258725997,-6.16675707136315
-1051,-19553,0,-6.2405993911017,5.55773537708152,-6.55216587997204
-1051,-19053,0,-6.62081957874829,6.1155887148992,-6.96625200516868
-1051,-18553,0,-7.02702654269935,6.73954846316982,-7.41108662053628
-1051,-18053,0,-7.46051882869657,7.43836100417485,-7.88878968256544
-1051,-17553,0,-7.92243604814534,8.22196656994145,-8.40149066308599
-1051,-17053,0,-8.4136632457825,9.10163986884517,-8.95127320337817
-1051,-16553,0,-8.93470361984834,10.0901332509606,-9.54009918301216
-1051,-16053,0,-9.48551080438641,11.2018145672803,-10.1697068177546
-1051,-15553,0,-10.0652699487985,12.4527875180463,-10.8414765423357
-1051,-15053,0,-10.6721146782567,13.8609762862439,-11.5562577411954
-1051,-14553,0,-11.3027648757613,15.446148240857,-12.3141491026144
-1051,-14053,0,-11.9520684699927,17.2298381919708,-13.1142258564642
-1051,-13553,0,-12.6124297304694,19.2351251061398,-13.9542089199121
-1051,-13053,0,-13.2731081621017,21.4861980405688,-14.8300746362533
-1051,-12553,0,-13.9193779602894,24.0076343380964,-15.7356099132707
-1051,-12053,0,-14.5315513992708,26.8233041603536,-16.6619262267095
-1051,-11553,0,-15.0838956625905,29.9548192118025,-17.5969557876274
-1051,-11053,0,-15.5435195086472,33.4194731286209,-18.5249595510215
-1051,-10553,0,-15.8693857982784,37.2276951841955,-19.4260687892746
-1051,-10053,0,-16.0117351459661,41.3801788091121,-20.2758387958427
-1051,-9553,0,-15.9124050772047,45.8650629363143,-21.0446824650542
-1051,-9053,0,-15.5068115686279,50.6558079071088,-21.6968390673244
-1051,-8553,0,-14.7286959850609,55.7105968448599,-22.1882280097405
-1051,-8053,0,-13.5189610735988,60.9739540210448,-22.4622999525858
-1051,-7553,0,-11.839539378386,66.3805355875997,-22.4433081867462
-1051,-7053,0,-9.69134997401031,71.8600051355498,-22.0280584379973
-1051,-6553,0,-7.13128875138328,77.3424287355567,-21.0802997336695
-1051,-6053,0,-4.27841171555432,82.7688631886548,-19.4336501742161
-1051,-5553,0,-1.29924993118692,88.1211285773249,-16.9024070747797
-1051,-5053,0,1.63027346852661,93.4874040202449,-13.280327131876
-1051,-4553,0,4.38289111309202,99.1634170220641,-8.28315257862683
-1051,-4053,0,6.9658416234964,105.753113186593,-1.37170026799352
-1051,-3553,0,9.6686694967893,114.163269693154,8.62883959823596
-1051,-3053,0,13.3035711033558,125.155615368218,24.1928787316785
-1051,-2553,0,19.3226536544529,137.430895038649,49.5890544838075
-1051,-2053,0,28.5222033204362,143.64908787233,87.508089036441
-1051,-1553,0,37.8219641238044,134.969482952755,129.067702217821
-1051,-1053,0,42.9530585549327,115.960229660654,162.031083990932
-1051,-553,0,43.3203038918165,94.2919736029577,185.67245529114
-1051,-53,0,39.4840555384099,71.375872335879,202.203692367899
-1051,447,0,31.0641820824797,47.1281591583857,210.486216416853
-1051,947,0,17.8810412116536,26.4114019730796,208.861699805634
-1051,1447,0,3.34732740876044,15.5526147027502,205.404254115962
-1051,1947,0,-8.15197397773724,8.0698619659072,210.084302470355
-1051,2447,0,-16.1975344175823,-4.74800080346872,220.383636897101
-1051,2947,0,-22.0226328115756,-24.4330287074927,229.965091295793
-1051,3447,0,-26.5180563630457,-48.9313147913592,234.605626911445
-1051,3947,0,-30.0869404084842,-75.501344383626,232.254785946837
-1051,4447,0,-32.8644482323133,-101.554871020255,222.212545618894
-1051,4947,0,-34.88322449526,-124.700149968785,204.685385587142
-1051,5447,0,-36.1603128621586,-142.733261072991,180.762619305129
-1051,5947,0,-36.7333342487205,-153.928886856156,152.500485490584
-1051,6447,0,-36.6686934324642,-157.566770138574,122.691047331937
-1051,6947,0,-36.0563957823953,-154.2466400231,94.1687314111896
-1051,7447,0,-35.0000801987086,-145.625201021857,69.0312745611172
-1051,7947,0,-33.6067525244691,-133.745741915493,48.2825669083382
-1051,8447,0,-31.9782178182641,-120.432030706466,31.9853051801415
-1051,8947,0,-30.2049791312306,-107.00514149388,19.6438332927
-1051,9447,0,-28.3627628065783,-94.2748576297494,10.5492372955281
-1051,9947,0,-26.5114135793076,-82.6557712985284,3.99118411800795
-1051,10447,0,-24.6956021783413,-72.3010788319036,-0.646081903982932
-1051,10947,0,-22.9466658904787,-63.2097931854319,-3.85757806172411
-1051,11447,0,-21.2849600056774,-55.299847927986,-6.02458833954692
-1051,11947,0,-19.7222608241963,-48.4533245484474,-7.433513838296
-1051,12447,0,-18.2639438383189,-42.5424178119929,-8.29632182849712
-1051,12947,0,-16.9108109019485,-37.443236632343,-8.76853985050279
-1051,13447,0,-15.6605407590985,-33.042367584116,-8.96371730875945
-1051,13947,0,-14.5087932133021,-29.2393412720558,-8.96451585110213
-1051,14447,0,-13.4500213465623,-25.9469016403312,-8.83099729824116
-1051,14947,0,-12.4780511479336,-23.0901852617417,-8.60672898614351
-1051,15447,0,-11.586483050581,-20.605433852389,-8.32324729856055
-1051,15947,0,-10.7689611069849,-18.4385772456338,-8.0033096780349
-1051,16447,0,-10.0193461121089,-16.5438591351338,-7.66326189846481
-1051,16947,0,-9.33182045617713,-14.8825850998423,-7.31476253802716
-1051,17447,0,-8.70094540838905,-13.4220217515869,-6.96604127719876
-1051,17947,0,-8.1216859515089,-12.1344493618164,-6.62281902062468
-1051,18447,0,-7.58941403433782,-10.9963574807865,-6.28898230522265
-1051,18947,0,-7.09989794366638,-9.98776773498916,-5.96707874777204
-1051,19447,0,-6.64928318136054,-9.09166666244566,-5.65868177810619
-1051,19947,0,-6.23406855984285,-8.29353213112385,-5.36465960460205
-551,-20053,0,-6.01148189164945,4.70825050121076,-6.2837780919831
-551,-19553,0,-6.38004301483513,5.1831747197147,-6.68106931217276
-551,-19053,0,-6.77448108297251,5.71507497323606,-7.10827680042611
-551,-18553,0,-7.19624617841825,6.31170844911539,-7.56756312484224
-551,-18053,0,-7.64667231008738,6.98196132570417,-8.06112547052258
-551,-17553,0,-8.12688905525397,7.73600689659717,-8.59114409177213
-551,-17053,0,-8.63770137451627,8.58547850489921,-9.15970895445064
-551,-16553,0,-9.17942784118803,9.54365452102095,-9.76871771490982
-551,-16053,0,-9.75168491664229,10.6256498925628,-10.419736404765
-551,-15553,0,-10.3531018115728,11.8486047857208,-11.1138121214967
-551,-15053,0,-10.9809469726909,13.2318550570821,-11.8512247237587
-551,-14553,0,-11.6306435665142,14.7970611839646,-12.6311621556355
-551,-14053,0,-12.2951480409968,16.5682612379194,-13.4513018874617
-551,-13553,0,-12.9641640055484,18.5717989823871,-14.3072796054506
-551,-13053,0,-13.6231652398836,20.8360600142968,-15.1920265698349
-551,-12553,0,-14.2522100087302,23.3909276480204,-16.094960241044
-551,-12053,0,-14.8245496123997,26.2668481259366,-17.001020471774
-551,-11553,0,-15.3050760405761,29.493376609777,-17.8895575742175
-551,-11053,0,-15.6487297715042,33.0970702460902,-18.7331002871111
-551,-10553,0,-15.7991168875823,37.0986166001643,-19.4960610192639
-551,-10053,0,-15.6877850664587,41.509153699672,-20.133469929894
-551,-9553,0,-15.2348947281456,46.3258703243043,-20.5898628129486
-551,-9053,0,-14.3523785815873,51.5271787837481,-20.7984769206556
-551,-8553,0,-12.9510125235655,57.0680084434009,-20.6809484140552
-551,-8053,0,-10.9528616337157,62.8760422640862,-20.1478142849246
-551,-7553,0,-8.30982552112517,68.8500556355211,-19.100403741311
-551,-7053,0,-5.02690659510207,74.8622607632788,-17.4351553664569
-551,-6553,0,-1.1853553161503,80.7684642512963,-15.0514392405019
-551,-6053,0,3.0423425846899,86.4333235374276,-11.8618718790252
-551,-5553,0,7.39336306459149,91.7811970204111,-7.79745290221482
-551,-5053,0,11.5338644470688,96.881469686732,-2.78765169683358
-551,-4553,0,15.0939743614157,102.067753248074,3.32145415342629
-551,-4053,0,17.7193869699257,108.071524591523,10.9753180115137
-551,-3553,0,19.159019612845,116.090263518381,21.3690683509601
-551,-3053,0,19.4292523076667,127.423116521851,37.3569539787544
-551,-2553,0,19.0075836189677,141.23097598906,64.4841858940958
-551,-2053,0,18.5056309306269,148.736545708906,107.127874634603
-551,-1553,0,17.4614379942887,138.175192172281,154.070720556738
-551,-1053,0,14.9800770523711,115.785944746145,189.230601030884
-551,-553,0,11.2828676736577,91.3423939792205,212.550597737871
-551,-53,0,6.80721750233508,65.8316113534343,227.342370976646
-551,447,0,1.38076044499163,38.3479430595982,231.860216389005
-551,947,0,-5.39340976139374,14.9883615313028,223.030256513308
-551,1447,0,-12.8012215446224,4.91813571324577,211.426035948921
-551,1947,0,-19.6226948574595,-0.107839327371249,210.994538618419
-551,2447,0,-25.7365297402309,-11.1262702865598,218.58804856306
-551,2947,0,-31.3784343184717,-29.7031011252175,226.472352736261
-551,3447,0,-36.5187410755755,-53.3490075223813,229.863938646407
-551,3947,0,-40.9454040041856,-79.0756112247774,226.578092956153
-551,4447,0,-44.4317850442765,-104.224870624434,215.901942128496
-551,4947,0,-46.8279753125516,-126.427634229925,198.040668556482
-551,5447,0,-48.0911771603572,-143.537245076012,174.063524706689
-551,5947,0,-48.28051046145,-153.887539952751,145.985431075825
-551,6447,0,-47.5327589283633,-156.80280860218,116.542995188349
-551,6947,0,-46.0305709462896,-152.906947157562,88.5106379853834
-551,7447,0,-43.9715997742582,-143.861429700512,63.9300334896143
-551,7947,0,-41.544060552578,-131.699425317623,43.7585886263596
-551,8447,0,-38.9110402705992,-118.225290982982,28.0245155799038
-551,8947,0,-36.2032501825263,-104.736541521624,16.2094807729779
-551,9447,0,-33.5182964152684,-92.0191753459619,7.59190774042277
-551,9947,0,-30.9240326996622,-80.4662779253364,1.45637919679224
-551,10447,0,-28.4638314179457,-70.2130610544458,-2.81277283387447
-551,10947,0,-26.1622352793191,-61.2443892709252,-5.70732089884987
-551,11447,0,-24.0300999850441,-53.467623507403,-7.6036526366928
-551,11947,0,-22.0688401973807,-46.7573076858583,-8.78264587652208
-551,12447,0,-20.2737094408976,-40.9805140957345,-9.45075524979335
-551,12947,0,-18.6362101659986,-36.0100602614636,-9.75836318006233
-551,13447,0,-17.145793641529,-31.7305767332484,-9.81441084266445
-551,13947,0,-15.791015312408,-28.0405794417214,-9.69754156522184
-551,14447,0,-14.5602906972798,-24.8524398053001,-9.46437518160316
-551,14947,0,-13.4423679523983,-22.0913444053415,-9.15556566890099
-551,15447,0,-12.4266049882239,-19.6938506133547,-8.80020278736871
-551,15947,0,-11.5031151623323,-17.6063600867612,-8.41899950730846
-551,16447,0,-10.6628269098502,-15.7836698151588,-8.02659811218938
-551,16947,0,-9.89748875976646,-14.1876703995008,-7.63323974898029
-551,17447,0,-9.19964114084595,-12.7862130317093,-7.24597499239893
-551,17947,0,-8.56256929196462,-11.5521421424011,-6.86954333957665
-551,18447,0,-7.98024667342066,-10.4624793641695,-6.50701351199679
-551,18947,0,-7.44727491048707,-9.49774026275576,-6.16025053009291
-551,19447,0,-6.9588240253414,-8.64136478563762,-5.83025698133352
-551,19947,0,-6.51057519410174,-7.87924365262475,-5.5174226499012
-51,-20053,0,-6.11919981179881,4.34644220741606,-6.39420427964819
-51,-19553,0,-6.49956723417613,4.79560254778457,-6.80286443587599
-51,-19053,0,-6.90714703351165,5.30019672075765,-7.24265045823191
-51,-18553,0,-7.34351216725107,5.86806494525475,-7.71581851906412
-51,-18053,0,-7.81011449188391,6.50825595675496,-8.22464656774171
-51,-17553,0,-8.30818700768643,7.23121498443964,-8.77137074753627
-51,-17053,0,-8.83860959505488,8.04899602236381,-9.35809422255667
-51,-16553,0,-9.40172658172668,8.97549830928581,-9.98665914034682
-51,-16053,0,-9.99710118298611,10.0267248080607,-10.6584697331923
-51,-15553,0,-10.6231878722873,11.2210570417839,-11.37425121371
-51,-15053,0,-11.2768991101599,12.5795353045091,-12.1337251203143
-51,-14553,0,-11.9530378192037,14.1261252135429,-12.9351771903001
-51,-14053,0,-12.6435621383793,15.8879397581873,-13.7748889524143
-51,-13553,0,-13.3366455564812,17.8953691279598,-14.6463996488218
-51,-13053,0,-14.0154958435862,20.1820471980768,-15.5395620085516
-51,-12553,0,-14.6569043718884,22.7845521873544,-16.4393558973436
-51,-12053,0,-15.2295202870409,25.7416988182469,-17.3244314250287
-51,-11553,0,-15.6918923459929,29.0932309749241,-18.1653730780049
-51,-11053,0,-15.9904109631309,32.8776713039086,-18.9227167213718
-51,-10553,0,-16.0574352288078,37.1290373900133,-19.5448225807281
-51,-10053,0,-15.8101276165274,41.8721132400067,-19.9658228019813
-51,-9553,0,-15.1508571328637,47.116006316342,-20.1040358360953
-51,-9053,0,-13.9704490619145,52.8458861194536,-19.8614811130958
-51,-8553,0,-12.1559517467041,59.0131911101208,-19.1254280245437
-51,-8053,0,-9.60470485666393,65.525364002142,-17.77321575261
-51,-7553,0,-6.2458970502985,72.2375475646186,-15.6817099457891
-51,-7053,0,-2.06901677219215,78.9508269644872,-12.7423110848737
-51,-6553,0,2.84443724118011,85.4243406666437,-8.88066860591045
-51,-6053,0,8.29287592021467,91.4106809587674,-4.07632116951868
-51,-5553,0,13.938183100547,96.7230347705358,1.62893524817812
-51,-5053,0,19.3054443969674,101.336637027857,8.15340723978896
-51,-4553,0,23.795169800349,105.518290612279,15.4590655235334
-51,-4053,0,26.6963782681673,109.968097632433,23.751130713914
-51,-3553,0,27.194873389584,115.917382879174,33.916531361852
-51,-3053,0,24.4242418150692,124.865157908899,48.4479888069998
-51,-2553,0,17.7618597065776,136.486691136327,72.6889610939217
-51,-2053,0,7.6548468376954,142.609042388427,111.431778395319
-51,-1553,0,-3.74382994246285,131.586204130959,154.328015003833
-51,-1053,0,-13.9040421966939,109.588224678026,186.046061142307
-51,-553,0,-21.5709869260516,86.1191306947576,207.072704603559
-51,-53,0,-26.4225429097456,61.7439769732656,220.931569390097
-51,447,0,-28.435584885031,35.0768053092326,225.832313239397
-51,947,0,-28.3232274389962,11.8032397018993,218.16230773633
-51,1447,0,-28.1097576314542,1.20426514453508,207.662559681697
-51,1947,0,-29.8191594513003,-4.67774542828773,207.715147759428
-51,2447,0,-33.8441593925838,-16.4577268331639,214.960511223439
-51,2947,0,-39.3600665980632,-35.308688992468,221.899927873782
-51,3447,0,-45.2885465338269,-58.6333736286575,224.133629297725
-51,3947,0,-50.7307990248666,-83.5320280238579,219.781008811576
-51,4447,0,-55.0674704090696,-107.513163383626,208.312977258683
-51,4947,0,-57.9550070690499,-128.388936365485,190.017087597038
-51,5447,0,-59.2903717125399,-144.175748727397,165.969290952245
-51,5947,0,-59.1596373637132,-153.333351761296,138.139494432466
-51,6447,0,-57.7775356017583,-155.266117855533,109.189638737732
-51,6947,0,-55.4263535520938,-150.632717433036,81.8093169207954
-51,7447,0,-52.4028140898374,-141.09194674282,57.9604890735773
-51,7947,0,-48.9791962596013,-128.648815739329,38.5356172327916
-51,8447,0,-45.3808985210533,-115.066508819134,23.5166199765649
-51,8947,0,-41.7786471071579,-101.598542194488,12.3568394496543
-51,9447,0,-38.2910964639688,-88.9907473803202,4.32100641643751
-51,9947,0,-34.9930919820297,-77.6031402767506,-1.30956429830363
-51,10447,0,-31.9257916973578,-67.545731473902,-5.14726991551988
-51,10947,0,-29.1062677539739,-58.7853690092701,-7.67709786863914
-51,11447,0,-26.535471825118,-51.2172724789088,-9.26721546996643
-51,11947,0,-24.2042936483276,-44.7083061526316,-10.1901274277178
-51,12447,0,-22.0978863837487,-39.1210695122358,-10.6444648098271
-51,12947,0,-20.1986003229627,-34.326110530941,-10.7736578095922
-51,13447,0,-18.4878813462525,-30.2072422705716,-10.6806600957036
-51,13947,0,-16.9474388858131,-26.6630785299789,-10.4390609639679
-51,14447,0,-15.5599187439485,-23.6066339231669,-10.1012689451031
-51,14947,0,-14.3092515304312,-20.9640360187447,-9.70445726861539
-51,15447,0,-13.1807955012985,-18.6729200852633,-9.27485249950443
-51,15947,0,-12.1613538960822,-16.6808013063166,-8.83081814329939
-51,16447,0,-11.2391194445454,-14.9435646273452,-8.38507006646853
-51,16947,0,-10.4035798950538,-13.4241282535479,-7.946269212952
-51,17447,0,-9.64540580500605,-12.0912929107376,-7.52016829915075
-51,17947,0,-8.95633353662116,-10.9187675374288,-7.11043885602814
-51,18447,0,-8.32905103041337,-9.88435287498707,-6.71926878002304
-51,18947,0,-7.7570905071755,-8.96926167081149,-6.34779472055155
-51,19447,0,-7.23473010948416,-8.15755467835265,-5.99641527046145
-51,19947,0,-6.7569051867693,-7.43567355953932,-5.66501788743437
449,-20053,0,-6.2075648256955,3.97404523253863,-6.49757662976638
449,-19553,0,-6.59856314465313,4.39614754370849,-6.9170672378137
449,-19053,0,-7.01817463709133,4.87199146450522,-7.36887315598592
449,-18553,0,-7.46815955479156,5.40949094882582,-7.85535244365195
449,-18053,0,-7.95017742146137,6.01785181263547,-8.37887613853879
449,-17553,0,-8.46568859155326,6.70779226218122,-8.94175399139885
449,-17053,0,-9.01581743428552,7.49179844981932,-9.54612721635747
449,-16553,0,-9.60116441077535,8.38441815902587,-10.1938166453095
449,-16053,0,-10.2215505147741,9.40259436095377,-10.8861110100306
449,-15553,0,-10.8756728471356,10.5660377623324,-11.6234754375641
449,-15053,0,-11.5606444501396,11.8976328601485,-12.4051545047901
449,-14553,0,-12.2713850645951,13.4238643744925,-13.2286373270036
449,-14053,0,-12.9998226409887,15.1752387247401,-14.0889443392202
449,-13553,0,-13.7338593017483,17.1866563117571,-14.9776872906306
449,-13053,0,-14.4560521517178,19.4976618860296,-15.8818469235678
449,-12553,0,-15.1419628039722,22.1524585264695,-16.7822096290462
449,-12053,0,-15.7581465229396,25.1995114100865,-17.6514100805685
449,-11553,0,-16.2597935763777,28.6904864287406,-18.4515499499326
449,-11053,0,-16.5881187534575,32.6781637032849,-19.1314168743959
449,-10553,0,-16.6677441944785,37.212841472423,-19.6234331368431
449,-10053,0,-16.404566001923,42.3366211393844,-19.8406476490761
449,-9553,0,-15.6849663375281,48.0748901694731,-19.6743799146405
449,-9053,0,-14.3777402035517,54.4244050669815,-18.9935554437848
449,-8553,0,-12.3407006990234,61.337826577422,-17.6473244821494
449,-8053,0,-9.43443112017039,68.70570371312,-15.4731099172989
449,-7553,0,-5.54567433840536,76.339152255005,-12.3124466449899
449,-7053,0,-0.621734915880398,83.9600429192754,-8.03617044025104
449,-6553,0,5.28573687112867,91.2097369033467,-2.57769376369307
449,-6053,0,11.9742772777731,97.6897820527027,4.03250632265208
449,-5553,0,19.0534398831699,103.044218434561,11.6458005696213
449,-5053,0,25.9292346391926,107.080429575233,20.0092728311831
449,-4553,0,31.8112502152982,109.908531660509,28.8399775597783
449,-4053,0,35.7207504247256,112.069432175801,37.9941648319211
449,-3553,0,36.461908098207,114.608396562082,47.8132568217708
449,-3053,0,32.566813194467,118.895950641289,59.8571962368983
449,-2553,0,22.5274264630112,125.127450575312,78.0763480318212
449,-2053,0,6.38168527022996,127.505924332756,106.72830320636
449,-1553,0,-11.8513695717421,117.008714739208,138.656316501671
449,-1053,0,-27.0708283236491,98.4173004381955,162.6547302882
449,-553,0,-37.5339840562987,78.9043589173845,179.820677810105
449,-53,0,-43.1743769449713,58.6098228297151,193.17716980983
449,447,0,-43.71823178502,36.0371410904813,201.336105232607
449,947,0,-39.7722471181259,15.0436779078662,200.791216291226
449,1447,0,-35.2933223463669,2.79059143505972,198.032620518776
449,1947,0,-34.7505175996937,-6.81324135061629,202.536072142487
449,2447,0,-38.6761363000357,-21.5655219586703,210.872315169138
449,2947,0,-45.3167027037731,-41.8195570710489,217.071333817924
449,3447,0,-52.8046308184334,-65.1772335839401,217.897712637339
449,3947,0,-59.7359960731639,-89.1358923137825,212.129161964515
449,4447,0,-65.1993681397626,-111.587826217247,199.575202452495
449,4947,0,-68.7162995989487,-130.677904620207,180.66672122981
449,5447,0,-70.1662896721241,-144.690160236226,156.496884155639
449,5947,0,-69.6989040757807,-152.276226961667,128.972628055725
449,6447,0,-67.6380834971627,-152.953264809499,100.64940242263
449,6947,0,-64.3898811174886,-147.420518130295,74.0971469631495
449,7447,0,-60.3656327699176,-137.321106946163,51.1678221415857
449,7947,0,-55.9288623613052,-124.608896538459,32.6671897070373
449,8447,0,-51.3679183361948,-110.980642752433,18.5183577701067
449,8947,0,-46.8902068966472,-97.623559214691,8.14151212585262
449,9447,0,-42.6305009997215,-85.226382090162,0.788053174413827
449,9947,0,-38.665759929421,-74.1047677988183,-4.26079586546315
449,10447,0,-35.0309448622324,-64.3369495618975,-7.60992899003024
449,10947,0,-31.7328129556832,-55.868594200945,-9.73332194798839
449,11447,0,-28.7606104837398,-48.5818197314943,-10.9872171580011
449,11947,0,-26.0937151160346,-42.3361281223652,-11.6327320719961
449,12447,0,-23.7067636407945,-36.9906093102931,-11.8583336215651
449,12947,0,-21.5729050631914,-32.4147583611103,-11.7987367942194
449,13447,0,-19.6657459939333,-28.4928172974635,-11.5496063914059
449,13947,0,-17.9604276011162,-25.1246594403998,-11.178529845282
449,14447,0,-16.4341490776162,-22.224970250303,-10.7330201058932
449,14947,0,-15.0663521887596,-19.7216993299972,-10.2462784975596
449,15447,0,-13.8387077429424,-17.5543005203913,-9.7413172024291
449,15947,0,-12.7349936912187,-15.6720175208947,-9.2338998407988
449,16447,0,-11.7409204109815,-14.0323299448412,-8.7346377017938
449,16947,0,-10.8439365384439,-12.5995992143201,-8.25048507581355
449,17447,0,-10.0330346081546,-11.343915689093,-7.78580733947701
449,17947,0,-9.29856696679577,-10.2401309080042,-7.34314499793834
449,18447,0,-8.63207706385411,-9.26705218673479,-6.92376094444289
449,18947,0,-8.02614803133561,-8.40677571860553,-6.52803276892199
449,19447,0,-7.47426863463365,-7.64413584652662,-6.1557340120813
449,19947,0,-6.97071568552967,-6.96625075773165,-5.80623561377685
949,-20053,0,-6.27598141079312,3.592286942151,-6.59344211875789
949,-19553,0,-6.67635281068814,3.98600105423876,-7.02319508085018
949,-19053,0,-7.10679286906609,4.43156048830264,-7.48643966562977
949,-18553,0,-7.56931271980724,4.9369216039615,-7.98564938202442
949,-18053,0,-8.06586876148164,5.51141213389585,-8.52330839707837
949,-17553,0,-8.59827241337128,6.16598445924792,-9.10182895163189
949,-17053,0,-9.16806251902829,6.91351514010193,-9.72343117826017
949,-16553,0,-9.77632745056582,7.76915731406373,-10.3899716010443
949,-16053,0,-10.4234598593374,8.75075215884116,-11.1027020328942
949,-15553,0,-11.1088217835475,9.87930407322848,-11.8619346888788
949,-15053,0,-11.8302912800258,11.1795207678938,-12.6665818486324
949,-14553,0,-12.5836538002126,12.6804128279429,-13.513529142963
949,-14053,0,-13.3617922881106,14.4159356089164,-14.3967905223838
949,-13553,0,-14.1536199889027,16.4256367059195,-15.306380652717
949,-13053,0,-14.9426905961723,18.7552405401246,-16.2268282183651
949,-12553,0,-15.7054145072808,21.4570520063977,-17.1352443600884
949,-12053,0,-16.4088130443002,24.589985859196,-17.998859991591
949,-11553,0,-17.0077642204864,28.218918135188,-18.7719643909941
949,-11053,0,-17.4417503792721,32.4129008471282,-19.3922327581208
949,-10553,0,-17.6312362288926,37.2415762533189,-19.7765501850406
949,-10053,0,-17.4740257553276,42.7688820246832,-19.8166647596932
949,-9553,0,-16.8423251740049,49.0429004147676,-19.3753876657829
949,-9053,0,-15.5818466634366,56.0805979405529,-18.2846614752828
949,-8553,0,-13.5151845499566,63.8464964328267,-16.3476686921544
949,-8053,0,-10.4528586906563,72.2255069995086,-13.3481680736593
949,-7553,0,-6.21655873549141,80.9929917766262,-9.07105941215228
949,-7053,0,-0.679329553120652,89.7903342281936,-3.33786422354151
949,-6553,0,6.17519977376973,98.1216342822427,3.94232782860124
949,-6053,0,14.1804385278702,105.393235911358,12.71385111267
949,-5553,0,22.9206708963514,111.014308366613,22.7275037378186
949,-5053,0,31.7010834643556,114.554084238109,33.5370409703233
949,-4553,0,39.5736970623909,115.913415135244,44.5686787693444
949,-4053,0,45.397707978329,115.44341201176,55.2762698533989
949,-3553,0,47.8666549019731,113.953625223493,65.3939662446834
949,-3053,0,45.4539558224747,112.518585333501,75.365148640982
949,-2553,0,36.5004635818154,111.596789884299,87.0049983136347
949,-2053,0,20.6801817824535,108.543755441305,102.739810506748
949,-1553,0,2.14926713291864,98.8962431367809,120.129402853702
949,-1053,0,-13.5751231512003,84.9082720253802,134.708268081897
949,-553,0,-24.9580528751503,70.1842357069307,147.449878293099
949,-53,0,-32.102499021184,54.7415569362352,160.104591769078
949,447,0,-34.6208180419332,37.5012357709886,172.121323372476
949,947,0,-32.734013570036,19.8787454449085,181.319260061419
949,1447,0,-30.4955353837677,5.09008940234507,189.392184721008
949,1947,0,-32.7302049971148,-9.84005641073172,199.295992138072
949,2447,0,-39.67021395719,-28.4984757747144,208.307991860228
949,2947,0,-49.2354217603888,-50.4499719797519,212.968937717761
949,3447,0,-59.3292419319483,-73.7024418326734,211.576191872742
949,3947,0,-68.350340012978,-96.3015093233454,203.710853469184
949,4447,0,-75.2486709463493,-116.653994130538,189.588738672572
949,4947,0,-79.5007256705128,-133.354822828059,169.80289425825
949,5447,0,-81.0368118531294,-145.048109268011,145.444446983781
949,5947,0,-80.1285348203395,-150.63600097608,118.312991706308
949,6447,0,-77.2576521669019,-149.772291377901,90.8023098469012
949,6947,0,-72.9897734460972,-143.191462178692,65.3095275545041
949,7447,0,-67.8721702542449,-132.496246838913,43.5345749148217
949,7947,0,-62.3675186351831,-119.556420328954,26.1696034001202
949,8447,0,-56.8251141371434,-105.970409442229,13.0662485203243
949,8947,0,-51.4815971732523,-92.8336889784389,3.6093141917917
949,9447,0,-46.4788128951588,-80.7605069639232,-2.95935125044608
949,9947,0,-41.8876110803629,-70.0119040700838,-7.35237799730671
949,10447,0,-37.73040583749,-60.6293269292999,-10.1606608972705
949,10947,0,-33.9992931965672,-52.5356155451537,-11.8414776157392
949,11447,0,-30.6691544590638,-45.6000456410662,-12.7346084468535
949,11947,0,-27.7064366485551,-39.6759456779537,-13.0863600268048
949,12447,0,-25.0746718520707,-34.6204290472768,-13.0725417270532
949,12947,0,-22.7377311267686,-30.3034971793697,-12.8173782793119
949,13447,0,-20.6615935718276,-26.6112537609448,-12.408000462481
949,13947,0,-18.815186726467,-23.4460788917818,-11.905128700738
949,14447,0,-17.1706714287976,-20.7253811819234,-11.3507830484195
949,14947,0,-15.7034110885228,-18.3798034939595,-10.7737823985371
949,15447,0,-14.3917745546364,-16.351331406496,-10.1936434998076
949,15947,0,-13.2168624550712,-14.5915170946864,-9.62333848535857
949,16447,0,-12.162209290238,-13.0599048678326,-9.07124415544796
949,16947,0,-11.2134902973065,-11.7226798095414,-8.54252074249964
949,17447,0,-10.3582480225219,-10.5515299010375,-8.04008814444729
949,17947,0,-9.58564522462841,-9.52269890439302,-7.56531782546188
949,18447,0,-8.88624597533373,-8.61620340621852,-7.11852346701898
949,18947,0,-8.25182422617442,-7.81518802378177,-6.69930882738753
949,19447,0,-7.67519780406734,-7.10539532630082,-6.3068140330542
949,19947,0,-7.15008524367882,-6.47473021906381,-5.93988945738789
1449,-20053,0,-6.32383536230697,3.2024891876556,-6.68134996312237
1449,-19553,0,-6.7321990540476,3.56646643868547,-7.12076031499775
1449,-19053,0,-7.17211398203039,3.98013810457799,-7.59482913376938
1449,-18553,0,-7.64589896057537,4.45145030170538,-8.10616295094108
1449,-18053,0,-8.15588792104082,4.9897886744844,-8.65738509349551
1449,-17553,0,-8.7043563033563,5.60626212287418,-9.25104799159254
1449,-17053,0,-9.29341392096243,6.31404373928779,-9.88950439868708
1449,-16553,0,-9.92485200392811,7.12877920909923,-10.5747220521937
1449,-16053,0,-10.599927927346,8.06907361652445,-11.3080209242095
1449,-15553,0,-11.3190656008787,9.15706742278651,-12.0897051338361
1449,-15053,0,-12.081442275346,10.4191105505239,-12.9185524021324
1449,-14553,0,-12.8844232224898,11.8865387112783,-13.7911122206284
1449,-14053,0,-13.7227939927211,13.5965462590238,-14.700749387999
1449,-13553,0,-14.5877255244037,15.5931316607039,-15.6363523100351
1449,-13053,0,-15.4653904397859,17.9280601227504,-16.5806062992094
1449,-12553,0,-16.335130495197,20.6617355244579,-17.5077134453236
1449,-12053,0,-17.1670582898464,23.8637898529921,-18.3804277080384
1449,-11553,0,-17.9189675258466,27.6130681824359,-19.1462769572295
1449,-11053,0,-18.5324386856734,31.9964925571774,-19.7328813607789
1449,-10553,0,-18.9280866748207,37.1060094565059,-20.0423817130551
1449,-10053,0,-19.0000513567791,43.0324504888277,-19.9452140298872
1449,-9553,0,-18.6101652710305,49.8546801370391,-19.2738880295109
1449,-9053,0,-17.5828853911677,57.6219575612334,-17.8181603900105
1449,-8553,0,-15.7032555246949,66.3272605679014,-15.3241760914231
1449,-8053,0,-12.7221067646302,75.8700099336592,-11.5018818742639
1449,-7553,0,-8.3754390781926,86.0093828999036,-6.04714717756901
1449,-7053,0,-2.42761545458191,96.3161156214526,1.31337635825973
1449,-6553,0,5.25243849611589,106.143099117802,10.748307741477
1449,-6053,0,14.5828948229479,114.65090961244,22.2224123278011
1449,-5553,0,25.1555452751117,120.929731482527,35.3998573811644
1449,-5053,0,36.1779080507239,124.226592002551,49.606662101617
1449,-4553,0,46.5334028779677,124.206123409015,63.9114314415622
1449,-4053,0,54.9522433286414,121.104422729777,77.3282103151587
1449,-3553,0,60.1891629266719,115.672716710431,89.0729600735024
1449,-3053,0,61.1101722553664,108.911601021576,98.8131052990151
1449,-2553,0,56.809453987064,101.571829021412,106.910274209884
1449,-2053,0,47.3460403773724,93.39995416652,114.371466229863
1449,-1553,0,35.0159299105184,83.4918572530075,121.888523596673
1449,-1053,0,22.8769225575803,72.2647325419185,129.7597057023
1449,-553,0,12.191875940388,60.5665769079479,138.836556822815
1449,-53,0,3.14922579472514,48.2271136474773,149.937069701204
1449,447,0,-4.1037141604107,34.4504128845032,163.069793499351
1449,947,0,-9.89643908259465,18.8722044784945,177.142705656318
1449,1447,0,-16.3038386458202,1.70033712475885,190.689775753534
1449,1947,0,-25.6806598596384,-17.6592721772624,202.096438983149
1449,2447,0,-38.0790872036326,-39.4490111082314,209.228727067534
1449,2947,0,-51.9682091452453,-62.4651768356482,210.509496849851
1449,3447,0,-65.4997079522213,-84.9466028095854,205.478408289166
1449,3947,0,-77.0732090973089,-105.421015778614,194.459728507402
1449,4447,0,-85.594907087325,-122.85750328042,178.077078287151
1449,4947,0,-90.5699976434036,-136.395428985906,157.06715556282
1449,5447,0,-92.0526253300019,-145.123776399323,132.463463343567
1449,5947,0,-90.5043291944973,-148.244719943514,105.877416682384
1449,6447,0,-86.6198782257946,-145.559014362855,79.4533986702013
1449,6947,0,-81.1622016173789,-137.814542512323,55.3377466984265
1449,7447,0,-74.8335553289842,-126.532442773067,35.0215476712149
1449,7947,0,-68.1985790523704,-113.452268455968,19.0513239919946
1449,8447,0,-61.6595118045541,-100.034285712145,7.19630525234987
1449,8947,0,-55.4694894455471,-87.253918657129,-1.19137543142899
1449,9447,0,-49.7645838742283,-75.6341052153686,-6.87029634333125
1449,9947,0,-44.5990318954455,-65.3732145062856,-10.5363671949071
1449,10447,0,-39.9752255417113,-56.4734236714706,-12.757017744204
1449,10947,0,-35.8658556226173,-48.8352830502001,-13.9653498444294
1449,11447,0,-32.2287707921754,-42.3171115120562,-14.4791885050091
1449,11947,0,-29.0162347990873,-36.7683486438934,-14.5261726822546
1449,12447,0,-26.1803072523975,-32.0463440873727,-14.2668235213099
1449,12947,0,-23.6757220377471,-28.0235520089122,-13.8131147295825
1449,13447,0,-21.4612336084746,-24.589566525174,-13.2424793631358
1449,13947,0,-19.5000693106139,-21.6506005857873,-12.6080087649926
1449,14447,0,-17.7598880036689,-19.1278494081355,-11.945734910798
1449,14947,0,-16.2124870229604,-16.9554953788606,-11.2797751535624
1449,15447,0,-14.8333990311404,-15.078727072667,-10.6259473529843
1449,15947,0,-13.601458458756,-13.4519373779516,-9.99430443467463
1449,16447,0,-12.4983801075859,-12.0371579017163,-9.3909104396887
1449,16947,0,-11.5083707185687,-10.8027337875732,-8.81908543265055
1449,17447,0,-10.617781874926,-9.72221927923795,-8.28027851132335
1449,17947,0,-9.8148057667635,-8.77346567095895,-7.7746800838764
1449,18447,0,-9.08921178766901,-7.93787204878896,-7.30165099045777
1449,18947,0,-8.43212027639352,-7.19977137670156,-6.86002268153497
1449,19447,0,-7.83580912757408,-6.54592791975138,-6.44830643105156
1449,19947,0,-7.29354898354973,-5.96512568194879,-6.06483826917991
1949,-20053,0,-6.35051341921082,2.80609988490137,-6.7608497760329
1949,-19553,0,-6.76533053811685,3.13900450530172,-7.20926650507138
1949,-19053,0,-7.21316568114849,3.51915589529331,-7.69349846104489
1949,-18553,0,-7.69668990159727,3.95441833275148,-8.2163051330587
1949,-18053,0,-8.2186794949887,4.45414556128113,-8.78047877511422
1949,-17553,0,-8.78196644203093,5.02949034099436,-9.38875545115443
1949,-17053,0,-9.38936171090745,5.69378113443326,-10.0436829014257
1949,-16553,0,-10.0435406262209,6.46297973303662,-10.7474284777391
1949,-16053,0,-10.74687548924,7.35623554039868,-11.501504333162
1949,-15553,0,-11.5011951370524,8.39655366991245,-12.3063789322266
1949,-15053,0,-12.3074436314939,9.61159429083203,-13.1609331713058
1949,-14553,0,-13.1652000783381,11.0346185638659,-14.0617052721828
1949,-14053,0,-14.0720078000844,12.7055900223803,-15.0018504126912
1949,-13553,0,-15.0224426242827,14.6724260679273,-15.9697181917241
1949,-13053,0,-16.0068256667991,16.9923670594016,-16.946923353883
1949,-12553,0,-17.0094545535714,19.7333819827067,-17.9057536818024
1949,-12053,0,-18.006188149009,22.9754471899292,-18.8057268428528
1949,-11553,0,-18.9611754086993,26.8113992880393,-19.589082892807
1949,-11053,0,-19.8224763477898,31.3468478095662,-20.174996846181
1949,-10553,0,-20.5163020859423,36.6983009791935,-20.4523465228351
1949,-10053,0,-20.9396472531151,42.9881634621661,-20.2710307281336
1949,-9553,0,-20.9512991047322,50.3345650265635,-19.4322022982513
1949,-9053,0,-20.3617768744973,58.8330672793344,-17.678535979565
1949,-8553,0,-18.9240361074303,68.5263035657488,-14.6870887148623
1949,-8053,0,-16.329333691431,79.3570612316739,-10.0698774104465
1949,-7553,0,-12.2171599976597,91.1017120376551,-3.39148256178292
1949,-7053,0,-6.21461009613402,103.287686359102,5.78139715323473
1949,-6553,0,1.97416523580746,115.116820973193,17.7796308446599
1949,-6053,0,12.4149081795043,125.450085481264,32.6703715061204
1949,-5553,0,24.7530872279735,132.942510713414,50.0651183033444
1949,-5053,0,38.0904160507485,136.387562990808,69.0033776056106
1949,-4553,0,51.0740696597626,135.169929323437,88.0582115964401
1949,-4053,0,62.2268065660039,129.538954146144,105.692753381313
1949,-3553,0,70.326001975577,120.486621918857,120.681053317903
1949,-3053,0,74.6071100167365,109.338589923956,132.376725673153
1949,-2553,0,74.7949746747443,97.3278699522171,140.823734307819
1949,-2053,0,71.1553584087738,85.2853847817161,146.809705313843
1949,-1553,0,64.5540070515358,73.5259312594916,151.705060451953
1949,-1053,0,56.0844468848157,62.0268505516543,156.925145820523
1949,-553,0,46.4652117028107,50.5594742251916,163.531247387864
1949,-53,0,35.951969759693,38.5628996008668,172.171371768211
1949,447,0,24.5365974709369,25.0960330511393,182.903447515134
1949,947,0,11.9752932439136,9.10996377215841,194.779518126594
1949,1447,0,-2.26289316356264,-10.0062998739715,205.698919823276
1949,1947,0,-18.5898301112915,-31.9741097592936,213.084178012428
1949,2447,0,-36.6276270960877,-55.4867319947557,214.911476589459
1949,2947,0,-55.1087267000696,-78.5558335770651,210.3505339205
1949,3447,0,-72.2841237996242,-99.3181617328993,199.769138183365
1949,3947,0,-86.4702196939334,-116.656553392456,184.190019559267
1949,4447,0,-96.5095652935876,-130.158960391551,164.662405175561
1949,4947,0,-101.975456049929,-139.624825502635,142.028771317887
1949,5447,0,-103.112051858518,-144.677717824759,117.167701283214
1949,5947,0,-100.633292052087,-144.858784742472,91.3767698435862
1949,6447,0,-95.4918731985727,-140.108228068996,66.4251452829129
1949,6947,0,-88.6723232351181,-131.14554556272,44.1034115983319
1949,7447,0,-81.0368750934407,-119.350780000957,25.6231495644026
1949,7947,0,-73.2425233171167,-106.274086101442,11.3511730736204
1949,8447,0,-65.7272473397734,-93.1915497882693,0.968602037122322
1949,8947,0,-58.7424612893105,-80.9297548519076,-6.19481220607304
1949,9447,0,-52.4032737018568,-69.9062223056016,-10.8822049932351
1949,9947,0,-46.7364972641774,-60.2522638917436,-13.7574295583388
1949,10447,0,-41.7177346117039,-51.9316366679514,-15.3521160638555
1949,10947,0,-37.2965630114445,-44.8256608215008,-16.0662140079122
1949,11447,0,-33.4121345659712,-38.7852864349489,-16.1894472131461
1949,11947,0,-30.0021087456747,-33.6594005584646,-15.9267418391418
1949,12447,0,-27.0073407211323,-29.308397526347,-15.4207386810725
1949,12947,0,-24.3740329457289,-25.6094317230068,-14.7695315690932
1949,13447,0,-22.0544501058875,-22.4573391220118,-14.0398488943432
1949,13947,0,-20.0068673751621,-19.763512656018,-13.2765406847674
1949,14447,0,-18.1951434931512,-17.4539651559803,-12.5092861926044
1949,14947,0,-16.5881392725477,-15.467207569938,-11.7572904788522
1949,15447,0,-15.1591007938111,-13.7522371343507,-11.0325565755239
1949,15947,0,-13.8850680227616,-12.266754585651,-10.3421600525858
1949,16447,0,-12.7463366158692,-10.975641196839,-9.68982873245261
1949,16947,0,-11.7259826403852,-9.84968502126922,-9.07703938235683
1949,17447,0,-10.8094504812113,-8.86452875005095,-8.50377861962503
1949,17947,0,-9.98419960108224,-7.99980683808212,-7.96907011459344
1949,18447,0,-9.23940389929117,-7.23844054451574,-7.47133887714202
1949,18947,0,-8.56569693213179,-6.56606290870728,-7.00866178868774
1949,19447,0,-7.95495650837037,-5.97054976381563,-6.57893860660898
1949,19947,0,-7.40012276019741,-5.44163688603262,-6.18000733756114
2449,-20053,0,-6.35543286639785,2.40471822498121,-6.83149208679752
2449,-19553,0,-6.77498042316063,2.70527062053069,-7.28820792911484
2449,-19053,0,-7.22894167624412,3.05029605056885,-7.78188019512654
2449,-18553,0,-7.72036768194751,3.447490259577,-8.3154417214547
2449,-18053,0,-8.2525199889393,3.90606445722391,-8.89188457467288
2449,-17553,0,-8.82885100977755,4.43707403115198,-9.51417405978408
2449,-17053,0,-9.45296579082835,5.0538225814413,-10.1851190491225
2449,-16553,0,-10.1285566847041,5.77235829826178,-10.9071811673438
2449,-16053,0,-10.8592988820564,6.61208287536769,-11.6821988017435
2449,-15553,0,-11.6486897168326,7.59649635389584,-12.5109929624526
2449,-15053,0,-12.4998074717662,8.75410402399693,-13.3928098923146
2449,-14553,0,-13.4149551471009,10.1195128348086,-14.3245390002263
2449,-14053,0,-14.3951399864376,11.7347429931592,-15.2996229067797
2449,-13553,0,-15.4393186160959,13.6507726634513,-16.3065476860427
2449,-13053,0,-16.5433079032964,15.9293150209302,-17.3267642272162
2449,-12553,0,-17.6982197691729,18.644789262006,-18.3318447619503
2449,-12053,0,-18.8882203082959,21.8863773347267,-19.2796217765948
2449,-11553,0,-20.0873360415947,25.7599348411869,-20.1089921481227
2449,-11053,0,-21.2549321497715,30.3893138710455,-20.7330056770005
2449,-10553,0,-22.3293774242928,35.9163041492555,-21.0298150329027
2449,-10053,0,-23.2193203507132,42.4978249660937,-20.8310905816689
2449,-9553,0,-23.7920167791316,50.298084267688,-19.9077009567264
2449,-9053,0,-23.8584763332375,59.4720085528895,-17.953046545346
2449,-8553,0,-23.1562725248369,70.1342086022674,-14.5658627547382
2449,-8053,0,-21.3335578403983,82.3052347981596,-9.2374865330603
2449,-7553,0,-17.9436192087382,95.8251560896291,-1.35509843649633
2449,-7053,0,-12.4699465160138,110.228102426983,9.75570092853511
2449,-6553,0,-4.4164385752411,124.59209685715,24.7092462251402
2449,-6053,0,6.49707524144929,137.43593790509,43.8135578121509
2449,-5553,0,20.0384944484383,146.828856092864,66.7076546491239
2449,-5053,0,35.2128505645847,150.899296152975,92.0615856633141
2449,-4553,0,50.3476719040762,148.644611773799,117.692561338633
2449,-4053,0,63.631267357206,140.458651559958,141.241133857143
2449,-3553,0,73.7416302060364,127.879671568854,160.971402131833
2449,-3053,0,80.0999814630405,112.840826472338,176.143324076968
2449,-2553,0,82.7181989083458,97.046075081749,186.943624427324
2449,-2053,0,81.9098422225577,81.6720584907295,194.276080467658
2449,-1553,0,78.0760538965328,67.250367872144,199.488728911086
2449,-1053,0,71.6003688317827,53.6993249759807,203.964284430936
2449,-553,0,62.7585483031245,40.5032596242228,208.76875466027
2449,-53,0,51.644860586655,26.8313788955571,214.502579642945
2449,447,0,38.1973424599438,11.578251523611,221.130760778893
2449,947,0,22.3092152172113,-6.40217196861847,227.682870621333
2449,1447,0,3.96425727358398,-27.6867373293192,232.160947735996
2449,1947,0,-16.6046959110911,-51.6007775920545,232.117948732055
2449,2447,0,-38.6663917507029,-76.0961386382067,225.751665441081
2449,2947,0,-60.7758984214555,-98.4752751779157,212.77544763089
2449,3447,0,-80.9208580495876,-116.604178654004,194.434802235231
2449,3947,0,-97.1191560217289,-129.717966267874,172.644507906412
2449,4447,0,-108.080173110748,-138.188086492724,148.98382227444
2449,4947,0,-113.474224601221,-142.647458116303,124.346265616535
2449,5447,0,-113.788778656474,-143.348727616325,99.3061608255519
2449,5947,0,-110.024335373978,-140.191723051881,74.6747770304425
2449,6447,0,-103.399663152936,-133.226521850679,51.6874986187552
2449,6947,0,-95.1096211638476,-123.083581009812,31.6551158938437
2449,7447,0,-86.1528960185175,-110.928335856742,15.4333051054098
2449,7947,0,-77.2499980219624,-98.0551774890198,3.17985937136622
2449,8447,0,-68.8472198029333,-85.5097141686189,-5.50837207910418
2449,8947,0,-61.172722845862,-73.9450513876009,-11.3045501554747
2449,9447,0,-54.3062805696734,-63.6647146798397,-14.9140490384459
2449,9947,0,-48.2390628115707,-54.7334945828788,-16.9497138996834
2449,10447,0,-42.9160089277099,-47.0811754036369,-17.8934375701918
2449,10947,0,-38.2623820123499,-40.5752211454565,-18.1025901543399
2449,11447,0,-34.1988987743058,-35.0641459039389,-17.832750355762
2449,11947,0,-30.6495720614439,-30.4003229230566,-17.2623980646043
2449,12447,0,-27.5452672078974,-26.4503118230938,-16.5140538558822
2449,12947,0,-24.8248944375681,-23.0983057915317,-15.6706244127089
2449,13447,0,-22.4353813466241,-20.2461089719087,-14.7873948186912
2449,13947,0,-20.3310726648839,-17.8115615322816,-13.9005755005154
2449,14447,0,-18.4729080286318,-15.7264246241429,-13.0332949162845
2449,14947,0,-16.8275589874005,-13.934224279527,-12.199763176607
2449,15447,0,-15.366612555247,-12.3882762492565,-11.4081504917877
2449,15947,0,-14.0658380790047,-11.049970889506,-10.6625716981242
2449,16447,0,-12.904547934259,-9.88732757599557,-9.96445206891167
2449,16947,0,-11.865049622134,-8.87379720638065,-9.31346570081601
2449,17447,0,-10.9321810701912,-7.9872801578623,-8.70817867866147
2449,17947,0,-10.0929189275346,-7.20932543072584,-8.14648820061937
2449,18447,0,-9.33604951965984,-6.52447931824696,-7.62592056533278
2449,18947,0,-8.65189288363657,-5.91975610795419,-7.14383147695955
2449,19447,0,-8.03207140508058,-5.38420773790746,-6.69753875347127
2449,19947,0,-7.46931575132219,-4.90857342505058,-6.28440831483684
2949,-20053,0,-6.33807899583892,2.00011070379187,-6.8928314978449
2949,-19553,0,-6.76043578457167,2.26713971989932,-7.35707274180208
2949,-19053,0,-7.21846689246619,2.57552876268658,-7.85938549874486
2949,-18553,0,-7.71561101598489,2.93270828572167,-8.40289476974883
2949,-18053,0,-8.25563137907288,3.34762209718861,-8.99082164042827
2949,-17553,0,-8.84262994318326,3.83106698168077,-9.62640457590387
2949,-17053,0,-9.48105314234799,4.39611347254321,-10.3127782212499
2949,-16553,0,-10.1756836151072,5.05862742186433,-11.0527921689956
2949,-16053,0,-10.9316096431497,5.83791636964452,-11.8487453138582
2949,-15553,0,-11.7541598842109,6.75752965175142,-12.7020019446189
2949,-15053,0,-12.6487848163823,7.84624647312433,-13.6124426310493
2949,-14553,0,-13.6208570514693,9.13929125467995,-14.5776848987155
2949,-14053,0,-14.6753487597612,10.6798193141497,-15.5919838250042
2949,-13553,0,-15.8163235388716,12.5207162369796,-16.6446886121564
2949,-13053,0,-17.046148716771,14.7267472723454,-17.7180847349065
2949,-12553,0,-18.3642873723745,17.3770718947163,-18.7843884250387
2949,-12053,0,-19.7654605022486,20.5680912660738,-19.8015762765557
2949,-11553,0,-21.2368701068119,24.4165016742728,-20.7076226280692
2949,-11053,0,-22.7540341154083,29.062248301278,-21.4125776097982
2949,-10553,0,-24.2745980726223,34.6707463771541,-21.7877522435922
2949,-10053,0,-25.7292655953709,41.4331479635751,-21.6511059040234
2949,-9553,0,-27.008783350746,49.5623870030148,-20.7478298713353
2949,-9053,0,-27.9458926691196,59.2809080361229,-18.7252960879679
2949,-8553,0,-28.2917477807074,70.7928877157432,-15.1025296317965
2949,-8053,0,-27.6885010515248,84.228863847563,-9.23747769688809
2949,-7553,0,-25.6456819214731,99.5442186349436,-0.303543267204571
2949,-7053,0,-21.5413850509403,116.348948429669,12.6941936156654
2949,-6553,0,-14.6938424504732,133.661111702969,30.7962900994174
2949,-6053,0,-4.57618789921236,149.653729983462,54.7496542987993
2949,-5553,0,8.78031207863552,161.656127101334,84.3782866473956
2949,-5053,0,24.3544016848108,166.8449408848,117.907880752993
2949,-4553,0,40.157995496158,163.642833638585,152.010780875961
2949,-4053,0,54.0116961049591,152.715258042169,183.05714327697
2949,-3553,0,64.4718360841637,136.455210397023,208.622232645268
2949,-3053,0,71.0988157547732,117.602890764225,227.973179406488
2949,-2553,0,74.1107176422434,98.2911588665994,241.629711701364
2949,-2053,0,73.9279698769594,79.7867350422488,250.761998267723
2949,-1553,0,70.9014986700985,62.5560215747757,256.752542936515
2949,-1053,0,65.2407726734022,46.4185827196771,260.881868025828
2949,-553,0,57.023198696318,30.7280734314138,264.105803246564
2949,-53,0,46.205986241061,14.5136140165988,266.904085954125
2949,447,0,32.6668775580778,-3.39866333119997,269.102895817422
2949,947,0,16.2969872512821,-24.0976103028639,269.650930667553
2949,1447,0,-2.88675890346804,-47.9771522405916,266.583828131893
2949,1947,0,-24.605712143132,-74.001851194924,257.554069148219
2949,2447,0,-48.064144702946,-99.4681686917021,240.998284771628
2949,2947,0,-71.6335484897171,-120.871481454076,217.332523424145
2949,3447,0,-92.9264260672917,-135.684420410504,189.080973050311
2949,3947,0,-109.57712549712,-143.611174138854,159.489356100624
2949,4447,0,-120.16522863299,-146.087706849948,130.843698620821
2949,4947,0,-124.503471269848,-144.790814005376,103.990656831907
2949,5447,0,-123.338239823813,-140.671607961451,78.9968869295417
2949,5947,0,-117.923622108131,-133.973219327561,55.9899562392856
2949,6447,0,-109.681720644557,-124.804472050339,35.5095900123528
2949,6947,0,-99.9473566798121,-113.637552988111,18.2696332793848
2949,7447,0,-89.7915363355069,-101.349802747002,4.70597675779204
2949,7947,0,-79.9476411825575,-88.9197864258059,-5.2474027953718
2949,8447,0,-70.8356716301562,-77.1261972353755,-12.0619331122607
2949,8947,0,-62.6405085230638,-66.4340489118012,-16.3867886420865
2949,9447,0,-55.3973107300385,-57.0321924493088,-18.8641892428531
2949,9947,0,-49.0589599999886,-48.9246240241867,-20.036689168157
2949,10447,0,-43.540550441944,-42.0145471872298,-20.3234320190939
2949,10947,0,-38.7453175459235,-36.1623831329559,-20.031050539642
2949,11447,0,-34.5782185624665,-31.2197029623991,-19.3761207617824
2949,11947,0,-30.9521787684768,-27.0465046640006,-18.5079059283708
2949,12447,0,-27.790321516512,-23.5185190912659,-17.5272973165482
2949,12947,0,-25.0261588880121,-20.5291196575768,-16.5012432891311
2949,13447,0,-22.6028442204286,-17.9885907784863,-15.4732342031757
2949,13947,0,-20.4720682893725,-15.8222854035335,-14.4707209492145
2949,14447,0,-18.5928899064402,-13.9684657692942,-13.5102835239575
2949,14947,0,-16.9306351871361,-12.3762078024737,-12.6011994786361
2949,15447,0,-15.4559185893346,-11.0035287050101,-11.7478939660129
2949,15947,0,-14.1437985125442,-9.81578518968455,-10.9516154646882
2949,16447,0,-12.9730615068538,-8.78433676629836,-10.2115780287865
2949,16947,0,-11.9256214916047,-7.88544625250917,-9.52573683743045
2949,17447,0,-10.9860182438097,-7.09938291537469,-8.89131191312846
2949,17947,0,-10.1409998607934,-6.40969415769476,-8.3051389658203
2949,18447,0,-9.37917542939682,-5.80261521722356,-7.76390162786424
2949,18947,0,-8.69072599741813,-5.26659084020931,-7.26428240969077
2949,19447,0,-8.06716378703422,-4.79188733477606,-6.80305809059966
2949,19947,0,-7.50113126255494,-4.37027739078014,-6.37715728205935
3449,-20053,0,-6.29804765882277,1.59421585284304,-6.94443253900926
3449,-19553,0,-6.72109412142316,1.82671636839502,-7.41534990479913
3449,-19053,0,-7.18087247437205,2.09712984034328,-7.92541235766847
3449,-18553,0,-7.68119470082311,2.41252047219823,-8.47795230709685
3449,-18053,0,-8.22631305700277,2.78143328820727,-9.07644460722212
3449,-17553,0,-8.82096976119157,3.21423538585092,-9.72443926181262
3449,-17053,0,-9.47044921448434,3.72354134110616,-10.4254544908528
3449,-16553,0,-10.1806306652696,4.32474421325836,-11.1828132167142
3449,-16053,0,-10.9580375248561,5.03667892745288,-11.9993991805264
3449,-15553,0,-11.8098767780487,5.88245125854773,-12.8772992791388
3449,-15053,0,-12.7440574853896,6.89047325425107,-13.8172851746786
3449,-14553,0,-13.7691702601063,8.09575460843368,-14.8180681421813
3449,-14053,0,-14.8943982824334,9.54150877449224,-15.875234160952
3449,-13553,0,-16.1293124898995,11.281141369964,-16.979728097853
3449,-13053,0,-17.4834753680323,13.3806942608987,-18.1157017228707
3449,-12553,0,-18.9657336720478,15.9218167920969,-19.2574634506577
3449,-12053,0,-20.5830121622604,19.0053165080971,-20.3651584964338
3449,-11553,0,-22.3383162247704,22.755287168266,-21.3786531925186
3449,-11053,0,-24.2274952852939,27.3236867762958,-22.2088787765677
3449,-10553,0,-26.2340927527604,32.8949748447381,-22.7255870874217
3449,-10053,0,-28.3212974744941,39.689884750668,-22.74006683943
3449,-9553,0,-30.4196275669561,47.9663502464302,-21.9808803112898
3449,-9053,0,-32.4086160996249,58.0135444644494,-20.0602401067904
3449,-8553,0,-34.0907615876084,70.1310564351624,-16.4287500946457
3449,-8053,0,-35.1572834576589,84.5780303505221,-10.3183978529923
3449,-7553,0,-35.1500866077676,101.465115018514,-0.682056928169892
3449,-7053,0,-33.4377675175389,120.546833947975,13.8375957032803
3449,-6553,0,-29.2534351983893,140.870970642632,34.8169927760427
3449,-6053,0,-21.8889798067996,160.323183215941,63.6406524718379
3449,-5553,0,-11.1464544056311,175.411227498728,100.534123298691
3449,-5053,0,2.07882186598194,182.096577449603,143.276408196707
3449,-4553,0,15.7153753381866,178.016568491564,187.006045377115
3449,-4053,0,27.4483274776862,164.220679518942,226.346354931549
3449,-3553,0,35.86969987177,144.228653376883,258.031870987322
3449,-3053,0,40.7202602139219,121.718472482257,281.469230911174
3449,-2553,0,42.3925704896292,99.2096976206694,297.69274711139
3449,-2053,0,41.4044679082225,77.9533004682345,308.290541602793
3449,-1553,0,38.1310236726723,58.2471322319958,314.818546399817
3449,-1053,0,32.7478063116574,39.7419258750195,318.541513352329
3449,-553,0,25.2650564273656,21.6565621305217,320.305412083508
3449,-53,0,15.5780452159401,2.92312163899022,320.43143231006
3449,447,0,3.52437698314584,-17.6624473425127,318.562797558305
3449,947,0,-11.0457701886027,-41.1279559309476,313.477850376977
3449,1447,0,-28.1929436295476,-67.7063506027328,303.068094154825
3449,1947,0,-47.7663334160099,-96.0164659280983,284.863500249397
3449,2447,0,-69.1140256219852,-122.63941910298,257.379644919417
3449,2947,0,-90.6556397762335,-143.065954107221,221.81185257793
3449,3447,0,-109.874287509081,-154.218882327973,182.392126806272
3449,3947,0,-124.249125662532,-156.407209200074,144.181631265989
3449,4447,0,-132.388080707026,-152.412458519118,110.31719080246
3449,4947,0,-134.283897706281,-145.105214410999,81.4485617439784
3449,5447,0,-130.865766873726,-136.132146028759,56.9309315985425
3449,5947,0,-123.501839100174,-126.02254614889,36.0555773209837
3449,6447,0,-113.663002746086,-114.884673742437,18.5633566575928
3449,6947,0,-102.6861030957,-102.976732576441,4.5067583217982
3449,7447,0,-91.6099410821445,-90.8384180287254,-6.12292532620647
3449,7947,0,-81.1138044807561,-79.0982647324063,-13.6067815706248
3449,8447,0,-71.5563683783162,-68.2533898571549,-18.4585671284521
3449,8947,0,-63.0659780751568,-58.5810947560377,-21.2757026963531
3449,9447,0,-55.6320562776887,-50.1634638361139,-22.6153463406613
3449,9947,0,-49.1734684397662,-42.9534662226174,-22.9350751449691
3449,10447,0,-43.5813273278437,-36.8365077794685,-22.5824077310576
3449,10947,0,-38.7425236487411,-31.6728640923588,-21.8082777567287
3449,11447,0,-34.5511125519928,-27.3222089811574,-20.7876881620155
3449,11947,0,-30.912851997246,-23.6557129490627,-19.6394871195368
3449,12447,0,-27.7462041159432,-20.5607171631406,-18.4424872887574
3449,12947,0,-24.9816786949255,-17.9414314475862,-17.2476175703025
3449,13447,0,-22.5605152982543,-15.7177380533673,-16.0866989694129
3449,13947,0,-20.4332005581059,-13.8232550103554,-14.9786255666468
3449,14447,0,-18.5580490836157,-12.203252094466,-13.9336520351858
3449,14947,0,-16.8999390008742,-10.8126966595822,-12.9563388512425
3449,15447,0,-15.4292260192377,-9.61453832498975,-12.0475615102894
3449,15947,0,-14.1208293721432,-8.57825691796208,-11.2058732547615
3449,16447,0,-12.9534708375525,-7.67865892030381,-10.428423719525
3449,16947,0,-11.9090447867148,-6.89489222273811,-9.71157353094081
3449,17447,0,-10.9720979711393,-6.20964532254086,-9.05130121085877
3449,17947,0,-10.1294001107571,-5.60849885303655,-8.44346850811312
3449,18447,0,-9.3695891278956,-5.079401230267,-7.88398949295561
3449,18947,0,-8.68287755795019,-4.612244624322,-7.36893449398145
3449,19447,0,-8.06080905202277,-4.19852166755087,-6.89459018616272
3449,19947,0,-7.49605591418925,-3.83104700508642,-6.4574904373229
3949,-20053,0,-6.235089704034,1.18913640762211,-6.98587805608985
3949,-19553,0,-6.65652269570845,1.38632814782462,-7.46253968168356
3949,-19053,0,-7.11547492914323,1.61767619556917,-7.9793587790856
3949,-18553,0,-7.61609507903796,1.88977959692327,-8.53988501436828
3949,-18053,0,-8.16308226519414,2.21065498706912,-9.14786474975224
3949,-17553,0,-8.76177045098483,2.59006983184621,-9.80718879107982
3949,-17053,0,-9.41822645453141,3.03995973610648,-10.5218048916939
3949,-16553,0,-10.1393631270496,3.57495206196063,-11.2955793218697
3949,-16053,0,-10.9330687897166,4.21302408273218,-12.1320852490719
3949,-15553,0,-11.80835293763,4.97633142444001,-13.0342863273417
3949,-15053,0,-12.7755060546503,5.89225193415546,-14.0040705335847
3949,-14553,0,-13.846267371971,6.99470167093968,-15.0415701044136
3949,-14053,0,-15.0339873009268,8.32579364369619,-16.1441757408231
3949,-13553,0,-16.3537590626202,9.93792611703172,-17.3051130598739
3949,-13053,0,-17.822473503243,11.8964049242924,-18.5113905684775
3949,-12553,0,-19.4587171280446,14.2827207647546,-19.7408421031564
3949,-12053,0,-21.2823780608278,17.198611848401,-20.9578588619797
3949,-11553,0,-23.3137357863324,20.7710308289097,-22.1072157874608
3949,-11053,0,-25.5716701681798,25.1580730139715,-23.1051125304694
3949,-10553,0,-28.070408241963,30.5557466784777,-23.8261247998458
3949,-10053,0,-30.8139028171138,37.2050405462752,-24.0841374307803
3949,-9553,0,-33.7864796175768,45.3977824674046,-23.6044472892505
3949,-9053,0,-36.9378209109067,55.4776923307965,-21.9830986051233
3949,-8553,0,-40.1598662737491,67.8286103687911,-18.6284949951102
3949,-8053,0,-43.2535087706586,82.8328685705775,-12.6809084258514
3949,-7553,0,-45.8860831764509,100.765638908348,-2.91259727408382
3949,-7053,0,-47.5515709757731,121.563589677118,12.3610835478775
3949,-6553,0,-47.5735890222315,144.383079611917,35.2482151107743
3949,-6053,0,-45.2427233032298,166.932624992762,67.8378552409176
3949,-5553,0,-40.2079946224483,184.974255684197,110.903701317118
3949,-5053,0,-33.0495753407177,193.215610219155,161.889291622111
3949,-4553,0,-25.4305062449572,188.429249718206,214.326133416544
3949,-4053,0,-19.2570148988071,172.078316266995,260.959522116479
3949,-3553,0,-15.6081424400035,148.86738676276,297.708184459853
3949,-3053,0,-14.5543575581717,123.375795998057,324.235477078334
3949,-2553,0,-15.6515979920809,98.4235065090209,342.174866739183
3949,-2053,0,-18.40965155158,75.1816855900523,353.582205684173
3949,-1553,0,-22.5028451452125,53.7454546848924,360.237597347211
3949,-1053,0,-27.7990177156721,33.5775689065588,363.436447421114
3949,-553,0,-34.3145871259321,13.7632126481055,363.937684337587
3949,-53,0,-42.155420836386,-6.84237850398807,361.909081778236
3949,447,0,-51.4606166364722,-29.4605756685982,356.80581619292
3949,947,0,-62.353020869141,-55.0777265601096,347.204218327246
3949,1447,0,-74.8976179600385,-83.8196344010215,330.771993234378
3949,1947,0,-89.0230041202285,-114.033524740768,304.784160004655
3949,2447,0,-104.278874245436,-141.636359523052,267.667511993396
3949,2947,0,-119.42152310655,-161.074984628989,221.293166273318
3949,3447,0,-132.347725302339,-168.652824051102,171.68443453703
3949,3947,0,-140.941240393191,-165.319156482943,125.851971942587
3949,4447,0,-144.125667490416,-155.257995001935,87.7562558474987
3949,4947,0,-142.054048464891,-142.490688115212,57.7327488926983
3949,5447,0,-135.652850431662,-129.260538109902,34.3553980912112
3949,5947,0,-126.173574154312,-116.302645211675,16.0758702709753
3949,6447,0,-114.917655437294,-103.682287369249,1.86419757175241
3949,6947,0,-103.045856828974,-91.4276057831099,-8.85239939676271
3949,7447,0,-91.4412294965483,-79.7396864353359,-16.4894813458177
3949,7947,0,-80.6594691966396,-68.9064135258116,-21.507405910848
3949,8447,0,-70.9692132329438,-59.1590525640578,-24.4332481671005
3949,8947,0,-62.4375556296995,-50.6044501254375,-25.7929211213349
3949,9447,0,-55.0143812101114,-43.2331440489784,-26.0470793728676
3949,9947,0,-48.5940144843346,-36.958836201873,-25.5626872340592
3949,10447,0,-43.0528029046535,-31.6575128280491,-24.6134353616074
3949,10947,0,-38.2690172056605,-27.1949855607745,-23.3941428562668
3949,11447,0,-34.1318696690321,-23.442770460742,-22.0386437650514
3949,11947,0,-30.5445606483362,-20.2856259357517,-20.6360827604854
3949,12447,0,-27.424356794018,-17.6240429353926,-19.2439641201048
3949,12947,0,-24.7013682156158,-15.3740373914662,-17.8979171156008
3949,13447,0,-22.3168849211393,-13.4656921017944,-16.6187231840086
3949,13947,0,-20.2216842958107,-11.8412581432494,-15.4172521277367
3949,14447,0,-18.3744859179403,-10.4532316166893,-14.2978752613965
3949,14947,0,-16.7406126660938,-9.26259603863942,-13.2607990114792
3949,15447,0,-15.2908622171641,-8.23729954665333,-12.3036457636946
3949,15947,0,-14.0005699879113,-7.35097522297783,-11.422515151336
3949,16447,0,-12.848837050629,-6.58188514852707,-10.6126891377627
3949,16947,0,-11.8178961706264,-5.91205853980546,-9.86909409426623
3949,17447,0,-10.8925916764564,-5.3265927222339,-9.18659782875012
3949,17947,0,-10.0599523641296,-4.81308802592258,-8.56019505203991
3949,18447,0,-9.30884013826345,-4.36119149871122,-7.98511789716547
3949,18947,0,-8.62966023523672,-3.96222840300362,-7.45689651457697
3949,19447,0,-8.01412154531665,-3.60890424682907,-6.97138681371481
3949,19947,0,-7.45503775795598,-3.29506338708782,-6.52477696848287
4449,-20053,0,-6.14915390502266,0.787118598789856,-7.01677975656874
4449,-19553,0,-6.56651617875995,0.948501909025628,-7.49816720037751
4449,-19053,0,-7.02185338560334,1.14001852589545,-8.02064032629136
4449,-18553,0,-7.51959344105375,1.36771165804755,-8.58796900431841
4449,-18053,0,-8.06481236659507,1.6389499637294,-9.20417970237771
4449,-17553,0,-8.6633502702409,1.96274348510827,-9.87352115470022
4449,-17053,0,-9.3219512576189,2.35014046561762,-10.6004004716363
4449,-16553,0,-10.0484323563831,2.81472700251138,-11.3892758358798
4449,-16053,0,-10.8518873672975,3.37325771303043,-12.2444859302794
4449,-15553,0,-11.7429322860285,4.04645362613106,-13.1699875970307
4449,-15053,0,-12.733999334901,4.86001386372542,-14.1689607016346
4449,-14553,0,-13.8396862796374,5.84590096899166,-15.2432209143587
4449,-14053,0,-15.0771658315067,7.04397669355229,-16.3923543079747
4449,-13553,0,-16.4666552681155,8.5040863962489,-17.6124479812396
4449,-13053,0,-18.0319367815273,10.2887164156504,-18.8942316463819
4449,-12553,0,-19.8009008782178,12.4763794527668,-20.2203557548912
4449,-12053,0,-21.8060524767852,15.1659153355031,-21.5613956605349
4449,-11553,0,-24.0848624999187,18.4819198229877,-22.8699621131221
4449,-11053,0,-26.679751179588,22.5815097551797,-24.0719741136391
4449,-10553,0,-29.6373285944546,27.6625443318945,-25.0536453449289
4449,-10053,0,-33.0062567882977,33.9731224811487,-25.6419523377156
4449,-9553,0,-36.8326881691891,41.8213745790341,-25.575162712689
4449,-9053,0,-41.1516337812226,51.5826105307425,-24.458298395772
4449,-8553,0,-45.9718581785385,63.6963474173018,-21.6963513226727
4449,-8053,0,-51.2513418600729,78.6356609093707,-16.3969682381234
4449,-7553,0,-56.8613442294961,96.8103344969076,-7.23944984093326
4449,-7053,0,-62.5434402411761,118.327369482554,7.66472639387587
4449,-6553,0,-67.883512568047,142.488363315853,30.7987677355558
4449,-6053,0,-72.366446609097,166.955350128673,64.8010850255605
4449,-5553,0,-75.6044395962296,187.002847751392,110.938725117656
4449,-5053,0,-77.7119833874366,196.410026843815,166.515866990731
4449,-4553,0,-79.447818366533,191.270079217339,223.937144463569
4449,-4053,0,-81.7416988211144,173.343036096472,274.585399805728
4449,-3553,0,-85.0581435586475,148.213532919044,313.82583855879
4449,-3053,0,-89.2992983635784,121.093442511848,341.57125396565
4449,-2553,0,-94.1199840804222,94.9655871745593,359.929701665898
4449,-2053,0,-99.2091903218109,70.8925837564491,371.305886503064
4449,-1553,0,-104.396266840889,48.7925421101652,377.637468075997
4449,-1053,0,-109.64198786501,27.9818229721743,380.232310390727
4449,-553,0,-114.987801672387,7.45668563553954,379.774996175899
4449,-53,0,-120.501085840159,-13.9610487026613,376.314329099259
4449,447,0,-126.229801867529,-37.4799470434539,369.169998508208
4449,947,0,-132.174727317341,-64.0434689569626,356.780831140154
4449,1447,0,-138.285739577254,-93.7132996471784,336.660365971427
4449,1947,0,-144.454071386277,-124.682113866605,305.886428393845
4449,2447,0,-150.405162907061,-152.42875035802,262.772095860404
4449,2947,0,-155.45837085729,-170.645451987996,209.62160493603
4449,3447,0,-158.465658681968,-175.172870449336,153.751266046657
4449,3947,0,-158.300425188955,-167.462708155785,103.602249420004
4449,4447,0,-154.483989148664,-152.775800780792,63.6989899375243
4449,4947,0,-147.287345335747,-135.984825554506,34.0821535509355
4449,5447,0,-137.439721965363,-119.747139070199,12.7064980114594
4449,5947,0,-125.854263057918,-104.924717122806,-2.61773605536972
4449,6447,0,-113.463520306044,-91.5313895689801,-13.505620148742
4449,6947,0,-101.095204728531,-79.40080148993,-21.004864899809
4449,7447,0,-89.3721290584019,-68.4519243386047,-25.8341185031858
4449,7947,0,-78.6715902564935,-58.689420357055,-28.5740619181826
4449,8447,0,-69.153196106195,-50.1250782279894,-29.7390945338002
4449,8947,0,-60.8235918840303,-42.7275566773863,-29.776679654718
4449,9447,0,-53.6020031896236,-36.416209792387,-29.0527451248695
4449,9947,0,-47.3687629206081,-31.0775480968532,-27.8483086864127
4449,10447,0,-41.994957516174,-26.585024950594,-26.3681393519788
4449,10947,0,-37.3579183111834,-22.8138118887566,-24.7551473424823
4449,11447,0,-33.3479156412064,-19.6493392071818,-23.1053210743422
4449,11947,0,-29.8700229313959,-16.9910385386566,-21.4806370473566
4449,12447,0,-26.8436117715639,-14.753084489067,-19.9192003607742
4449,12947,0,-24.2008530614864,-12.8635269407934,-18.4427762106355
4449,13447,0,-21.8849325551969,-11.2627095703419,-17.0621907221728
4449,13947,0,-19.848314789174,-9.90148789227108,-15.7811143788918
4449,14447,0,-18.0511921395902,-8.73951152262301,-14.5986681170158
4449,14947,0,-16.4601578534596,-7.74368855856298,-13.5111941485064
4449,15447,0,-15.0470969187102,-6.8868695623956,-12.513443909329
4449,15947,0,-13.788270636467,-6.14674800217138,-11.5993638393052
4449,16447,0,-12.6635658427348,-5.50495581893257,-10.7626060300577
4449,16947,0,-11.6558807064514,-4.94632661378063,-9.99685203217722
4449,17447,0,-10.7506223131142,-4.45829877905708,-9.29601072958814
4449,17947,0,-9.93529511272312,-4.03043343212464,-8.65433208121141
4449,18447,0,-9.19916300807684,-3.65402550284101,-8.0664652987963
4449,18947,0,-8.53297109657646,-3.3217899074704,-7.52748091072615
4449,19447,0,-7.92871578931894,-3.02760801882999,-7.03286989479999
4449,19947,0,-7.37945424636098,-2.766322470754,-6.57852876511864
4949,-20053,0,-6.04042505102729,0.390519223822202,-7.03679034583007
4949,-19553,0,-6.45114816570434,0.515923725290394,-7.52179832395299
4949,-19053,0,-6.89991903828789,0.66723224816205,-8.04871097212929
4949,-18553,0,-7.39136943459495,0.849855336507805,-8.62151334302551
4949,-18053,0,-7.93085832592837,1.07041164669585,-9.24450992625546
4949,-17553,0,-8.52461422240737,1.33701831431965,-9.92231015118342
4949,-17053,0,-9.17991020839934,1.65965618251521,-10.6597909565387
4949,-16553,0,-9.90527985312767,2.05063049881208,-11.4620248677882
4949,-16053,0,-10.7107841951151,2.52515372423371,-12.3341568285042
4949,-15553,0,-11.6083424425476,3.10208500844672,-13.2812054659344
4949,-15053,0,-12.6121419088917,3.80487127328101,-14.3077533820107
4949,-14553,0,-13.7391459700353,4.66274850404187,-15.4174746914872
4949,-14053,0,-15.0097223197395,5.7122797821365,-16.6124236628841
4949,-13553,0,-16.4484171213598,6.99933002579348,-17.8919717124631
4949,-13053,0,-18.0849030000824,8.58160765934616,-19.251224447585
4949,-12553,0,-19.955128635016,10.5319415226661,-20.6786652131026
4949,-12053,0,-22.1026920935652,12.9425068491294,-22.15263928758
4949,-11553,0,-24.580443663236,15.9302623937732,-23.6360851436001
4949,-11053,0,-27.4522870205276,19.6438958719298,-25.0685895660511
4949,-10553,0,-30.7950723731479,24.2725530235856,-26.3543162805967
4949,-10053,0,-34.700329707376,30.0564358607225,-27.3435132883228
4949,-9553,0,-39.2753182703504,37.2987270534369,-27.8039667177082
4949,-9053,0,-44.6423774628674,46.3765844434086,-27.3767354031395
4949,-8553,0,-50.9347254529966,57.7446545864371,-25.5077487549129
4949,-8053,0,-58.2855689180232,71.9143681659371,-21.3444162753141
4949,-7553,0,-66.8059151098332,89.3696952232944,-13.5894166431851
4949,-7053,0,-76.5463848652352,110.336159047406,-0.330559259306952
4949,-6553,0,-87.44434500057,134.261573243706,21.0330554166119
4949,-6053,0,-99.2775755897898,158.902725538866,53.3854813246044
4949,-5553,0,-111.675093729408,179.432626426398,98.2951151045773
4949,-5053,0,-124.22100871309,189.285530030383,153.167485146044
4949,-4553,0,-136.570052042663,184.255049478292,210.110302555795
4949,-4053,0,-148.438015963774,166.189271399241,260.083123895429
4949,-3553,0,-159.531465496435,140.992923181253,298.326772876061
4949,-3053,0,-169.57345804945,114.066752984328,324.920886566587
4949,-2553,0,-178.385608167253,88.3717726664533,342.181287868525
4949,-2053,0,-185.919111223164,64.8534016665895,352.623385675224
4949,-1553,0,-192.223015692713,43.3196602993461,358.193896504923
4949,-1053,0,-197.387065143646,23.025760050279,360.148223643803
4949,-553,0,-201.485480500497,2.96098115777851,359.095454758724
4949,-53,0,-204.530954066367,-18.0142274977736,355.014282613085
4949,447,0,-206.443358905542,-41.0402103534216,347.181406012827
4949,947,0,-207.044249140781,-66.9912191145252,334.031580374355
4949,1447,0,-206.095414840414,-95.8937609883422,313.096698343933
4949,1947,0,-203.382948593146,-125.931919842429,281.446156453625
4949,2447,0,-198.794573383687,-152.501835808766,237.359395877486
4949,2947,0,-192.315612531301,-169.072117125667,183.256594595714
4949,3447,0,-183.979796355352,-171.348827405273,126.882568286932
4949,3947,0,-173.900540178627,-161.037031553727,77.1620893901515
4949,4447,0,-162.340914006855,-143.878702049413,38.7585630208482
4949,4947,0,-149.690869968544,-125.108816511096,11.5169684185918
4949,5447,0,-136.394990168129,-107.551809996448,-6.91460085341356
4949,5947,0,-122.915993332026,-92.1197235318698,-19.0347799000035
4949,6447,0,-109.715437542007,-78.7939674685717,-26.7529933657601
4949,6947,0,-97.2093616966278,-67.2883710319771,-31.3665144531468
4949,7447,0,-85.7092570050377,-57.3379831379409,-33.7509953978612
4949,7947,0,-75.3881247607426,-48.7557227852291,-34.5347950841223
4949,8447,0,-66.2889003722611,-41.4015913302221,-34.1971251898981
4949,8947,0,-58.3605012882663,-35.1484535341336,-33.1097079026164
4949,9447,0,-51.4985516862665,-29.8679894285612,-31.5551196174896
4949,9947,0,-45.5772841163961,-25.4313695737647,-29.7405084425675
4949,10447,0,-40.4696536729721,-21.7149570466211,-27.811738716437
4949,10947,0,-36.0579156159822,-18.6054675707457,-25.8673505409983
4949,11447,0,-32.2379979519357,-16.0028745407366,-23.9709265301874
4949,11947,0,-28.9203714542073,-13.8212192403846,-22.1611405531855
4949,12447,0,-26.0291858731147,-11.9880215111931,-20.4594430945577
4949,12947,0,-23.5006967017302,-10.4429455233668,-18.8756980638741
4949,13447,0,-21.2815225065599,-9.13617981790843,-17.4121961845544
4949,13947,0,-19.3269898540689,-8.02680561194456,-16.0664496332556
4949,14447,0,-17.5996694246641,-7.08129479072322,-14.8331027836414
4949,14947,0,-16.0681292281391,-6.27219627327566,-13.7052165463893
4949,15447,0,-14.7058948041326,-5.57702270522904,-12.6751159872494
4949,15947,0,-13.4905920094369,-4.97732566776431,-11.7349372665376
4949,16447,0,-12.4032444501323,-4.45793734822611,-10.876969789519
4949,16947,0,-11.4276989602134,-4.00635379762662,-10.09386035702
4949,17447,0,-10.5501557724064,-3.61223583242968,-9.37872543547068
4949,17947,0,-9.75878372139081,-3.26700622895036,-8.72520317077713
4949,18447,0,-9.04340431522186,-2.96352497548064,-8.12746669207789
4949,18947,0,-8.39523156049344,-2.69582741769679,-7.58021328497027
4949,19447,0,-7.80665697731008,-2.45891289912796,-7.07863921985617
4949,19947,0,-7.27107132250125,-2.24857387127007,-6.61840673458362
5449,-20053,0,-5.90935420433708,0.00176207602545064,-7.04561653841988
5449,-19553,0,-6.31081255119378,0.0913846177560478,-7.53305686222862
5449,-19053,0,-6.74997140752167,0.202549402016164,-8.0630859606209
5449,-18553,0,-7.23157726706301,0.339975976904048,-8.63989053626491
5449,-18053,0,-7.76115967608952,0.509454787247915,-9.26803951655604
5449,-17553,0,-8.34519303559615,0.718105351216945,-9.95249020254224
5449,-17053,0,-8.99129769128128,0.974700949987179,-10.6985786272425
5449,-16553,0,-9.70849085393618,1.2900781917733,-11.5119851512809
5449,-16053,0,-10.5075008710665,1.67765526488498,-12.398662105102
5449,-15553,0,-11.4011622019132,2.15408989512788,-13.3647040798739
5449,-15053,0,-12.4049133707739,2.7401175663799,-14.416132277565
5449,-14553,0,-13.5374264865546,3.46162324750113,-15.5585506179055
5449,-14053,0,-14.8214049885729,4.35101674460552,-16.796610667084
5449,-13553,0,-16.2845965486806,5.44900420013437,-18.1331911086772
5449,-13053,0,-17.9610810164279,6.80687776698194,-19.5681493562645
5449,-12553,0,-19.8929093915267,8.48948365659171,-21.0964281809313
5449,-12053,0,-22.1321892340299,10.5790763048005,-22.7051827750751
5449,-11553,0,-24.7437340073372,13.1803209326764,-24.3694067715044
5449,-11053,0,-27.8084156332879,16.4267571106832,-26.0452347550773
5449,-10553,0,-31.4273724206345,20.4890479595232,-27.6596092460775
5449,-10053,0,-35.7272065605116,25.585221850743,-29.0941996601145
5449,-9553,0,-40.8662040192338,31.9926333266862,-30.1601588306618
5449,-9053,0,-47.0413044910565,40.0599528886893,-30.5582455731134
5449,-8553,0,-54.4947765873568,50.2137576971893,-29.8158649263935
5449,-8053,0,-63.5177760993915,62.9450475408767,-27.189360775537
5449,-7553,0,-74.4442295417874,78.7396182915492,-21.5208216541879
5449,-7053,0,-87.6216406785797,97.8725456780746,-11.0608632539723
5449,-6553,0,-103.336143845971,119.92369540084,6.63664837737918
5449,-6053,0,-121.666977182533,142.889525528136,34.380746091766
5449,-5553,0,-142.279949322907,162.261313222439,73.8467340770889
5449,-5053,0,-164.271502839612,171.755879149337,122.789461333317
5449,-4553,0,-186.268243403246,167.275483479552,173.837303900043
5449,-4053,0,-206.844488090345,150.55392254935,218.462364490437
5449,-3553,0,-224.97749630305,127.224672546284,252.246022288928
5449,-3053,0,-240.212906091661,102.384597842431,275.379135130415
5449,-2553,0,-252.539525563087,78.7615452351409,290.111130886203
5449,-2053,0,-262.173626426668,57.1750026777798,298.806266036269
5449,-1553,0,-269.386785835245,37.4018914395614,303.248314537617
5449,-1053,0,-274.400292152649,18.7358685798353,304.558057083336
5449,-553,0,-277.324535177362,0.253772113372832,303.258448682926
5449,-53,0,-278.122393270171,-19.0626095085913,299.305049885046
5449,447,0,-276.590433987509,-40.2185331485024,292.030238539584
5449,947,0,-272.370971262295,-63.9794094809483,280.014492279342
5449,1447,0,-265.027774705857,-90.3571331995536,261.006980151999
5449,1947,0,-254.222207868557,-117.685108046971,232.28294710017
5449,2447,0,-239.978931634491,-141.671877867411,192.172979871502
5449,2947,0,-222.908696857714,-156.137457613711,142.885245088066
5449,3447,0,-204.158087900353,-157.004646345884,91.7355688670482
5449,3947,0,-185.014883161032,-145.981594242219,47.1850926095357
5449,4447,0,-166.458930569322,-128.657077391444,13.5744568736927
5449,4947,0,-148.998773560066,-110.085042315048,-9.37449878788676
5449,5447,0,-132.796868231105,-92.980818195893,-24.0014876055758
5449,5947,0,-117.871598650127,-78.2290413039908,-32.7627813600801
5449,6447,0,-104.22659194988,-65.8092920149187,-37.5568027059039
5449,6947,0,-91.882602805523,-55.4032777082259,-39.6969875935637
5449,7447,0,-80.8538528591189,-46.6715770399182,-40.0662657089117
5449,7947,0,-71.118628262693,-39.3356696731964,-39.2672840843048
5449,8447,0,-62.609571050069,-33.1774363431114,-37.7229135528922
5449,8947,0,-55.2229057538601,-28.0195257060132,-35.7343657336706
5449,9447,0,-48.8352855144324,-23.7105071738281,-33.5149925676949
5449,9947,0,-43.3192071304135,-20.1178497043718,-31.212553603165
5449,10447,0,-38.5534467030995,-17.1254834908957,-28.9258832712969
5449,10947,0,-34.4285926530302,-14.6329193604114,-26.7180259743127
5449,11447,0,-30.8490590767036,-12.5544291827013,-24.6265184825278
5449,11947,0,-27.7329981913223,-10.8178640678671,-22.6712159797974
5449,12447,0,-25.0111515801746,-9.36316309026957,-20.8600689559782
5449,12947,0,-22.625286349704,-8.14072994898511,-19.1932730232915
5449,13447,0,-20.5265727848868,-7.10983509541668,-17.6661811831456
5449,13947,0,-18.6740773346694,-6.23714408351725,-16.271305481286
5449,14447,0,-17.0334401019931,-5.49542125837539,-14.9996650902883
5449,14947,0,-15.5757508910937,-4.8624220701316,-13.8416741748869
5449,15447,0,-14.2766116154422,-4.31996617062953,-12.7877106731162
5449,15947,0,-13.1153623960684,-3.85317290204781,-11.8284668653086
5449,16447,0,-12.0744462826791,-3.44983691003561,-10.9551527401777
5449,16947,0,-11.1388889175032,-3.09992152997546,-10.1596015681818
5449,17447,0,-10.2958723540426,-2.79514942669724,-9.4343117333265
5449,17947,0,-9.53438549369512,-2.52867258646343,-8.7724480814579
5449,18447,0,-8.84493668176502,-2.29480653509981,-8.16781852416514
5449,18947,0,-8.21931670127277,-2.08881626625632,-7.61483643495131
5449,19447,0,-7.65040266859804,-1.90674366864832,-7.10847579628695
5449,19947,0,-7.13199519255616,-1.7452682007867,-6.64422360952358
5949,-20053,0,-5.756678689929,-0.376713900195881,-7.04303213355908
5949,-19553,0,-6.14625151000736,-0.322284808684366,-7.53164202081191
5949,-19053,0,-6.57273704500377,-0.250724311176092,-8.06336517168905
5949,-18553,0,-7.04089880945499,-0.158040379519401,-8.64256792297333
5949,-18053,0,-7.55631298348336,-0.0393207063788812,-9.27405852992058
5949,-17553,0,-8.12554174389839,0.111488739213697,-9.96311362509839
5949,-17053,0,-8.75634986272109,0.301861701886476,-10.7154960881344
5949,-16553,0,-9.45797656793794,0.541041643963659,-11.5374580367008
5949,-16053,0,-10.2414782429463,0.840483806512524,-12.4357194874482
5949,-15553,0,-11.1201622644414,1.21441541418428,-13.4174085305265
5949,-15053,0,-12.1101385341286,1.68054812696867,-14.4899418194027
5949,-14553,0,-13.2310235852184,2.26098750559794,-15.6608135674083
5949,-14053,0,-14.5068432815101,2.98339845505356,-16.937245127699
5949,-13553,0,-15.9671950981986,3.88250446894494,-18.3256225359208
5949,-13053,0,-17.6487511845293,5.00202334601254,-19.8306111602237
5949,-12553,0,-19.5972107510087,6.3971742105775,-21.453776754216
5949,-12053,0,-21.8698472350904,8.13793078524597,-23.1914474075421
5949,-11553,0,-24.5388450024606,10.3132421074855,-25.0313988459101
5949,-11053,0,-27.695684418142,13.036485409692,-26.9476986333433
5949,-10553,0,-31.4569122327297,16.4524296447243,-28.8926393425161
5949,-10053,0,-35.9717150086603,20.7458994442707,-30.7840196216296
5949,-9553,0,-41.4317551023859,26.1519526976344,-32.48492201738
5949,-9053,0,-48.083610159028,32.9662588653771,-33.7713369395056
5949,-8553,0,-56.243558055837,41.5513633610544,-34.2802567940648
5949,-8053,0,-66.312582734622,52.3269937434484,-33.4275477690186
5949,-7553,0,-78.7845681894425,65.7147907884619,-30.2842076902889
5949,-7053,0,-94.2293220173519,81.9703858762922,-23.4154164496044
5949,-6553,0,-113.21054558294,100.777750227594,-10.7634543086511
5949,-6053,0,-136.074094071695,120.483438974602,10.1165704590857
5949,-5553,0,-162.567233612492,137.259921384155,40.8159611155844
5949,-5053,0,-191.443593055061,145.666827607341,79.6314120076648
5949,-4553,0,-220.517197426599,142.086781140052,120.40291693305
5949,-4053,0,-247.443679348506,127.968671476148,155.916440467271
5949,-3553,0,-270.635229114214,108.15217869948,182.493902326305
5949,-3053,0,-289.528470532683,86.9934427866878,200.382948764395
5949,-2553,0,-304.2659483476,66.8048901037402,211.521163428007
5949,-2053,0,-315.277638160725,48.2784506744178,217.890852735977
5949,-1553,0,-323.006196248127,31.2324811667142,220.962824510499
5949,-1053,0,-327.772241719742,15.0861205593227,221.650542098573
5949,-553,0,-329.715414002041,-0.915848757515155,220.37754812601
5949,-53,0,-328.766871558537,-17.6003763605092,217.10985620892
5949,447,0,-324.638668893498,-35.7782959685154,211.312361295633
5949,947,0,-316.843133573462,-56.0635692884682,201.8359846415
5949,1447,0,-304.785815606202,-78.4562133307686,186.826494099483
5949,1947,0,-288.002061236296,-101.562953779244,163.974914745117
5949,2447,0,-266.575930954548,-121.750887402649,131.769957639842
5949,2947,0,-241.577336207723,-133.710184786238,91.9501940891865
5949,3447,0,-215.041875118125,-133.902770447954,50.6750466079167
5949,3947,0,-189.209458130778,-123.823636124912,15.1273616324416
5949,4447,0,-165.617562555412,-108.343068167771,-11.0738111884618
5949,4947,0,-144.834700010752,-91.8496840002209,-28.260561465695
5949,5447,0,-126.774052691352,-76.7115975081815,-38.4778924439256
5949,5947,0,-111.09568903252,-63.7284604035029,-43.8393845113792
5949,6447,0,-97.4470651197474,-52.9121116902555,-45.9819852439356
5949,6947,0,-85.5452323570734,-43.9897808128111,-46.0490931777252
5949,7447,0,-75.1747595690876,-36.6405824606851,-44.8115892161189
5949,7947,0,-66.1609573748394,-30.5801133076247,-42.786304993902
5949,8447,0,-58.3482146078009,-25.5765066345311,-40.3211788933212
5949,8947,0,-51.5904933507856,-21.4432528213235,-37.6505390162346
5949,9447,0,-45.7503338941222,-18.0285305027443,-34.9304694735642
5949,9947,0,-40.7010941590731,-15.2069994082339,-32.2622535152879
5949,10447,0,-36.3291509345917,-12.8743988252427,-29.7086747242973
5949,10947,0,-32.5348953874493,-10.9439350758177,-27.3057187468298
5949,11447,0,-29.2325207446511,-9.34359435724188,-25.0710546154655
5949,11947,0,-26.3489958668906,-8.013917814999,-23.0101460377259
5949,12447,0,-23.8226306148161,-6.90605255688531,-21.1205951911001
5949,12947,0,-21.6015267504483,-5.98002441803683,-19.3951782838545
5949,13447,0,-19.6420895905053,-5.20322310407898,-17.8239275966962
5949,13947,0,-17.9076873364762,-4.54909632035139,-16.3955301218562
5949,14447,0,-16.3674892309842,-3.99604326246615,-15.0982441549825
5949,14947,0,-14.9954824834255,-3.52649076577603,-13.9204809033388
5949,15447,0,-13.7696526400709,-3.12613100538291,-12.8511566736759
5949,15947,0,-12.6713061800258,-2.78329815000574,-11.8798903368391
5949,16447,0,-11.6845132793995,-2.4884620243819,-10.9970982910246
5949,16947,0,-10.7956502953378,-2.23381874780345,-10.1940230420735
5949,17447,0,-9.99302410790905,-2.0129608066019,-9.4627201219222
5949,17947,0,-9.26656324532886,-1.82061163589372,-8.79602007808644
5949,18447,0,-8.60756333342677,-1.65241226999477,-8.18747671326071
5949,18947,0,-8.00847670201089,-1.50474984316689,-7.63130892140089
5949,19447,0,-7.46273791278046,-1.37461963598437,-7.12234084116381
5949,19947,0,-6.96461856435055,-1.25951396895581,-6.65594326354239
6449,-20053,0,-5.58343013181974,-0.742511760790784,-7.02889031073858
6449,-19553,0,-5.95856783376458,-0.722286871663397,-7.51734493462292
6449,-19053,0,-6.36938767139416,-0.689302086974094,-8.0492554083668
6449,-18553,0,-6.82056953920711,-0.640305861552277,-8.62913780084795
6449,-18053,0,-7.31760829298405,-0.571283307590595,-9.26200382814658
6449,-17553,0,-7.86699029860788,-0.477273706208021,-9.95340618853351
6449,-17053,0,-8.47641446973501,-0.352142241030534,-10.7094821205961
6449,-16553,0,-9.15507024371889,-0.188293709266319,-11.5369914741238
6449,-16053,0,-9.91398873186812,0.0236875699180596,-12.4433434627575
6449,-15553,0,-10.7664883167734,0.295492070602909,-13.4366030567465
6449,-15053,0,-11.7287427105394,0.641660128814806,-14.5254630995367
6449,-14553,0,-12.8205085671503,1.08031234714232,-15.7191607948322
6449,-14053,0,-14.066062053476,1.63408051925496,-17.0273057953297
6449,-13553,0,-15.4954105866989,2.33129814006094,-18.4595694723986
6449,-13053,0,-17.1458690121439,3.2075275207771,-20.0251574137692
6449,-12553,0,-19.0641212891773,4.30752318024876,-21.7319438373431
6449,-12053,0,-21.3089326030461,5.68775839702128,-23.5850775870359
6449,-11553,0,-23.9547369651518,7.419671192695,-25.5847582239931
6449,-11053,0,-27.0964064572452,9.59380938144636,-27.7226995612385
6449,-10553,0,-30.8556133101503,12.3250492055703,-29.9764992926604
6449,-10053,0,-35.3893198640845,15.7589715763951,-32.3006364664657
6449,-9553,0,-40.9010429176122,20.0791641281538,-34.6119903548436
6449,-9053,0,-47.6555330890997,25.5143360413893,-36.7664145030802
6449,-8553,0,-55.9970860222275,32.341867194206,-38.5207906996916
6449,-8053,0,-66.3700653631406,40.8788447214524,-39.4722633289822
6449,-7553,0,-79.3354051047392,51.4386122385015,-38.965120466124
6449,-7053,0,-95.5645552087019,64.2033409422443,-35.9658368263062
6449,-6553,0,-115.765515275886,78.919706562891,-28.9609007128195
6449,-6053,0,-140.454374267961,94.3231644765317,-16.1012079077015
6449,-5553,0,-169.4862728657,107.496700339014,3.90975967992276
6449,-5053,0,-201.487702818058,114.268342118618,29.9851651059761
6449,-4553,0,-233.829030502032,111.811847799204,57.7058677038627
6449,-4053,0,-263.639885639437,101.154515144159,81.8080535521479
6449,-3553,0,-289.042068889979,85.9376420615899,99.616159793848
6449,-3053,0,-309.451195700519,69.4778767114539,111.33031913661
6449,-2553,0,-325.10874771123,53.5737643293221,118.368384743418
6449,-2053,0,-336.550684823795,38.8061929711923,122.168241554275
6449,-1553,0,-344.293673759681,25.0876228355288,123.794221556218
6449,-1053,0,-348.697415719274,12.0165659581526,123.910735953093
6449,-553,0,-349.912756428895,-0.948578535513889,122.834118166554
6449,-53,0,-347.861562821576,-14.4055749044587,120.557078050718
6449,447,0,-342.230358710166,-28.9370840055201,116.716019372065
6449,947,0,-332.488861148089,-44.9739301378361,110.503114318906
6449,1447,0,-317.978958861244,-62.4865591415107,100.58338318748
6449,1947,0,-298.162822380803,-80.4053691839163,85.2467102631648
6449,2447,0,-273.11631214903,-95.9761592255061,63.2977857149653
6449,2947,0,-244.122344359502,-105.157325357104,35.887097254238
6449,3447,0,-213.72029275727,-105.224512423311,7.46068152015267
6449,3947,0,-184.70543230659,-97.2859330531477,-16.7257871418964
6449,4447,0,-158.903357157133,-85.0524423357206,-34.0376520533028
6449,4947,0,-136.869071007751,-71.9100842388944,-44.746228311539
6449,5447,0,-118.348950266975,-59.7400834155711,-50.3684760693368
6449,5947,0,-102.797423510125,-49.2356868126212,-52.4682926375044
6449,6447,0,-89.664942166073,-40.469780710158,-52.2662565926945
6449,6947,0,-78.4988096138227,-33.2661438489787,-50.6262141575229
6449,7447,0,-68.95128616871,-27.3822845390366,-48.1371103118863
6449,7947,0,-60.7564700094678,-22.5846594597573,-45.1939592736162
6449,8447,0,-53.7048586280459,-18.6725047056586,-42.0584403277086
6449,8947,0,-47.6250558431345,-15.4803781517542,-38.9009062415179
6449,9447,0,-42.3729311536575,-12.87369854643,-35.8290597415185
6449,9947,0,-37.8256970951714,-10.7431439704545,-32.9076702567787
6449,10447,0,-33.8785024388135,-8.99977364665812,-30.1722938994324
6449,10947,0,-30.4420767417703,-7.57115398447381,-27.6388945800268
6449,11447,0,-27.4407541117864,-6.39831153555389,-25.3105946732074
6449,11947,0,-24.8106536337798,-5.43329300525076,-23.182383522973
6449,12447,0,-22.4979860964457,-4.63717268960813,-21.2443657289531
6449,12947,0,-20.4575119264833,-3.97840608899714,-19.4839685168021
6449,13447,0,-18.6511746475789,-3.43146485287692,-17.8874128833064
6449,13947,0,-17.0469184797575,-2.97570733832019,-16.4406693755426
6449,14447,0,-15.6176839813899,-2.59444863998329,-15.1300573506505
6449,14947,0,-14.3405661994947,-2.27419924454607,-13.9426008571764
6449,15447,0,-13.1961153628456,-2.00404518821441,-12.8662209208604
6449,15947,0,-12.1677592328783,-1.77514586340463,-11.8898199420673
6449,16447,0,-11.2413273714343,-1.5803287530769,-11.0032967184641
6449,16947,0,-10.4046597334318,-1.41376337633406,-10.1975184423573
6449,17447,0,-9.64728447745113,-1.27069952955377,-9.46426748772359
6449,17947,0,-8.9601523299164,-1.14725743294494,-8.79617485973272
6449,18447,0,-8.33541705303544,-1.04025960434034,-8.18664807329764
6449,18947,0,-7.76625348160171,-0.947096174004647,-7.62979841193739
6449,19447,0,-7.24670620145506,-0.865616941954627,-7.12037060555929
6449,19947,0,-6.77156326648893,-0.794044792372083,-6.65367668036512
6949,-20053,0,-5.39092972064467,-1.09333569786938,-7.0031343340217
6949,-19553,0,-5.74922055026062,-1.1059320345845,-7.49006317477591
6949,-19053,0,-6.14153632678784,-1.11001225628856,-8.0205900793494
6949,-18553,0,-6.57237543104754,-1.10305458800816,-8.59934417516537
6949,-18053,0,-7.0470270034869,-1.08193006524709,-9.23149551002982
6949,-17553,0,-7.57174272057455,-1.04275890027367,-9.92281687336546
6949,-17053,0,-8.15395164884414,-0.980731807531928,-10.6797498699616
6949,-16553,0,-8.80253012926564,-0.889887270128183,-11.5094738353489
6949,-16053,0,-9.52814225140042,-0.762833246803899,-12.4199749958923
6949,-15553,0,-10.3436712694718,-0.590398608136158,-13.4201114149846
6949,-15053,0,-11.2647687173008,-0.361195437535625,-14.5196663555724
6949,-14553,0,-12.3105565907436,-0.0610679723718701,-15.7293781422109
6949,-14053,0,-13.5045296148785,0.327602912766876,-17.0609274934982
6949,-13553,0,-14.8757204564808,0.826779477419178,-18.5268521317807
6949,-13053,0,-16.4602123849916,1.46388167983333,-20.1403408618942
6949,-12553,0,-18.3031135173129,2.27319973848253,-21.914831329135
6949,-12053,0,-20.4611472923233,3.29768147336618,-23.8632908536536
6949,-11553,0,-23.0060687683103,4.59118257799894,-25.9969872961974
6949,-11053,0,-26.029189419805,6.22126916831882,-28.3234386051856
6949,-10553,0,-29.6473862560299,8.27263408617748,-30.8430345393535
6949,-10053,0,-34.0110788409122,10.8510877950588,-33.54349959691
6949,-9553,0,-39.3147521892239,14.0878105919617,-36.3908261578683
6949,-9053,0,-45.8105944128024,18.1428723927347,-39.3144221786892
6949,-8553,0,-53.8254511083182,23.2054014603262,-42.182850076083
6949,-8053,0,-63.7798985591709,29.483999995863,-44.764774636806
6949,-7553,0,-76.2040982875493,37.1725471695287,-46.6689387790503
6949,-7053,0,-91.7342632044643,46.3594863309776,-47.2632958592188
6949,-6553,0,-111.048817035195,56.8237538131546,-45.6069335538701
6949,-6053,0,-134.661380849127,67.6664317681749,-40.5311937191518
6949,-5553,0,-162.475343098362,76.9228025905644,-31.1685759458577
6949,-5053,0,-193.210453516993,81.8441625948366,-18.0478768543625
6949,-4553,0,-224.332131187505,80.5413375908225,-3.68622647370621
6949,-4053,0,-253.04139184651,73.5733294198336,8.83168938170939
6949,-3553,0,-277.506181862299,63.2339375772437,17.8819690294737
6949,-3053,0,-297.149649462852,51.7194035368643,23.5327385386394
6949,-2553,0,-312.18197997464,40.3079536239259,26.6031807219055
6949,-2053,0,-323.090096325592,29.4857764656222,27.9519857065824
6949,-1553,0,-330.344495134517,19.2735921435193,28.2303705592847
6949,-1053,0,-334.272795598054,9.45652451139212,27.8574302128118
6949,-553,0,-335.013125414484,-0.292464446570076,27.0467694998772
6949,-53,0,-332.497506958256,-10.3457028954594,25.8185157132495
6949,447,0,-326.448135671843,-21.0628182083588,23.9764450957111
6949,947,0,-316.394797990957,-32.6915136358428,21.0498804088992
6949,1447,0,-301.752692947152,-45.1608805611879,16.2364748762392
6949,1947,0,-282.043957286323,-57.7117852323411,8.48550995046489
6949,2447,0,-257.358413895575,-68.5074591600466,-2.97599348287895
6949,2947,0,-228.942241809342,-74.9139783647838,-17.5522771318599
6949,3447,0,-199.282113153634,-75.143606438746,-32.6897493917361
6949,3947,0,-171.125166482866,-69.8451597854137,-45.2985512458805
6949,4447,0,-146.253017011612,-61.3943164906368,-53.7797894039802
6949,4947,0,-125.193853376786,-52.0666275844738,-58.2543880826441
6949,5447,0,-107.685591587773,-43.2238783540987,-59.6189011813084
6949,5947,0,-93.1750666933057,-35.4482630151473,-58.8305383506216
6949,6447,0,-81.0932701230777,-28.8781962193803,-56.6582421030961
6949,6947,0,-70.9571297910191,-23.4470946491878,-53.6611825174325
6949,7447,0,-62.3863319108512,-19.0119778090896,-50.2293518913441
6949,7947,0,-55.0887825087891,-15.4145654582698,-46.6277909688286
6949,8447,0,-48.8394784537979,-12.5072673740811,-43.0317113433226
6949,8947,0,-43.4621398628739,-10.1621514311691,-39.5525383547277
6949,9447,0,-38.8157948089478,-8.27221120866506,-36.2569729974994
6949,9947,0,-34.785697396117,-6.74955246833607,-33.1808796032122
6949,10447,0,-31.2772762897159,-5.52265500947858,-30.3393221263539
6949,10947,0,-28.2119832551985,-4.53361891887219,-27.733730075859
6949,11447,0,-25.5242850103337,-3.73571571256115,-25.3569410944217
6949,11947,0,-23.1593567451644,-3.09131478794589,-23.1966920758084
6949,12447,0,-21.0712377275318,-2.57016383690769,-21.2379922800737
6949,12947,0,-19.2213206154064,-2.14797614759257,-19.4647018280873
6949,13447,0,-17.5771013627667,-1.80527596258769,-17.8605529365856
6949,13947,0,-16.1111424325621,-1.52645832182599,-16.4097855599527
6949,14447,0,-14.8002141210584,-1.29902619757182,-15.0975199973805
6949,14947,0,-13.6245851470351,-1.11297356773843,-13.9099529723656
6949,15447,0,-12.5674378511704,-0.960288103278261,-12.8344376099144
6949,15947,0,-11.614386777881,-0.834551446140107,-11.8594890903011
6949,16447,0,-10.7530825063887,-0.730618742060329,-10.9747445566588
6949,16947,0,-9.97288543258578,-0.64436225504831,-10.1708965849933
6949,17447,0,-9.26459675190065,-0.572466589223056,-9.43961306709942
6949,17947,0,-8.62023612634079,-0.512265328401269,-8.77345189106707
6949,18447,0,-8.03285742929921,-0.461610819854663,-8.16577574063107
6949,18947,0,-7.49639556475849,-0.418770419768433,-7.6106702529532
6949,19447,0,-7.0055386825303,-0.382343827744302,-7.10286737602941
6949,19947,0,-6.55562119437433,-0.351197207001231,-6.63767484162103
7449,-20053,0,-5.18077080996847,-1.42704875179927,-6.9658059494464
7449,-19553,0,-5.52000398820703,-1.47071231320279,-7.44981224963169
7449,-19053,0,-5.89121179598798,-1.50989214541914,-7.9773449298738
7449,-18553,0,-6.29862120477195,-1.54276330552617,-8.5531042685966
7449,-18053,0,-6.74720179403124,-1.56704246783927,-9.1823663414697
7449,-17553,0,-7.24282570573281,-1.57988093158312,-9.87105819887973
7449,-17053,0,-7.79246700668454,-1.57773255007542,-10.6258422414263
7449,-16553,0,-8.40445111970969,-1.55619050075739,-11.4542102660766
7449,-16053,0,-9.08876810118115,-1.50978527148424,-12.3645872318929
7449,-15553,0,-9.85746764187913,-1.43173429328021,-13.3664440286372
7449,-15053,0,-10.725159085481,-1.3136312117034,-14.4704172135322
7449,-14553,0,-11.7096469461497,-1.14505976367837,-15.6884314718777
7449,-14053,0,-12.8327419779065,-0.913113541508987,-17.033816914994
7449,-13553,0,-14.1213006217744,-0.601798581665859,-18.521407376248
7449,-13053,0,-15.6085627097469,-0.191290898895755,-20.167596180572
7449,-12553,0,-17.3358799979414,0.342983605942567,-21.9903101122726
7449,-12053,0,-19.3549580353258,1.0314825335865,-24.0088366371258
7449,-11553,0,-21.7307726287887,1.91192757022998,-26.2433974188337
7449,-11053,0,-24.5453705105355,3.03095253995657,-28.7142919973291
7449,-10553,0,-27.9028196270653,4.44599896578133,-31.4403209356582
7449,-10053,0,-31.9356275410633,6.22734115579349,-34.43600733898
7449,-9553,0,-36.8129657404712,8.45990027567055,-37.7068204994508
7449,-9053,0,-42.750940108776,11.244015273041,-41.241095735054
7449,-8553,0,-50.0247215010716,14.6932653055583,-44.9965761076583
7449,-8053,0,-58.9810679475016,18.9251314641478,-48.8785666504652
7449,-7553,0,-70.046362955181,24.0355473504468,-52.7064200165896
7449,-7053,0,-83.7169694364194,30.0398623060245,-56.1688359822899
7449,-6553,0,-100.500781763038,36.7530517027196,-58.7861599407947
7449,-6053,0,-120.750944211163,43.5949273533854,-59.9470629014732
7449,-5553,0,-144.331506240667,49.4165399159277,-59.1539106499066
7449,-5053,0,-170.20905335906,52.6909036805255,-56.5142998908301
7449,-4553,0,-196.41722417632,52.3500831221466,-53.0156819848501
7449,-4053,0,-220.76968135735,48.5802248757205,-49.9600056014171
7449,-3553,0,-241.759571893104,42.5368547008292,-48.0954231272779
7449,-3053,0,-258.814185079996,35.4507002789789,-47.4429213810091
7449,-2553,0,-271.989084129863,28.1348616459056,-47.6557998492681
7449,-2053,0,-281.594082853048,20.9734196799861,-48.3365235302665
7449,-1553,0,-287.959799284236,14.0636498911097,-49.1644448163652
7449,-1053,0,-291.326970903592,7.33952627781629,-49.9181990365551
7449,-553,0,-291.801032075022,0.64940931942384,-50.4689217743126
7449,-53,0,-289.335469524651,-6.19481575586446,-50.7784863627147
7449,447,0,-283.730357882542,-13.373324194203,-50.9151368141827
7449,947,0,-274.651534233886,-20.9913715166783,-51.0876281515218
7449,1447,0,-261.698800486094,-28.9566715342556,-51.6791521426538
7449,1947,0,-244.58157378049,-36.7833678155912,-53.2122304957283
7449,2447,0,-223.462259193727,-43.416982446697,-56.1081192493415
7449,2947,0,-199.37323177728,-47.4230778749166,-60.200799292766
7449,3447,0,-174.260025003957,-47.8222295520572,-64.466634798541
7449,3947,0,-150.274350559587,-44.8836993906159,-67.5917696327888
7449,4447,0,-128.878090584199,-39.8406014611321,-68.8401494220758
7449,4947,0,-110.588935988354,-33.9968275124411,-68.2246577879622
7449,5447,0,-95.2830044373673,-28.2363558381276,-66.1438015465961
7449,5947,0,-82.5618127134146,-23.0149150007385,-63.0598934919068
7449,6447,0,-71.974727768661,-18.5060682261514,-59.3664017067718
7449,6947,0,-63.1148510904732,-14.7287795299836,-55.3630959010486
7449,7447,0,-55.6466888954227,-11.6273012544286,-51.2667002737402
7449,7947,0,-49.3044950654536,-9.11587481800838,-47.2277241346796
7449,8447,0,-43.8807489549772,-7.10236628964693,-43.3457195064609
7449,8947,0,-39.2132879698406,-5.49992252681133,-39.6819234794795
7449,9447,0,-35.1742627680042,-4.23193281612263,-36.2695346366282
7449,9947,0,-31.6616358728917,-3.23337852245077,-33.1219082684272
7449,10447,0,-28.5929587261521,-2.45037666760926,-30.2389081759373
7449,10947,0,-25.900888296885,-1.83894496252987,-27.6116706035139
7449,11447,0,-23.5299347893815,-1.36353780183107,-25.226061859815
7449,11947,0,-21.4340547218441,-0.99562118902211,-23.0651096884828
7449,12447,0,-19.5748252928665,-0.712399315860226,-21.1106595998785
7449,12947,0,-17.9200275305765,-0.495726183247956,-19.3444644166725
7449,13447,0,-16.4425265092494,-0.331198607433147,-17.7488701887984
7449,13947,0,-15.1193747921596,-0.207411864396612,-16.3072212626317
7449,14447,0,-13.9310883350054,-0.115354788955739,-15.0040742539145
7449,14947,0,-12.8610583081918,-0.0479215009995048,-13.8252851024491
7449,15447,0,-11.8950714177625,0.00048079789614397,-12.7580142978809
7449,15947,0,-11.0209174954024,0.0342456722446306,-11.7906814655085
7449,16447,0,-10.2280675839579,0.0568178391934575,-10.9128905565447
7449,16947,0,-9.50740911239021,0.070892427763291,-10.1153398689088
7449,17447,0,-8.85102738425162,0.0785732193386207,-9.38972622657758
7449,17947,0,-8.25202469802641,0.081498091798026,-8.72864926309925
7449,18447,0,-7.70437009992382,0.0809383159020984,-8.1255194439594
7449,18947,0,-7.20277412520031,0.077877054329998,-7.57447190330357
7449,19447,0,-6.74258397606576,0.0730713518225184,-7.07028713471136
7449,19947,0,-6.31969546259106,0.0671010421904283,-6.60831890159188
7949,-20053,0,-4.95478981303358,-1.74172587521311,-6.91705091016097
7949,-19553,0,-5.27301162995461,-1.81436859433693,-7.39673332832257
7949,-19053,0,-5.62081317413835,-1.88627387321377,-7.91964876389956
7949,-18553,0,-6.00207253308425,-1.95626123918549,-8.49052333589003
7949,-18053,0,-6.42134224562911,-2.02282774353484,-9.11468216430384
7949,-17553,0,-6.88399180624607,-2.08407367921619,-9.79813429956331
7949,-17053,0,-7.39638420521722,-2.13761182876867,-10.5476705255471
7949,-16553,0,-7.96609531663544,-2.18045659387973,-11.3709758976763
7949,-16053,0,-8.60218737097016,-2.20888854849542,-12.2767590037525
7949,-15553,0,-9.31555087627848,-2.21828898196957,-13.2748999555711
7949,-15053,0,-10.119333389349,-2.20293784347895,-14.376618931643
7949,-14553,0,-11.0294787508037,-2.15576716912192,-15.5946665243319
7949,-14053,0,-12.0654071171963,-2.06806062068478,-16.9435359112765
7949,-13553,0,-13.2508747420814,-1.92908833439618,-18.4396944900921
7949,-13053,0,-14.6150634089691,-1.72566519685804,-20.1018282843018
7949,-12553,0,-16.1939630927089,-1.44162060910051,-21.9510848041235
7949,-12053,0,-18.0321279709054,-1.05717010148293,-24.0112868710877
7949,-11553,0,-20.1849047794453,-0.548186394514129,-26.3090673820992
7949,-11053,0,-22.7212514865636,0.114615395178495,-28.8738366539863
7949,-10553,0,-25.7272773455508,0.966527181263543,-31.7374289898631
7949,-10053,0,-29.3106282562874,2.04960607647567,-34.9331654439218
7949,-9553,0,-33.6057814766274,3.41306524485647,-38.493887054816
7949,-9053,0,-38.7801283164198,5.11272045832284,-42.44821792068
7949,-8553,0,-45.0402504096228,7.2083144522518,-46.8138770145938
7949,-8053,0,-52.6366764558789,9.75636576947951,-51.5863246831095
7949,-7553,0,-61.86288357801,12.7940456924249,-56.72082100529
7949,-7053,0,-73.0389812981784,16.3064169581023,-62.1076114595
7949,-6553,0,-86.4608529861246,20.1676877565859,-67.5473422150732
7949,-6053,0,-102.284636036809,24.0584112003675,-72.7523474442527
7949,-5553,0,-120.328248666192,27.4096669842345,-77.4209812490166
7949,-5053,0,-139.862927641706,29.5051234616932,-81.3986476848741
7949,-4553,0,-159.623305026218,29.8183598748266,-84.7937708438182
7949,-4053,0,-178.195467199651,28.3333780698094,-87.865292898076
7949,-3553,0,-194.512388727691,25.4861881225678,-90.7874023588399
7949,-3053,0,-208.047613389218,21.8371009705434,-93.5596647391523
7949,-2553,0,-218.694440919992,17.828424758555,-96.0738537026946
7949,-2053,0,-226.559607578314,13.7244881693417,-98.1970702152128
7949,-1553,0,-231.808236525689,9.6438676115606,-99.8115957900506
7949,-1053,0,-234.576407940684,5.60773043119484,-100.823841445613
7949,-553,0,-234.928864807851,1.57904829394069,-101.163916438921
7949,-53,0,-232.842087002112,-2.50745424578381,-100.788289564439
7949,447,0,-228.204109658561,-6.71658240579237,-99.6913957447379
7949,947,0,-220.834050254437,-11.0737341231207,-97.9275919435103
7949,1447,0,-210.53750310655,-15.5033922393313,-95.6364185052533
7949,1947,0,-197.22670861498,-19.7447578639204,-93.0449193081776
7949,2447,0,-181.123481176261,-23.2941645196241,-90.3986536403045
7949,2947,0,-162.971918147644,-25.5046626093419,-87.8062243786222
7949,3447,0,-144.032250973743,-25.9203917503319,-85.127704671649
7949,3947,0,-125.69604100104,-24.5942498017346,-82.0895347937085
7949,4447,0,-108.992822349234,-22.0272272770845,-78.5199340700419
7949,4947,0,-94.3968624175178,-18.8392377991923,-74.4367599400726
7949,5447,0,-81.9465102703986,-15.5261567152676,-69.9767583723625
7949,5947,0,-71.447066090072,-12.400016608005,-65.3070408594483
7949,6447,0,-62.6204549467523,-9.6222718931801,-60.5792435087339
7949,6947,0,-55.185595644154,-7.25376294847789,-55.9157012452519
7949,7447,0,-48.8926740753659,-5.2949590539972,-51.4086725113708
7949,7947,0,-43.5330132412535,-3.71357273132251,-47.1232996733767
7949,8447,0,-38.9377121127873,-2.46234309150012,-43.1014713162271
7949,8947,0,-34.9720043523397,-1.48991528999199,-39.3659594657368
7949,9447,0,-31.5287270561324,-0.747010821430249,-35.9245762154749
7949,9947,0,-28.5223757967309,-0.189493138606621,-32.7740742593042
7949,10447,0,-25.884231136869,0.220498176819406,-29.9035511686686
7949,10947,0,-23.5585709147014,0.514517992900121,-27.2972270804465
7949,11447,0,-21.499799602396,0.718345589842348,-24.9365806852706
7949,11947,0,-19.6702884935632,0.852741495275589,-22.8019073123898
7949,12447,0,-18.0387441349756,0.934245522208708,-20.8733997260062
7949,12947,0,-16.5789630404957,0.975923100181447,-19.1318583811675
7949,13447,0,-15.2688690231025,0.988021079588387,-17.559127186482
7949,13947,0,-14.0897594759638,0.978523347142202,-16.1383335667216
7949,14447,0,-13.0257084967116,0.953610911904232,-14.8539937649644
7949,14947,0,-12.0630896468498,0.918037180851291,-13.6920286287506
7949,15447,0,-11.1901913095615,0.875430885078117,-12.6397224579986
7949,15947,0,-10.3969046009492,0.828538768224921,-11.6856477876788
7949,16447,0,-9.67446868577356,0.779418903580266,-10.8195717949752
7949,16947,0,-9.0152618613239,0.729593977424827,-10.0323548334661
7949,17447,0,-8.41262935622749,0.68017235814848,-9.31584792190573
7949,17947,0,-7.86074073281425,0.631943392053392,-8.6627934541059
7949,18447,0,-7.35447126732366,0.585452172122098,-8.06673163958951
7949,18947,0,-6.88930283352339,0.541058018466709,-7.5219139999608
7949,19447,0,-6.46124071592729,0.498980074853832,-7.02322446349079
7949,19947,0,-6.06674348753538,0.459332742428375,-6.56610809747124
8449,-20053,0,-4.71502713122521,-2.03569955038005,-6.85712125488616
8449,-19553,0,-5.01058711302791,-2.13494819042028,-7.33109668090501
8449,-19053,0,-5.33304781079224,-2.23685723490198,-7.84778847162517
8449,-18553,0,-5.68587667649417,-2.34082272497104,-8.41190184938157
8449,-18053,0,-6.07313235772783,-2.44603702201567,-9.02875200565781
8449,-17553,0,-6.49958584068318,-2.55144209981662,-9.70435498772727
8449,-17053,0,-6.97086921035762,-2.65567325577296,-10.4455338030674
8449,-16553,0,-7.49365870519271,-2.75699140052404,-11.2600424761555
8449,-16053,0,-8.07590040051546,-2.85320176467352,-12.1567112508599
8449,-15553,0,-8.72708891682966,-2.9415565054129,-13.1456166180282
8449,-15053,0,-9.45861209799009,-3.01863831882932,-14.2382803181419
8449,-14553,0,-10.2841777263404,-3.08022179824746,-15.4479018377385
8449,-14053,0,-11.2203421074542,-3.12110899261364,-16.7896290255252
8449,-13553,0,-12.2871647844894,-3.13493553946158,-18.2808710091935
8449,-13053,0,-13.509018627572,-3.11394410957447,-19.941656083795
8449,-12553,0,-14.9155897215624,-3.04872312510637,-21.795033767131
8449,-12053,0,-16.5431059624526,-2.92791154418447,-23.8675132127866
8449,-11553,0,-18.435835187117,-2.73787626022063,-26.1895169278601
8449,-11053,0,-20.6478892418842,-2.46237969961034,-28.7958045950445
8449,-10553,0,-23.2453523599977,-2.08227581728662,-31.7257787935274
8449,-10053,0,-26.3087066826646,-1.5753109404196,-35.023509284453
8449,-9553,0,-29.935428349664,-0.916177222730247,-38.7371841650994
8449,-9053,0,-34.2424240968951,-0.0771004822046826,-42.9174843996004
8449,-8553,0,-39.3675752840391,0.97050447682249,-47.6140508494057
8449,-8053,0,-45.4688768696521,2.25232209368336,-52.8687733729631
8449,-7553,0,-52.7182058615361,3.78363660060239,-58.7042417016626
8449,-7053,0,-61.2842752118211,5.55544628698338,-65.1059802758162
8449,-6553,0,-71.2960392988578,7.51180996692042,-71.9995920740669
8449,-6053,0,-82.7768302540907,9.52114019783559,-79.2308621083652
8449,-5553,0,-95.5512808396672,11.3597270274936,-86.5669138543793
8449,-5053,0,-109.165917646011,12.7451735452591,-93.7356590979851
8449,-4553,0,-122.909636185623,13.4391179445085,-100.49012527197
8449,-4053,0,-135.981582581785,13.3571299202049,-106.650451848882
8449,-3553,0,-147.711119260889,12.5862266324562,-112.100806362464
8449,-3053,0,-157.677674959773,11.3077983548236,-116.767506997868
8449,-2553,0,-165.69469165774,9.70944517659435,-120.602471148514
8449,-2053,0,-171.727560771663,7.93770503200552,-123.572233742761
8449,-1553,0,-175.811868200169,6.08769460317156,-125.64855912943
8449,-1053,0,-177.996213694179,4.2100678280438,-126.801090178896
8449,-553,0,-178.309234452194,2.3227587976293,-126.993996663234
8449,-53,0,-176.744767739155,0.423223258250835,-126.188332306079
8449,447,0,-173.261451901489,-1.49833186454296,-124.351702844796
8449,947,0,-167.797795144028,-3.44175547060581,-121.476462150036
8449,1447,0,-160.308884930946,-5.37246403529841,-117.605084912924
8449,1947,0,-150.833165481209,-7.19133158846608,-112.854219314751
8449,2447,0,-139.586721970162,-8.71643619914796,-107.418567936038
8449,2947,0,-127.044071203547,-9.7139895627391,-101.53638636356
8449,3447,0,-113.91920170878,-9.99793821312688,-95.4290858419193
8449,3947,0,-100.99918632064,-9.53651822106725,-89.26149449642
8449,4447,0,-88.925427245557,-8.46662704481275,-83.1452251340874
8449,4947,0,-78.0744712781408,-7.01409819466217,-77.1588407057636
8449,5447,0,-68.574031018833,-5.40357281201186,-71.3608684150548
8449,5947,0,-60.3843110365649,-3.81012659685322,-65.7958084624846
8449,6447,0,-53.3784322422681,-2.34883416203149,-60.4978712465055
8449,6947,0,-47.3979550471985,-1.08264206066083,-55.4932841205467
8449,7447,0,-42.2844925624935,-0.0354918016341208,-50.8010655253739
8449,7947,0,-37.8949031468798,0.794918419691601,-46.4328832800256
8449,8447,0,-34.1067361236847,1.42661051544447,-42.3928718610421
8449,8947,0,-30.8184723183989,1.88545435385195,-38.6779543353915
8449,9447,0,-27.9473500039045,2.19977631408133,-35.278764228458
8449,9947,0,-25.4263717496921,2.39701964084831,-32.1809764835904
8449,10447,0,-23.201320171438,2.5019393609823,-29.3667757428526
8449,10947,0,-21.2281445033645,2.5358408562045,-26.8162388686466
8449,11447,0,-19.4708206133044,2.51646216870373,-24.5085010342521
8449,11947,0,-17.8996612279279,2.4582100994692,-22.4226580819082
8449,12447,0,-16.4900052766624,2.37255937567755,-20.5384132697203
8449,12947,0,-15.2212073588581,2.26850019135278,-18.8365048856795
8449,13447,0,-14.0758573881842,2.15297153740854,-17.2989605084798
8449,13947,0,-13.0391743531487,2.03125051058509,-15.9092221349181
8449,14447,0,-12.0985314464179,1.90728690195294,-14.6521799193716
8449,14947,0,-11.2430807275198,1.78398265796709,-13.51414444206
8449,15447,0,-10.4634537944686,1.66342078510516,-12.4827800407869
8449,15947,0,-9.75152104923889,1.54705023099615,-11.5470155297583
8449,16447,0,-9.10019656912275,1.43583363052246,-10.6969437364884
8449,16947,0,-8.5032788001498,1.33036437566083,-9.92371759761256
8449,17447,0,-7.95531962316453,1.23095870928002,-9.21944785751397
8449,17947,0,-7.45151606218039,1.13772769766106,-8.57710549177466
8449,18447,0,-6.98762018611005,1.05063312309737,-7.99043063849761
8449,18947,0,-6.55986372192552,0.969530609546917,-7.45384890894101
8449,19447,0,-6.16489463465965,0.894202667290164,-6.96239534419574
8449,19947,0,-5.79972349738884,0.824383816579688,-6.51164589696427
8949,-20053,0,-4.46368042759774,-2.30759577857238,-6.78637417816017
8949,-19553,0,-4.73526550905076,-2.43084980799674,-7.25330062511118
8949,-19053,0,-5.03085688835031,-2.55976601159133,-7.76220809044812
8949,-18553,0,-5.35346737002845,-2.69423785849092,-8.31773470513554
8949,-18053,0,-5.70660798086261,-2.83405413089973,-8.9251274383001
8949,-17553,0,-6.09438565487017,-2.97887401179666,-9.59033522844027
8949,-17053,0,-6.521621734359,-3.12819761998029,-10.3201183988659
8949,-16553,0,-6.99399580738093,-3.28133131489701,-11.122177483559
8949,-16053,0,-7.51822032878543,-3.4373470229662,-12.0053051837062
8949,-15553,0,-8.10225254100999,-3.59503476742828,-12.9795658424081
8949,-15053,0,-8.75555140869021,-3.75284751838837,-14.0565075391629
8949,-14553,0,-9.48938856008653,-3.90883742467097,-15.2494126019278
8949,-14053,0,-10.3172234794876,-4.06058245210795,-16.5735928819834
8949,-13553,0,-11.2551542002388,-4.20510244536384,-18.046736284732
8949,-13053,0,-12.3224551038536,-4.33876366751356,-19.689310339106
8949,-12553,0,-13.5422124182213,-4.45717097408894,-21.5250261978941
8949,-12053,0,-14.942064388529,-4.55504697875576,-23.5813609458233
8949,-11553,0,-16.5550447812847,-4.62609793470379,-25.8901249398135
8949,-11053,0,-18.4205119283394,-4.66286677119604,-28.4880398078854
8949,-10553,0,-20.5851153306608,-4.65657531783937,-31.4172544193954
8949,-10053,0,-23.1036989953472,-4.59696171556592,-34.7256586655844
8949,-9553,0,-26.039951185849,-4.47212932858446,-38.4667395507651
8949,-9053,0,-29.4664627468246,-4.2684498782741,-42.6985342801062
8949,-8553,0,-33.4636195501078,-3.97062757137393,-47.4809408333311
8949,-8053,0,-38.1163894819394,-3.56217367132015,-52.8702390170521
8949,-7553,0,-43.5075424317138,-3.02682000227249,-58.9092431845355
8949,-7053,0,-49.705228857678,-2.35183210346374,-65.611423915404
8949,-6553,0,-56.742552241502,-1.53452667937401,-72.9385601674035
8949,-6053,0,-64.5880932654999,-0.59260540819099,-80.7756236971147
8949,-5553,0,-73.1117771976254,0.424558888302748,-88.914329916775
8949,-5053,0,-82.0613926125726,1.43284783734727,-97.0631388897885
8949,-4553,0,-91.0739375618157,2.32956552695532,-104.893636576607
8949,-4053,0,-99.7340287984746,3.02668677013865,-112.106652914517
8949,-3553,0,-107.656180550601,3.47995182865913,-118.481726833253
8949,-3053,0,-114.54645666477,3.69471155989013,-123.887838829436
8949,-2553,0,-120.219455974582,3.71111317768912,-128.26351140374
8949,-2053,0,-124.580160166678,3.58361213737203,-131.586954105318
8949,-1553,0,-127.59260732899,3.3652968062634,-133.850517123219
8949,-1053,0,-129.250972027758,3.09926091085209,-135.044193500297
8949,-553,0,-129.559272812208,2.81521069504451,-135.148053675027
8949,-53,0,-128.520697965437,2.52910378050447,-134.13266337599
8949,447,0,-126.136121620514,2.24467958923526,-131.967346017467
8949,947,0,-122.411858968663,1.95708037447076,-128.636870720902
8949,1447,0,-117.37748359221,1.65977007163067,-124.166327132917
8949,1947,0,-111.113795541902,1.35561585954213,-118.649921990362
8949,2447,0,-103.786085246144,1.06957239466371,-112.271640719056
8949,2947,0,-95.6672298973855,0.853939945936318,-105.299296964623
8949,3447,0,-87.1264053421296,0.775052024738108,-98.0413805173064
8949,3947,0,-78.571116715101,0.883252392042656,-90.7828460315548
8949,4447,0,-70.3656252289188,1.1870298247279,-83.7359540450796
8949,4947,0,-62.7701411712421,1.65006874816284,-77.0281834042927
8949,5447,0,-55.9247482646765,2.20832727919692,-70.7192543428985
8949,5947,0,-49.8685331030236,2.79187212309577,-64.8269510917421
8949,6447,0,-44.5720342275673,3.34072390237761,-59.3481502789585
8949,6947,0,-39.9676022279547,3.81233565551801,-54.2713759631723
8949,7447,0,-35.9718145945211,4.18263896549171,-49.5824911886041
8949,7947,0,-32.4996989420872,4.44338903969678,-45.2663739549823
8949,8447,0,-29.4725448535529,4.59799537133186,-41.3068774695002
8949,8947,0,-26.8213519638902,4.65725664122017,-37.6864364753386
8949,9447,0,-24.4876172675872,4.6357606607448,-34.3859105081181
8949,9947,0,-22.4226931864255,4.54923025314928,-31.3847826782538
8949,10447,0,-20.5865201688962,4.41279501003971,-28.6616168451208
8949,10947,0,-18.9462057133034,4.24001950971299,-26.1946240418131
8949,11447,0,-17.474691798322,4.04247648989845,-23.962215652244
8949,11947,0,-16.1496098030981,3.82967222739599,-21.9434699178173
8949,12447,0,-14.9523431117321,3.60917471479341,-20.1184819577725
8949,12947,0,-13.8672802377357,3.38684103176149,-18.4685967633191
8949,13447,0,-12.8812278587747,3.16707841600355,-16.9765402642727
8949,13947,0,-11.9829518059694,2.95310130873594,-15.6264694794745
8949,14447,0,-11.1628178252244,2.74716510668063,-14.4039629236869
8949,14947,0,-10.412509164052,2.55076872742967,-13.2959698014251
8949,15447,0,-9.72480307263336,2.36482460224594,-12.2907329094641
8949,15947,0,-9.09339254209116,2.18979810557945,-11.3776965836303
8949,16447,0,-8.51274293853661,2.02581995068807,-10.5474079074474
8949,16947,0,-7.97797573135045,1.87277553659282,-9.79141688649424
8949,17447,0,-7.48477341612995,1.73037512443738,-9.10217936480668
8949,17947,0,-7.02930114805107,1.59820834833744,-8.47296503549448
8949,18447,0,-6.60814165479595,1.47578609448258,-7.89777187778096
8949,18947,0,-6.21824078523878,1.36257230230616,-7.37124764302714
8949,19447,0,-5.85686164159151,1.25800779678758,-6.88861853381061
8949,19947,0,-5.52154569042608,1.16152786978714,-6.44562490965021
9449,-20053,0,-4.20305292445788,-2.55635900131127,-6.70526754723421
9449,-19553,0,-4.44970847171522,-2.70085412587985,-7.1638660683459
9449,-19053,0,-4.71733347801647,-2.85358544936296,-7.66350204349072
9449,-18553,0,-5.00846053015186,-3.0148583465942,-8.20870268277424
9449,-18053,0,-5.32602312818103,-3.18495153101444,-8.80459156742422
9449,-17553,0,-5.67342954172735,-3.36410805468352,-9.45698062875736
9449,-17053,0,-6.05465089319278,-3.55252498668829,-10.1724783486853
9449,-16553,0,-6.47432602788636,-3.75034167344771,-10.9586172934205
9449,-16053,0,-6.9378860487525,-3.95762646739539,-11.8240046642986
9449,-15553,0,-7.45170166247691,-4.17436176306303,-12.7785001781036
9449,-15053,0,-8.02325663276892,-4.40042707397658,-13.8334262344135
9449,-14553,0,-8.66135055055169,-4.63557967182168,-15.0018159084237
9449,-14053,0,-9.37633362206705,-4.87943191250203,-16.2987046645266
9449,-13553,0,-10.1803749518779,-5.13142366228045,-17.7414715278762
9449,-13053,0,-11.0877634074606,-5.39078700401106,-19.3502342606321
9449,-12553,0,-12.1152359160141,-5.65649832391536,-21.1482999671656
9449,-12053,0,-13.2823209694924,-5.92720946179403,-23.1626659653429
9449,-11553,0,-14.6116737960911,-6.20114414749885,-25.4245531336635
9449,-11053,0,-16.1293622131545,-6.47593752890635,-27.9699310341018
9449,-10553,0,-17.865036277824,-6.74838427291341,-30.8399540967191
9449,-10053,0,-19.851878021999,-7.01404415680433,-34.0811604924835
9449,-9553,0,-22.126178036632,-7.26663530681942,-37.7451748097833
9449,-9053,0,-24.726324329362,-7.49713281393463,-41.8874832992054
9449,-8553,0,-27.690922824527,-7.69250769777507,-46.564600811183
9449,-8053,0,-31.0557171157871,-7.83414001640957,-51.8286347530363
9449,-7553,0,-34.8489750561086,-7.89621448718603,-57.7179801016129
9449,-7053,0,-39.0851192982816,-7.84497556287192,-64.2429822213021
9449,-6553,0,-43.756664139638,-7.64058080449201,-71.3666020975107
9449,-6053,0,-48.8250371687666,-7.24391985312139,-78.9834198737503
9449,-5553,0,-54.2116937988717,-6.62960899004539,-86.9058250837201
9449,-5053,0,-59.7922774433668,-5.80164054366243,-94.8704352174195
9449,-4553,0,-65.3982771740768,-4.80177277672735,-102.572765692859
9449,-4053,0,-70.8305620625512,-3.70101734004766,-109.720731651192
9449,-3553,0,-75.884043740242,-2.57646731944821,-116.081567475708
9449,-3053,0,-80.3747445059828,-1.48783173447756,-121.501161832895
9449,-2553,0,-84.1583083654558,-0.466140696312349,-125.895151285523
9449,-2053,0,-87.1352339776793,0.484234539673513,-129.225600673444
9449,-1553,0,-89.2457405808554,1.37638700971658,-131.477083564166
9449,-1053,0,-90.4601820488988,2.23044599265716,-132.639273914812
9449,-553,0,-90.769836906782,3.06473875320395,-132.697841095876
9449,-53,0,-90.1806588240535,3.88904453702732,-131.633393650611
9449,447,0,-88.7108523699475,4.69973727041654,-129.428136535572
9449,947,0,-86.3921820144212,5.47710447550909,-126.080149562562
9449,1447,0,-83.2744073278706,6.18623981345908,-121.624375424132
9449,1947,0,-79.4318094566556,6.78377723348407,-116.156320330107
9449,2447,0,-74.9701364920066,7.23168137953903,-109.849034019854
9449,2947,0,-70.0311167932847,7.51453817261158,-102.949769748951
9449,3447,0,-64.7900733279475,7.65027743720734,-95.7477990660114
9449,3947,0,-59.4422507741362,7.68441569936835,-88.5224125232001
9449,4447,0,-54.1785677427776,7.66972955663737,-81.4962895285725
9449,4947,0,-49.1594640315799,7.64537833979167,-74.8151839719994
9449,5447,0,-44.4977612699633,7.62759830506556,-68.5547122345883
9449,5947,0,-40.2552343879364,7.61277896696182,-62.7407557263531
9449,6447,0,-36.4499759950378,7.58647643591403,-57.370260958876
9449,6947,0,-33.0686480925265,7.53220614294166,-52.4262254022243
9449,7447,0,-30.0788401555148,7.43715646631022,-47.8863027404579
9449,7947,0,-27.4390659782122,7.2945838193091,-43.7268055117555
9449,8447,0,-25.1057273759612,7.10381048663718,-39.9241125261831
9449,8947,0,-23.0373392040861,6.86893363279661,-36.4549336743187
9449,9447,0,-21.1966739956476,6.59711594206185,-33.2962526613098
9449,9947,0,-19.5515144962527,6.29699118258783,-30.425304869837
9449,10447,0,-18.0745832343679,5.97742970190384,-27.8196807602387
9449,10947,0,-16.7430573650637,5.64671563599812,-25.4575260577227
9449,11447,0,-15.5379292187221,5.31208439024791,-23.3177781429601
9449,11947,0,-14.4433598575426,4.97953058459842,-21.3803867183933
9449,12447,0,-13.4460968372043,4.65379603606045,-19.6264875452952
9449,12947,0,-12.534981642264,4.33846368981362,-18.0385172190679
9449,13447,0,-11.7005478842774,4.0361039432627,-16.6002701033627
9449,13947,0,-10.9347003092241,3.74843825025981,-15.2969056870088
9449,14447,0,-10.2304611014867,3.47649907006778,-14.1149173447885
9449,14947,0,-9.58177013613571,3.2207750884498,-13.0420734962001
9449,15447,0,-8.98332754450356,2.98133698213119,-12.0673407990978
9449,15947,0,-8.43046908389666,2.75794278604906,-11.180797154445
9449,16447,0,-7.91906681678028,2.5501239929092,-10.3735404237525
9449,16947,0,-7.44544931335665,2.35725450010794,-9.63759710680302
9449,17447,0,-7.0063369594968,2.17860485806644,-8.96583387607117
9449,17947,0,-6.59878901287871,2.0133842532275,-8.35187381712199
9449,18447,0,-6.22015985783536,1.86077245617322,-7.79001844477449
9449,18947,0,-5.8680625187468,1.71994368651394,-7.27517600493677
9449,19447,0,-5.54033794958023,1.59008405094759,-6.80279618361527
9449,19947,0,-5.23502896099705,1.47040393051501,-6.36881108594057
9949,-20053,0,-3.93549953705056,-2.78126530311267,-6.61435232070651
9949,-19553,0,-4.15663698629742,-2.94413925187891,-7.06342700849372
9949,-19053,0,-4.39563805129696,-3.11738011829848,-7.55240307796966
9949,-18553,0,-4.65454745553578,-3.30161776371648,-8.08565691660966
9949,-18053,0,-4.93571416036746,-3.49751268183573,-8.6681387521738
9949,-17553,0,-5.24184251069233,-3.70575738307522,-9.30546057590298
9949,-17053,0,-5.5760516987284,-3.92707811328223,-10.0039993092245
9949,-16553,0,-5.94194449236403,-4.16223692907902,-10.77101800456
9949,-16053,0,-6.34368605283463,-4.41203405487827,-11.6148083154974
9949,-15553,0,-6.78609338676688,-4.67731025397064,-12.544857917007
9949,-15053,0,-7.27473545331858,-4.9589485945634,-13.572046940383
9949,-14553,0,-7.81604305404168,-5.25787438195805,-14.7088776953348
9949,-14053,0,-8.41742619615043,-5.57505100717641,-15.9697417792256
9949,-13553,0,-9.08739440015582,-5.91146779847884,-17.3712277714071
9949,-13053,0,-9.83567210601947,-6.26811331172361,-18.932470491381
9949,-12553,0,-10.673296530063,-6.64592336534993,-20.6755382948721
9949,-12053,0,-11.6126786082808,-7.04568684235383,-22.6258465240851
9949,-11553,0,-12.6675986606969,-7.46788300089228,-24.8125705312664
9949,-11053,0,-13.8530970515995,-7.91241087751654,-27.2690068222056
9949,-10553,0,-15.1852070994694,-8.37815385932569,-30.0327901359638
9949,-10053,0,-16.6804651333433,-8.8623017023429,-33.1458098254743
9949,-9553,0,-18.3551262024779,-9.35933326794056,-36.653571215845
9949,-9053,0,-20.2240234739994,-9.85956007532554,-40.6036086976267
9949,-8553,0,-22.2990502682111,-10.3471747895879,-45.0423804843519
9949,-8053,0,-24.5873335110618,-10.7978992145724,-50.0098987301631
9949,-7553,0,-27.0893101493216,-11.1766724377463,-55.5312941952165
9949,-7053,0,-29.7970665633187,-11.4364391758106,-61.6048539868125
9949,-6553,0,-32.6933050361943,-11.5199007327773,-68.187252427079
9949,-6053,0,-35.7509267934283,-11.3665020695097,-75.1791122782471
9949,-5553,0,-38.9324364705283,-10.9256899802141,-82.4172175283439
9949,-5053,0,-42.1879098468559,-10.1735150205721,-89.681191525091
9949,-4553,0,-45.4515006165217,-9.12461682971789,-96.7184372243435
9949,-4053,0,-48.6393250447114,-7.831015936752,-103.281147807681
9949,-3553,0,-51.6528122772366,-6.36651901280417,-109.160490743631
9949,-3053,0,-54.3884752210499,-4.80523759798372,-114.204577774517
9949,-2553,0,-56.7503231439221,-3.2051530026419,-118.317358535624
9949,-2053,0,-58.659807279598,-1.60195726018554,-121.445112762964
9949,-1553,0,-60.0607284855745,-0.0117450695420991,-123.559597288224
9949,-1053,0,-60.9196470109208,1.56153573210791,-124.644158147927
9949,-553,0,-61.22375651075,3.11728281805882,-124.685636000843
9949,-53,0,-60.9779968918698,4.64995330641835,-123.67280506826
9949,447,0,-60.2023309750978,6.14225876897308,-121.601288806968
9949,947,0,-58.9293091490976,7.56085755524147,-118.484465581435
9949,1447,0,-57.201660251152,8.8562301480614,-114.368850682807
9949,1947,0,-55.0698812057392,9.96886889960472,-109.350181318225
9949,2447,0,-52.5905817104278,10.8427138057904,-103.583347966477
9949,2947,0,-49.8268465624196,11.4427876620019,-97.2778889094202
9949,3447,0,-46.8506731450753,11.7688891689248,-90.6748511111898
9949,3947,0,-43.7446753618191,11.8565141841542,-84.0109043898326
9949,4447,0,-40.598972196209,11.763506184954,-77.484424234275
9949,4947,0,-37.5022847810207,11.5506034156459,-71.2368931333142
9949,5447,0,-34.5309774628103,11.2664760233288,-65.3526061287782
9949,5947,0,-31.7410857769009,10.9421536572851,-59.8703110658423
9949,6447,0,-29.1658045139753,10.5931277335163,-54.7982398526739
9949,6947,0,-26.8177528009785,10.2248372847449,-50.1269590347756
9949,7447,0,-24.693854216534,9.83810866526445,-45.838170279732
9949,7947,0,-22.7807893355561,9.4329608899052,-41.9098358185077
9949,8447,0,-21.0597504279425,9.01056723586628,-38.3187671784305
9949,8947,0,-19.509980367851,8.57381414979905,-35.0417621765321
9949,9447,0,-18.1110737472949,8.12704047870507,-32.0560475534115
9949,9947,0,-16.8442617236343,7.67543740489315,-29.3394585521108
9949,10447,0,-15.6929721636471,7.22441756649886,-26.870554927836
9949,10947,0,-14.6429322079083,6.77910799287908,-24.6287393613745
9949,11447,0,-13.6820183572837,6.34401520157584,-22.5943823384774
9949,11947,0,-12.7999930220487,5.92285133049727,-20.7489377274259
9949,12447,0,-11.9882116697036,5.51848508406431,-19.0750334360736
9949,12947,0,-11.2393454932433,5.13297682353454,-17.5565283852537
9949,13447,0,-10.5471394234077,4.76766268335151,-16.1785341158587
9949,13947,0,-9.90621082986054,4.42326143418107,-14.9274043223319
9949,14447,0,-9.31188685393672,4.09998642772461,-13.790698222631
9949,14947,0,-8.76007518627104,3.79765192505503,-12.757124474317
9949,15447,0,-8.24716231623686,3.51576815182836,-11.8164720091946
9949,15947,0,-7.76993363450511,3.25362277661539,-10.9595332456047
9949,16447,0,-7.32551057832181,3.01034856901678,-10.1780240276675
9949,16947,0,-6.91130091350656,2.78497814716515,-9.46450355651469
9949,17447,0,-6.52495908217681,2.57648728113241,-8.81229662890048
9949,17947,0,-6.16435425015781,2.38382840739382,-8.21541972218131
9949,18447,0,-5.82754425408681,2.20595598611824,-7.66851186089038
9949,18947,0,-5.51275408897546,2.0418451982701,-7.16677074914542
9949,19447,0,-5.21835791382846,1.89050529649148,-6.70589432899009
9949,19947,0,-4.94286380700689,1.75098872867724,-6.28202770051342
10449,-20053,0,-3.66337356641508,-2.98192401051048,-6.51426229255343
10449,-19553,0,-3.85876528821643,-3.1602813526648,-6.952717583797
10449,-19053,0,-4.06891613957139,-3.35069274255918,-7.42976573361657
10449,-18553,0,-4.29539171722937,-3.55402728253102,-7.94959755476994
10449,-18053,0,-4.53997005537671,-3.77122266739083,-8.51694674318215
10449,-17553,0,-4.80467233195603,-4.00329212368561,-9.13717144656392
10449,-17053,0,-5.09179697675425,-4.25133208697236,-9.81634942963206
10449,-16553,0,-5.40395693767001,-4.51653044195799,-10.5613891072464
10449,-16053,0,-5.74411947997358,-4.80017490567818,-11.3801589775202
10449,-15553,0,-6.11564732089002,-5.10366072493195,-12.281638180684
10449,-15053,0,-6.52233906739181,-5.42849619704239,-13.2760909509766
10449,-14553,0,-6.96846573862486,-5.77630347655906,-14.3752674734606
10449,-14053,0,-7.45879850947776,-6.14881051097638,-15.5926328677246
10449,-13553,0,-7.99862059415283,-6.54782748909042,-16.943624312034
10449,-13053,0,-8.59371330103975,-6.97519752507253,-18.4459330859092
10449,-12553,0,-9.25030270691027,-7.43270597510255,-20.1198026000995
10449,-12053,0,-9.9749492703789,-7.92192525442523,-21.9883238615992
10449,-11553,0,-10.7743585513508,-8.4439617981088,-24.0776941657207
10449,-11053,0,-11.6550882339991,-8.9990587502779,-26.4173801247357
10449,-10553,0,-12.6231272503666,-9.58599298826959,-29.040088512209
10449,-10053,0,-13.6833311535395,-10.2011915584517,-31.9813933712465
10449,-9553,0,-14.8387204915273,-10.8374888988189,-35.2787919945626
10449,-9053,0,-16.0896942093238,-11.4824697935319,-38.9698675717317
10449,-8553,0,-17.4332851923373,-12.116425294307,-43.0891388770013
10449,-8053,0,-18.8626861652309,-12.7101371138584,-47.6631254943049
10449,-7553,0,-20.3673663339271,-13.2230497671714,-52.703255515553
10449,-7053,0,-21.9340883119726,-13.6028866137406,-58.1966694456696
10449,-6553,0,-23.548862301972,-13.7882402978151,-64.0959353143615
10449,-6053,0,-25.1992150680117,-13.7156234190772,-70.310213067006
10449,-5553,0,-26.875294196316,-13.3311576663586,-76.7019305238971
10449,-5053,0,-28.5680599969888,-12.6042379461231,-83.0931381150275
10449,-4553,0,-30.2641308538672,-11.5375480203409,-89.2828685451503
10449,-4053,0,-31.9395089635083,-10.1677526568123,-95.0714906552659
10449,-3553,0,-33.5561572365596,-8.55561709701494,-100.283768297451
10449,-3053,0,-35.0640786052533,-6.7702667541557,-104.782919218156
10449,-2553,0,-36.4081325963584,-4.87480947190185,-108.473055846465
10449,-2053,0,-37.536417482073,-2.91822370082486,-111.292776917013
10449,-1553,0,-38.4071898385357,-0.93429599440031,-113.205025172942
10449,-1053,0,-38.9929253811721,1.05432098299919,-114.187684777772
10449,-553,0,-39.2815830701929,3.02947205858812,-114.227604454498
10449,-53,0,-39.2757228741757,4.97034100918312,-113.319191937667
10449,447,0,-38.9900510281306,6.84730333046602,-111.467749034136
10449,947,0,-38.4477183121116,8.61821795792092,-108.696966048377
10449,1447,0,-37.6757062175589,10.2287580850479,-105.058991336487
10449,1947,0,-36.7001267802324,11.6182202592751,-100.644022481365
10449,2447,0,-35.5430409141912,12.7308985218783,-95.5849081266885
10449,2947,0,-34.2226404672938,13.530230815826,-90.0522069074
10449,3447,0,-32.7573106168017,14.0099158284691,-84.2380574735662
10449,3947,0,-31.171405743315,14.1960943736539,-78.3326318239457
10449,4447,0,-29.498795445392,14.1390723246242,-72.5013227280212
10449,4947,0,-27.7815181639422,13.8989985791381,-66.8703494831761
10449,5447,0,-26.0642538083979,13.53241494111,-61.5235124258241
10449,5947,0,-24.3876844518814,13.0842933118067,-56.5075865737517
10449,6447,0,-22.7836086447833,12.586107739713,-51.8416553729476
10449,6947,0,-21.2729696036271,12.0578829443803,-47.5264815038171
10449,7447,0,-19.8664164196515,11.5117346802892,-43.5519223002369
10449,7947,0,-18.5663499134227,10.9552031932312,-39.9019717387312
10449,8447,0,-17.3694437810653,10.3936439706841,-36.5578260949857
10449,8947,0,-16.2689712375657,9.8316017126307,-33.4995954928206
10449,9447,0,-15.2566220168027,9.27340233359681,-30.7072081022142
10449,9947,0,-14.3237472085684,8.72326569318033,-28.1608858610529
10449,10447,0,-13.4621068141945,8.18519117027545,-25.8414143593401
10449,10947,0,-12.6642456367102,7.66278256724401,-23.7303191191647
10449,11447,0,-11.9236225779525,7.15910102351116,-21.809995487703
10449,11947,0,-11.2345946454141,6.67657966731808,-20.0638072564424
10449,12447,0,-10.592327612767,6.21700175104516,-18.4761566837829
10449,12947,0,-9.99267921909821,5.78152925973594,-17.0325259483191
10449,13447,0,-9.4320811458665,5.37076492295599,-15.7194911742598
10449,13947,0,-8.90743277882046,4.9848320149098,-14.5247119877794
10449,14447,0,-8.41601166928493,4.62345991853279,-13.4369008629096
10449,14947,0,-7.95540113551521,4.28606728973409,-12.4457770343664
10449,15447,0,-7.52343328657895,3.97183794420701,-11.5420096290474
10449,15947,0,-7.11814495211695,3.67978705028051,-10.7171541385875
10449,16447,0,-6.73774392822322,3.40881688747341,-9.96358563903728
10449,16947,0,-6.38058321585271,3.15776247378108,-9.27443141300112
10449,17447,0,-6.04514131533435,2.92542794616551,-8.64350493518581
10449,17947,0,-5.7300070360319,2.7106148468667,-8.06524258788593
10449,18447,0,-5.43386763295306,2.5121435378823,-7.53464399115724
10449,18947,0,-5.15549937483319,2.32886891894299,-7.04721645850305
10449,19447,0,-4.89375988081721,2.15969151615532,-6.59892380965784
10449,19947,0,-4.64758174192707,2.00356487391038,-6.1861395709017
10949,-20053,0,-3.3889763949725,-3.15826847934178,-6.40570171075822
10949,-19553,0,-3.55873909837936,-3.34924164196115,-6.83255642706435
10949,-19053,0,-3.74022220416846,-3.55352576705702,-7.29654638701916
10949,-18553,0,-3.93453499018103,-3.77214950046627,-7.80164806581856
10949,-18053,0,-4.14291556088409,-4.00623096758439,-8.3523432878099
10949,-17553,0,-4.36674415929403,-4.25698634820728,-8.95369279209083
10949,-17053,0,-4.60755611027169,-4.52573870480301,-9.6114213282718
10949,-16553,0,-4.86705339329581,-4.8139265207297,-10.3320159376889
10949,-16053,0,-5.14711336234133,-5.1231110027804,-11.1228391389871
10949,-15553,0,-5.44979248373594,-5.45498058495592,-11.9922586717711
10949,-15053,0,-5.77732211186925,-5.81135013932823,-12.9497951575342
10949,-14553,0,-6.13209223201817,-6.19415101984858,-14.0062883534034
10949,-14053,0,-6.51661775059136,-6.60540605341698,-15.1740813536696
10949,-13553,0,-6.93348032844162,-7.04718071568698,-16.4672197594048
10949,-13053,0,-7.38523703980023,-7.521497706167,-17.9016589226224
10949,-12553,0,-7.87428556692222,-8.03019667404716,-19.4954660560149
10949,-12053,0,-8.40267475611899,-8.5747137255704,-21.2689941197616
10949,-11553,0,-8.97185017049944,-9.15574662968289,-23.2449893937727
10949,-11053,0,-9.58232847290417,-9.77276208674993,-25.4485725844961
10949,-10553,0,-10.2333046814357,-10.4232932388795,-27.90700216046
10949,-10053,0,-10.9222161856709,-11.1019736974545,-30.6490870179046
10949,-9553,0,-11.6443210095492,-11.799268234417,-33.7040647845263
10949,-9053,0,-12.3923977965138,-12.4999060887516,-37.0997096828488
10949,-8553,0,-13.1567376849345,-13.1811241267896,-40.8594004285221
10949,-8053,0,-13.9256544342647,-13.8110097536292,-44.9979066921999
10949,-7553,0,-14.6867416519194,-14.3475063093402,-49.5158139415961
10949,-7053,0,-15.4289736740119,-14.7389543125374,-54.3928925539988
10949,-6553,0,-16.1453925018297,-14.9272123525571,-59.5813847316153
10949,-6053,0,-16.8355535151869,-14.8541013715674,-65.0010277111013
10949,-5553,0,-17.5063756444409,-14.4708136119399,-70.5382342100375
10949,-5053,0,-18.1701092101043,-13.7481249079601,-76.0515005857146
10949,-4553,0,-18.8392657088291,-12.683725894957,-81.3832990465522
10949,-4053,0,-19.5202020347374,-11.3032488273782,-86.3759346335807
10949,-3553,0,-20.2082713626925,-9.65416376856567,-90.8867927882116
10949,-3053,0,-20.8868526968651,-7.79513337332361,-94.7986587462349
10949,-2553,0,-21.5305135469192,-5.78520994912217,-98.0232339820849
10949,-2053,0,-22.1106523814273,-3.6764653367693,-100.498862931142
10949,-1553,0,-22.601376096147,-1.51141060778869,-102.185165336115
10949,-1053,0,-22.9839505818012,0.675413445488656,-103.057400111815
10949,-553,0,-23.2490923029574,2.85323965651374,-103.102607512637
10949,-53,0,-23.3970382525329,4.98996798890589,-102.318609212643
10949,447,0,-23.4356373355156,7.04768919851939,-100.716110088202
10949,947,0,-23.3768576910031,8.9802541683027,-98.3233999150777
10949,1447,0,-23.2323597435942,10.7341722697791,-95.1923452894535
10949,1947,0,-23.0092456736525,12.2536471292339,-91.4034908167035
10949,2447,0,-22.7075436299303,13.4893579293653,-87.067507388078
10949,2947,0,-22.3208662313484,14.408727325378,-82.3206159880336
10949,3447,0,-21.840514116329,15.0038407337088,-77.3134819930193
10949,3947,0,-21.2614104467143,15.2933964219994,-72.1959161994815
10949,4447,0,-20.5869912830324,15.3176269317027,-67.1018537783458
10949,4947,0,-19.8307300574359,15.1285273613374,-62.138920527078
10949,5447,0,-19.0139791537461,14.7795201827579,-57.3845564372423
10949,5947,0,-18.161659765556,14.3179191245937,-52.8878900094225
10949,6447,0,-17.2978553864842,13.7813835807432,-48.6749849235715
10949,6947,0,-16.4427094052523,13.1976926501266,-44.7550440063648
10949,7447,0,-15.6110310197684,12.586404793204,-41.1259840598723
10949,7947,0,-14.8123078606025,11.9611031369819,-37.7787201691272
10949,8447,0,-14.0515595507569,11.3314255734133,-34.7001288336436
10949,8947,0,-13.3305100146933,10.7045563106119,-31.8749516440283
10949,9447,0,-12.6487260623585,10.0861632975368,-29.2869624669379
10949,9947,0,-12.004544306347,9.48090645269382,-26.9196706284334
10949,10447,0,-11.3957360127011,8.89267112043059,-24.7567508070777
10949,10947,0,-10.8199325456529,8.32465593562622,-22.7823169593638
10949,11447,0,-10.274864634018,7.77940255152087,-20.9811053564283
10949,11947,0,-9.75847293880869,7.25881642015373,-19.3385999544791
10949,12447,0,-9.26893876145008,6.76420021702602,-17.8411163626123
10949,12947,0,-8.80467100397873,6.29630483622799,-16.475852867313
10949,13447,0,-8.36427339124805,5.85539461044621,-15.23091399224
10949,13947,0,-7.94650639392029,5.44132052630216,-14.0953112066719
10949,14447,0,-7.55025155918506,5.05359525301891,-13.0589452031996
10949,14947,0,-7.17448164631428,4.69146512311766,-12.1125740079496
10949,15447,0,-6.81823744841667,4.35397583427318,-11.2477708682336
10949,15947,0,-6.48061087022556,4.04003010963714,-10.4568753851392
10949,16447,0,-6.16073326466382,3.74843668501496,-9.73294079146982
10949,16947,0,-5.85776788664903,3.47795076979842,-9.06967969096754
10949,17447,0,-5.570905394102,3.22730660696078,-8.46141002662271
10949,17947,0,-5.29936148950436,2.99524300939222,-7.90300256495381
10949,18447,0,-5.04237598168351,2.78052284415194,-7.38983078188966
10949,18947,0,-4.79921272259193,2.58194742975563,-6.91772371471107
10949,19447,0,-4.56916002311038,2.39836674559619,-6.48292209619043
10949,19947,0,-4.35153127188714,2.2286862568043,-6.08203790152965
11449,-20053,0,-3.11451220484752,-3.31053740467666,-6.28943139569865
11449,-19553,0,-3.25908071643947,-3.51134160612721,-6.70382917308399
11449,-19053,0,-3.41245290940057,-3.72630831204635,-7.15378103199955
11449,-18553,0,-3.57531582628484,-3.95655411100373,-7.64302678783998
11449,-18053,0,-3.74841222099924,-4.20329168768479,-8.17576940936608
11449,-17553,0,-3.9325399209504,-4.46783710869057,-8.75673957048797
11449,-17053,0,-4.12854820907094,-4.75161634325743,-9.39126947425342
11449,-16553,0,-4.33732985354333,-5.05617006026471,-10.0853769764087
11449,-16053,0,-4.55980695743923,-5.38315521386464,-10.8458609206915
11449,-15553,0,-4.79690823774723,-5.73434116307326,-11.6804083096794
11449,-15053,0,-5.04953467223263,-6.11159697491001,-12.597713368129
11449,-14553,0,-5.31850969290717,-6.51686501972502,-13.6076075524463
11449,-14053,0,-5.60450931615537,-6.95211383981805,-14.7211978885429
11449,-13553,0,-5.90796691092803,-7.41926040111913,-15.951008347218
11449,-13053,0,-6.22894696292002,-7.92004807732733,-17.3111148231581
11449,-12553,0,-6.56698262252414,-8.45586199662483,-18.8172580371694
11449,-12053,0,-6.9208737281293,-9.02745783533764,-20.4869095195372
11449,-11553,0,-7.28844644689771,-9.63457433942156,-22.3392528029268
11449,-11053,0,-7.66628419414792,-10.2753951969291,-24.3950241266819
11449,-10553,0,-8.04945399918882,-10.9458252313185,-26.6761338331152
11449,-10053,0,-8.43127492044137,-11.6385543939948,-29.2049620256756
11449,-9553,0,-8.80320635222556,-12.3419090376451,-32.0031936755461
11449,-9053,0,-9.15497158935475,-13.0385451851358,-35.0900384539939
11449,-8553,0,-9.47506583047344,-13.7041360428358,-38.4796873904696
11449,-8053,0,-9.75180506018349,-14.3063528534021,-42.177922190319
11449,-7553,0,-9.97501390620492,-14.8046188028204,-46.1779537902614
11449,-7053,0,-10.138279050791,-15.1512661649827,-50.4558590282232
11449,-6553,0,-10.241386930296,-15.2947135402255,-54.9663981416834
11449,-6053,0,-10.2921857792417,-15.1849232234142,-59.6404168424465
11449,-5553,0,-10.306876058464,-14.780596343541,-64.3852087957041
11449,-5053,0,-10.3079529381577,-14.0565046520352,-69.0888174040163
11449,-4553,0,-10.3198640533148,-13.008635761993,-73.6281614420882
11449,-4053,0,-10.3636037221146,-11.6551495857246,-77.8794301543624
11449,-3553,0,-10.4521986229394,-10.0326592544156,-81.7281994895971
11449,-3053,0,-10.5887449651346,-8.1892755048579,-85.0768452195165
11449,-2553,0,-10.7674800878259,-6.17700510596923,-87.8480243776642
11449,-2053,0,-10.977102831824,-4.04589576848293,-89.984525400624
11449,-1553,0,-11.2049041579949,-1.84117400441141,-91.4468564388143
11449,-1053,0,-11.4403514528516,0.396645349243102,-92.210243170382
11449,-553,0,-11.6772542721027,2.62954189182453,-92.2624172108862
11449,-53,0,-11.9141591700859,4.81887927702205,-91.6030204821747
11449,447,0,-12.1530194854369,6.92266241441427,-90.2448472437571
11449,947,0,-12.3964997883403,8.89432583331499,-88.2165560924549
11449,1447,0,-12.6445985218906,10.6839749901577,-85.5659108681457
11449,1947,0,-12.8916126336018,12.242478035411,-82.3621224167343
11449,2447,0,-13.1246539436016,13.5278902036288,-78.6956786641759
11449,2947,0,-13.3246612007955,14.5125562225528,-74.6744641632814
11449,3447,0,-13.4699704382738,15.1884560286206,-70.4160995073775
11449,3947,0,-13.5413066928219,15.5686355061234,-66.0379188996993
11449,4447,0,-13.5262816012439,15.6840482912041,-61.6470593605477
11449,4947,0,-13.4217269380046,15.5770453026959,-57.333082442986
11449,5447,0,-13.2333169435156,15.2939055969323,-53.1644318937762
11449,5947,0,-12.9731423222645,14.8786356095484,-49.1885812602316
11449,6447,0,-12.6564914258637,14.3691834838666,-45.4347280828516
11449,6947,0,-12.2989570226505,13.7960561693681,-41.9176387133969
11449,7447,0,-11.914466957452,13.1826436246521,-38.6415420323658
11449,7947,0,-11.5143262447946,12.5464120882081,-35.6034522489918
11449,8447,0,-11.1070525590868,11.9003135458686,-32.7957138525445
11449,8947,0,-10.6986925832112,11.2540365471325,-30.2078135314426
11449,9447,0,-10.2933443061685,10.6149557257853,-27.8276103836648
11449,9947,0,-9.89369876345894,9.98878037107508,-25.6421502870103
11449,10447,0,-9.50150215894115,9.3799665129575,-23.6382021230401
11449,10947,0,-9.11790371743453,8.79197005261437,-21.8026144325966
11449,11447,0,-8.74369283748311,8.22740635006031,-20.1225565507497
11449,11947,0,-8.37944660042855,7.68816179410671,-18.5856832506217
11449,12447,0,-8.02561292501513,7.17548440497653,-17.1802459871646
11449,12947,0,-7.68255199446403,6.69006688974248,-15.895164637836
11449,13447,0,-7.35055333119452,6.23212703814551,-14.7200687342482
11449,13947,0,-7.02984047724242,5.80148583009665,-13.6453146827404
11449,14447,0,-6.72057074133221,5.39764177395432,-12.6619841663242
11449,14947,0,-6.42283418581339,5.01983966239167,-11.7618681239064
11449,15447,0,-6.13665384493347,4.66713231951859,-10.9374400856002
11449,15947,0,-5.86198784382103,4.33843453330673,-10.1818220765814
11449,16447,0,-5.59873336713542,4.03256896640845,-9.488745755748
11449,16947,0,-5.34673209294631,3.74830430935388,-8.85251093777282
11449,17447,0,-5.10577660306365,3.48438625842657,-8.2679431745749
11449,17947,0,-4.87561729971388,3.23956208214802,-7.7303516582502
11449,18447,0,-4.65596943332961,3.01259961530139,-7.23548835771335
11449,18947,0,-4.4465199387131,2.80230151952105,-6.77950901562811
11449,19447,0,-4.2469338663813,2.60751560184437,-6.35893640556468
11449,19947,0,-4.05686027313641,2.42714190795473,-5.97062607473267
11949,-20053,0,-2.84204922684336,-3.4392483684163,-6.16625400999107
11949,-19553,0,-2.96214280027707,-3.64722881006105,-6.56746999209957
11949,-19053,0,-3.0882919962115,-3.86985172529516,-7.00256197112304
11949,-18553,0,-3.22080397793389,-4.10825982811303,-7.47501730982974
11949,-18053,0,-3.35998031824701,-4.36368731542328,-7.98874152105186
11949,-17553,0,-3.50610592575612,-4.6374639108501,-8.54811337413823
11949,-17053,0,-3.65943344314207,-4.93101689865508,-9.15804701458016
11949,-16553,0,-3.82016168619045,-5.24586981852481,-9.82406154677392
11949,-16053,0,-3.9884063421069,-5.58363588862308,-10.552358273933
11949,-15553,0,-4.16416075892295,-5.94600339002696,-11.3499053366411
11949,-15053,0,-4.34724426531137,-6.33470910857178,-12.2245287429593
11949,-14553,0,-4.53723512377676,-6.75149440930265,-13.1850075972018
11949,-14053,0,-4.73338505099315,-7.19803653065647,-14.2411695146949
11949,-13553,0,-4.93451242512485,-7.6758451663093,-15.4039794906048
11949,-13053,0,-5.13887214035042,-8.18611134912083,-16.6856115259665
11949,-12553,0,-5.34400201778335,-8.72949219751722,-18.099486679533
11949,-12053,0,-5.54654938709729,-9.30581163155549,-19.6602534379075
11949,-11553,0,-5.74208777132,-9.91365459244951,-21.3836759545181
11949,-11053,0,-5.9249435389377,-10.5498322643937,-23.2863826331523
11949,-10553,0,-6.0880668378696,-11.2087011281471,-25.3854122247084
11949,-10053,0,-6.22300032908481,-11.881333736852,-27.6974789456383
11949,-9553,0,-6.32002163360424,-12.5545698543881,-30.2378664642758
11949,-9053,0,-6.36855580793973,-13.2100296855265,-33.01886116241
11949,-8553,0,-6.35796140239911,-13.8232507112346,-36.0476611711709
11949,-8053,0,-6.27876891123118,-14.36321171532,-39.3237672942265
11949,-7553,0,-6.12436930657656,-14.7926083638535,-42.8359930174084
11949,-7053,0,-5.89299394251722,-15.0692905180179,-46.5594286593639
11949,-6553,0,-5.58960614384648,-15.1491789668277,-50.4529303432939
11949,-6053,0,-5.22711081151443,-14.99066721876,-54.4578924325483
11949,-5553,0,-4.82622338691715,-14.5599793592948,-58.4990632214347
11949,-5053,0,-4.41357840927979,-13.8363616342028,-62.4878460021535
11949,-4553,0,-4.01823208099247,-12.8156662372824,-66.3278850874198
11949,-4053,0,-3.66740912410849,-11.5111618413274,-69.9219831972985
11949,-3553,0,-3.38276417373692,-9.95129368768107,-73.1789063096425
11949,-3053,0,-3.17827225288529,-8.17520694515341,-76.0186971967836
11949,-2553,0,-3.06019529009006,-6.22755674543735,-78.3757194810473
11949,-2053,0,-3.02877961323631,-4.15413187973848,-80.1994670122066
11949,-1553,0,-3.08082132678502,-1.99924330816183,-81.4538164518921
11949,-1053,0,-3.21213972832444,0.194938527680815,-82.1156703881143
11949,-553,0,-3.41921849077039,2.38753860294541,-82.1738543094335
11949,-53,0,-3.6996228346985,4.53742181257879,-81.6288276972257
11949,447,0,-4.05115259304444,6.60184103510572,-80.4933750941347
11949,947,0,-4.4700114932826,8.53613823442603,-78.7940335502211
11949,1447,0,-4.94856397022786,10.2951112200012,-76.5726393005313
11949,1947,0,-5.47347554268056,11.8362162719591,-73.8871142390619
11949,2447,0,-6.02507932450286,13.1241398312699,-70.8105821850845
11949,2947,0,-6.57854208662847,14.1356022832749,-67.4282224945022
11949,3447,0,-7.10679393602091,14.862880303905,-63.8319305281988
11949,3947,0,-7.5844511077936,15.3147683944071,-60.1136412082708
11949,4447,0,-7.99149886501062,15.5145613279164,-56.3587065255583
11949,4947,0,-8.31561074538759,15.4957193570238,-52.6407047278459
11949,5447,0,-8.55259843219495,15.2965966038866,-49.0185139527208
11949,5947,0,-8.70522813906427,14.9556494294629,-45.5357236291408
11949,6447,0,-8.78111068587897,14.5080272209117,-42.2218568778494
11949,6947,0,-8.79043451507954,13.9837748328317,-39.0946281073507
11949,7447,0,-8.74408261739753,13.4073769118185,-36.1625256251991
11949,7947,0,-8.65236326496485,12.798165088285,-33.4272358020951
11949,8447,0,-8.52433981399991,12.1711299134416,-30.8856684357755
11949,8947,0,-8.36761650395855,11.5378115424709,-28.5315241903839
11949,9447,0,-8.18840695961879,10.9070902620996,-26.3564475303965
11949,9947,0,-7.99173853190412,10.2858110025187,-24.3508486742146
11949,10447,0,-7.7816921314254,9.67924354360644,-22.5044805615143
11949,10947,0,-7.56162154195826,9.09141029312094,-20.8068422829329
11949,11447,0,-7.33432900712537,8.52531991416177,-19.2474617848093
11949,11947,0,-7.10219397231096,7.98313967806447,-17.8160942215863
11949,12447,0,-6.86726180280835,7.46633020871659,-16.502860093865
11949,12947,0,-6.63130257373271,6.97575753011027,-15.2983391125784
11949,13447,0,-6.39584964686569,6.51179069674288,-14.1936306035403
11949,13947,0,-6.16222581010781,6.07438897986776,-13.1803881761754
11949,14447,0,-5.93156248940025,5.66318016392481,-12.2508345079379
11949,14947,0,-5.70481555140037,5.27753038255081,-11.3977608960973
11949,15447,0,-5.48277970460864,4.91660556819342,-10.6145153784647
11949,15947,0,-5.26610247707416,4.57942462370867,-9.89498255514698
11949,16447,0,-5.05529811246822,4.26490460831846,-9.23355767590494
11949,16947,0,-4.85076137570193,3.9718984313133,-8.62511706180187
11949,17447,0,-4.65278109765775,3.69922570421677,-8.06498649574773
11949,17947,0,-4.46155324189485,3.44569749686567,-7.54890884256226
11949,18447,0,-4.27719329176238,3.21013577826722,-7.07301184311191
11949,18947,0,-4.09974780076356,2.99138831127277,-6.63377676639963
11949,19447,0,-3.92920500185913,2.78833972537385,-6.22800839310722
11949,19947,0,-3.76550442164773,2.59991942714524,-5.85280663807988
12449,-20053,0,-2.57348848184127,-3.54516555098443,-6.0369991118535
12449,-19553,0,-2.67007191834658,-3.75783585620666,-6.4244429832625
12449,-19053,0,-2.77016794507048,-3.98529717512329,-6.84401452205192
12449,-18553,0,-2.87375150623533,-4.22866718065534,-7.29893915047665
12449,-18053,0,-2.98074289713374,-4.48914220493192,-7.79281432422581
12449,-17553,0,-3.090989575405,-4.76799695740871,-8.32965525243011
12449,-17053,0,-3.20424279342303,-5.06658100149845,-8.91394551487176
12449,-16553,0,-3.32012778308901,-5.38631039017131,-9.55069253948237
12449,-16053,0,-3.43810601788049,-5.72865224168297,-10.2454875521312
12449,-15553,0,-3.55742789992933,-6.09509921635705,-11.0045690599907
12449,-15053,0,-3.67707412412255,-6.48712978905194,-11.8348880936753
12449,-14553,0,-3.79568404179222,-6.9061488579741,-12.7441721959933
12449,-14053,0,-3.91146971644688,-7.35340156594146,-13.7409833554787
12449,-13553,0,-4.02211523208256,-7.8298512565139,-14.8347625509108
12449,-13053,0,-4.12466246517637,-8.33601035545566,-16.0358500756787
12449,-12553,0,-4.21538734802402,-8.8717109316306,-17.3554661126447
12449,-12053,0,-4.28967511146452,-9.43580029541944,-18.8056299371874
12449,-11553,0,-4.34190962056013,-10.0257472050583,-20.3989885944538
12449,-11053,0,-4.36540112963783,-10.6371476427765,-22.1485172309205
12449,-10553,0,-4.35238860267711,-11.2631280257089,-24.0670444368553
12449,-10053,0,-4.29416623983606,-11.8936612320874,-26.1665491014751
12449,-9553,0,-4.18139629132558,-12.5148404055869,-28.4571742656921
12449,-9053,0,-4.00467603796223,-13.1081996902156,-30.945914409982
12449,-8553,0,-3.755416709649,-13.6502288022389,-33.6349638868934
12449,-8053,0,-3.42705370155688,-14.1122907055368,-36.5197748268244
12449,-7553,0,-3.01652902361826,-14.4611966610815,-39.5869682096984
12449,-7053,0,-2.5258665356485,-14.6606833042519,-42.812365765429
12449,-6553,0,-1.96351978970892,-14.6739270192925,-46.1595353455743
12449,-6053,0,-1.34506755005565,-14.4669932816364,-49.5793140264143
12449,-5553,0,-0.692846692420323,-14.0127808524312,-53.0107214078713
12449,-5053,0,-0.0343145581122104,-13.294697760655,-56.383451174216
12449,-4553,0,0.600691192746151,-12.3091770427603,-59.6217551819759
12449,-4053,0,1.18321512008939,-11.0663482195125,-62.6491336035026
12449,-3553,0,1.68815191748569,-9.58870612485434,-65.3929965864674
12449,-3053,0,2.09618988763702,-7.90824457160998,-67.788498649018
12449,-2553,0,2.39438158004815,-6.06295357583675,-69.7810569445399
12449,-2053,0,2.575475816662,-4.09363477149073,-71.3275015253414
12449,-1553,0,2.63650957281562,-2.04170173359705,-72.3961825168926
12449,-1053,0,2.57728899715401,0.0518191738572888,-72.9665534787062
12449,-553,0,2.39930282600146,2.14629478663302,-73.0287423178097
12449,-53,0,2.10539481505433,4.2009894934444,-72.5834616039744
12449,447,0,1.70025785792804,6.17467729424537,-71.6423691030149
12449,947,0,1.19155216518928,8.02593174786966,-70.2287277791601
12449,1447,0,0.591226906233829,9.71447650791536,-68.3779856419751
12449,1947,0,-0.0835150592726326,11.2036527954183,-66.1377583012885
12449,2447,0,-0.810159003245376,12.4636419144695,-63.5667152216855
12449,2947,0,-1.56205967026309,13.4746919247667,-60.7320856588692
12449,3447,0,-2.31079433547077,14.2294173587703,-57.7058822530665
12449,3947,0,-3.02917620100707,14.733411649328,-54.5603619932
12449,4447,0,-3.69414346826486,15.0039144686479,-51.3635225057076
12449,4947,0,-4.28878682432425,15.0668943948614,-48.1754317627279
12449,5447,0,-4.80311824451227,14.953348559701,-45.0459169703721
12449,5947,0,-5.23362718009248,14.6957070492319,-42.0137353931417
12449,6447,0,-5.58200200263647,14.3249943521737,-39.1069965356394
12449,6947,0,-5.85350794942735,13.8690236184094,-36.3444148089635
12449,7447,0,-6.05543539390855,13.3515682802187,-33.7369541740578
12449,7947,0,-6.19586331486952,12.7922665761165,-31.2895209238168
12449,8447,0,-6.28281636039598,12.2069681669862,-29.0024930870895
12449,8947,0,-6.32378009818524,11.6082772570639,-26.8729923857205
12449,9447,0,-6.32548583177945,11.0061267974733,-24.8958851203612
12449,9947,0,-6.29386843534806,10.4082949321867,-23.0645416207399
12449,10447,0,-6.23411724861657,9.82083069453457,-21.3713998268642
12449,10947,0,-6.15076461004142,9.24838886956391,-19.8083785228738
12449,11447,0,-6.04777935169937,8.69448887205847,-18.3671785542172
12449,11947,0,-5.92864953583357,8.1617161121281,-17.039501454149
12449,12447,0,-5.79644944536902,7.65188223312233,-15.8172069429656
12449,12947,0,-5.65389156612016,7.16615653484957,-14.6924246254574
12449,13447,0,-5.50336664912163,6.70517686217618,-13.6576308659897
12449,13947,0,-5.34697534720415,6.26914507944143,-12.7056988830904
12449,14447,0,-5.18655440247247,5.85791011721348,-11.8299281460191
12449,14947,0,-5.02369954716961,5.47104030880474,-11.0240578224293
12449,15447,0,-4.85978649711725,5.10788607709208,-10.2822680745274
12449,15947,0,-4.6959907984091,4.76763375379031,-9.5991722786423
12449,16447,0,-4.53330686055325,4.44935123691941,-8.96980266353592
12449,16947,0,-4.37256624795901,4.15202620226742,-8.38959138022962
12449,17447,0,-4.21445516543202,3.87459761505558,-7.85434860792676
12449,17947,0,-4.05953102101021,3.61598130605588,-7.36023895465426
12449,18447,0,-3.90823794814806,3.37509037075684,-6.90375712075477
12449,18947,0,-3.76092119440679,3.15085112042274,-6.48170355242506
12449,19447,0,-3.61784031987811,2.9422152653844,-6.0911606159989
12449,19947,0,-3.47918118562356,2.74816894963799,-5.72946966592197
12949,-20053,0,-2.31054044645906,-3.62926358575387,-5.90250856694559
12949,-19553,0,-2.38478225861073,-3.84433508456128,-6.27572417236769
12949,-19053,0,-2.46022468511328,-4.07405867251255,-6.6792747037526
12949,-18553,0,-2.53656067483299,-4.3194866142197,-7.11611998587964
12949,-18053,0,-2.61339140684806,-4.58173159722649,-7.58954611298337
12949,-17553,0,-2.69020392985892,-4.86196175842283,-8.10320222652312
12949,-17053,0,-2.7663436676534,-5.16139141529194,-8.66114031443499
12949,-16553,0,-2.84098081794176,-5.4812657562089,-9.26785761746424
12949,-16053,0,-2.91306961431281,-5.82283716029288,-9.9283408269698
12949,-15553,0,-2.98129944349067,-6.18733007767565,-10.6481106709373
12949,-15053,0,-3.04403697378658,-6.57589048685071,-11.4332646426516
12949,-14553,0,-3.09925884614404,-6.98951485269589,-12.2905144430137
12949,-14053,0,-3.14447523518505,-7.42895226386143,-13.227213078032
12949,-13553,0,-3.17664587949431,-7.89457211614187,-14.2513643590372
12949,-13053,0,-3.19209223352154,-8.3861885113524,-15.3716046762983
12949,-12553,0,-3.18641247472792,-8.90283179744272,-16.5971432686447
12949,-12053,0,-3.15441048214618,-9.4424579546506,-17.9376427910796
12949,-11553,0,-3.09005578374358,-10.0015887213095,-19.4030169729697
12949,-11053,0,-2.9864988093184,-10.5748807259854,-21.0031170817247
12949,-10553,0,-2.83617403329795,-11.1546321045053,-22.7472748365299
12949,-10053,0,-2.63103128280846,-11.7302519712318,-24.6436682443664
12949,-9553,0,-2.36293974836017,-12.2877431421833,-26.6984814974449
12949,-9053,0,-2.02430538319235,-12.809281600228,-28.9148445888788
12949,-8553,0,-1.60892403443117,-13.2730138688241,-31.2915672272629
12949,-8053,0,-1.11305311346682,-13.6532264887688,-33.8217285065001
12949,-7553,0,-0.536620348556697,-13.9210534873639,-36.4912481726561
12949,-7053,0,0.115595357105693,-14.0458552982075,-39.2776386107123
12949,-6553,0,0.833057821964749,-13.9973047281843,-42.149198404956
12949,-6053,0,1.59913124149626,-13.7480478514534,-45.0649268745079
12949,-5553,0,2.39154796626034,-13.2766009875032,-47.9753810900951
12949,-5053,0,3.18377912780284,-12.569972512509,-50.8245471681502
12949,-4553,0,3.94715992217348,-11.6254543940998,-53.5525798667492
12949,-4053,0,4.65337760018857,-10.4511755453853,-56.0990469781499
12949,-3553,0,5.2767963212949,-9.06532384832502,-58.4061858837884
12949,-3053,0,5.79614394925502,-7.49430835584357,-60.4216995446428
12949,-2553,0,6.19530645104062,-5.77039477182501,-62.100782923184
12949,-2053,0,6.46326714841387,-3.92940528063932,-63.4073086709679
12949,-1553,0,6.59346965225762,-2.00892991039677,-64.3143190456642
12949,-1053,0,6.58299676017008,-0.0472354932778942,-64.804099163776
12949,-553,0,6.43193178862833,1.91721285429537,-64.868121560428
12949,-53,0,6.14314025079793,3.84590430595274,-64.5070707467429
12949,447,0,5.72252929611101,5.70048937389489,-63.7310163233093
12949,947,0,5.17965500566558,7.44339939714243,-62.5596458792356
12949,1447,0,4.52839230024452,9.03910389812845,-61.0223352464293
12949,1947,0,3.78729857895918,10.4560092856482,-59.1577635667331
12949,2447,0,2.97932918524674,11.6687384728799,-57.0128077947707
12949,2947,0,2.130719076803,12.6603071029245,-54.6405880906544
12949,3447,0,1.26910090192109,13.4236261920722,-52.0977545354117
12949,3947,0,0.421196541124479,13.9618772020356,-49.4413349266814
12949,4447,0,-0.389418443450013,14.2876014207625,-46.7256117536998
12949,4947,0,-1.14399741148979,14.4207046991449,-43.9994999799251
12949,5447,0,-1.82946099445325,14.3858495193599,-41.3047575724249
12949,5947,0,-2.43836289576183,14.2097896709905,-38.6751431321522
12949,6447,0,-2.96817607637924,13.9191003088775,-36.1364280603024
12949,6947,0,-3.42020008489226,13.5385501674923,-33.7070387750024
12949,7447,0,-3.79838116841796,13.0901538806461,-31.3990650235058
12949,7947,0,-4.10825421437476,12.5927975309753,-29.2194022526973
12949,8447,0,-4.35611297775647,12.0622674050957,-27.1708630835469
12949,8947,0,-4.54842999039516,11.5115132303306,-25.253163750362
12949,9447,0,-4.69149491921411,10.951013463637,-23.4637478587995
12949,9947,0,-4.79121805101777,10.3891560130609,-21.7984465032905
12949,10447,0,-4.85304452798018,9.83258777213646,-20.2519929240545
12949,10947,0,-4.88193472243566,9.28651463707152,-18.8184167248872
12949,11447,0,-4.88237911183939,8.75495036718478,-17.4913424280788
12949,11947,0,-4.85842784626676,8.24092053368567,-16.2642136948586
12949,12447,0,-4.81372413461859,7.74663014242904,-15.130460258632
12949,12947,0,-4.75153644347946,7.27360297747537,-14.0836206841537
12949,13447,0,-4.67478787606194,6.82279906752524,-13.1174308997641
12949,13947,0,-4.58608274427722,6.39471491293283,-12.2258860738226
12949,14447,0,-4.48773094641076,5.98946966158828,-11.4032816793165
12949,14947,0,-4.38177081686122,5.60687939708808,-10.6442383389305
12949,15447,0,-4.26999094202299,5.24652105555602,-9.9437141175901
12949,15947,0,-4.15395121526232,4.90778711786812,-9.29700722212267
12949,16447,0,-4.03500321704239,4.58993203197709,-8.69975150696017
12949,16947,0,-3.91430988009648,4.29211122639912,-8.14790672676931
12949,17447,0,-3.79286433293146,4.01341352783947,-7.63774509604818
12949,17947,0,-3.67150779419993,3.75288776169327,-7.16583539641176
12949,18447,0,-3.55094640044197,3.50956427768863,-6.72902560498981
12949,18947,0,-3.43176687677919,3.28247209844783,-6.32442479524096
12949,19447,0,-3.31445099423078,3.07065233569651,-5.94938487850343
12949,19947,0,-3.19938879177757,2.87316845944692,-5.60148260598506
13449,-20053,0,-2.05470959977401,-3.69268945074722,-5.76362280842694
13449,-19553,0,-2.10793926521941,-3.90809143956531,-6.12228473348784
13449,-19053,0,-2.16030481904873,-4.13776462556817,-6.50946868461445
13449,-18553,0,-2.2112676232108,-4.3826658631359,-6.92787040959413
13449,-18053,0,-2.26017122219754,-4.64379122204911,-7.38046771390818
13449,-17553,0,-2.30621726793574,-4.9221665015046,-7.87054901783516
13449,-17053,0,-2.34843684548266,-5.21883266740974,-8.40174335351652
13449,-16553,0,-2.38565658091369,-5.53482444380717,-8.97805112200396
13449,-16053,0,-2.41645898610336,-5.87113977915489,-9.60387451767056
13449,-15553,0,-2.43913667984064,-6.22869729310388,-10.2840459521081
13449,-15053,0,-2.45164048141706,-6.60827809283679,-11.023852022237
13449,-14553,0,-2.45152198371446,-7.01044755512273,-11.8290495092943
13449,-14053,0,-2.43587218525365,-7.43545186209274,-12.7058685030842
13449,-13553,0,-2.40125922759754,-7.88308337624616,-13.660995959665
13449,-13053,0,-2.34367039536935,-8.35250855355669,-14.7015307805238
13449,-12553,0,-2.25846643591008,-8.84205236223273,-15.8348988585697
13449,-12053,0,-2.14036003559983,-9.34893460821916,-17.0687135813846
13449,-11553,0,-1.98343490307029,-9.86895687845215,-18.4105643004797
13449,-11053,0,-1.78122702965571,-10.3961449051435,-19.867712826987
13449,-10553,0,-1.52689452226491,-10.9223610330484,-21.4466770570827
13449,-10053,0,-1.21350541501902,-11.4369159775103,-23.1526828264405
13449,-9553,0,-0.834471628003513,-11.9262283511677,-24.9889720353484
13449,-9053,0,-0.384148406484745,-12.3736031443738,-26.9559693093311
13449,-8553,0,0.141401608686128,-12.7592224800985,-29.0503330545245
13449,-8053,0,0.74351483059528,-13.0604559402825,-31.2639504129331
13449,-7553,0,1.41998658390414,-13.2525923757185,-33.5829768355497
13449,-7053,0,2.16422111850397,-13.3100578019781,-35.9870622234833
13449,-6553,0,2.96465229653359,-13.2081064588296,-38.4489333749658
13449,-6053,0,3.80462557799207,-12.9248588621714,-40.9344994541667
13449,-5553,0,4.66288563624267,-12.4434364941456,-43.4035984389528
13449,-5053,0,5.51470368103206,-11.7538520731013,-45.8114052807735
13449,-4553,0,6.33352550443457,-10.8543061032011,-48.1103946209435
13449,-4053,0,7.09287608760983,-9.75164127289201,-50.2526301800014
13449,-3553,0,7.76818006630955,-8.46089715564626,-52.1920836005952
13449,-3053,0,8.33818775733664,-7.00412359972183,-53.8866964331416
13449,-2553,0,8.78582552441268,-5.40877071429984,-55.2999870627279
13449,-2053,0,9.09846508184059,-3.70602013312412,-56.4021353626429
13449,-1553,0,9.26776159203251,-1.92935075344729,-57.1706036313647
13449,-1053,0,9.28929523154699,-0.113482728949129,-57.5904332405764
13449,-553,0,9.16224944287971,1.70632410194741,-57.6543746468795
13449,-53,0,8.8892855039967,3.4947744076234,-57.3629687124374
13449,447,0,8.47665715729911,5.21706776859118,-56.7246192408155
13449,947,0,7.93448432026557,6.83966654685527,-55.755606472661
13449,1447,0,7.27700358207656,8.33142516749493,-54.4799164830378
13449,1947,0,6.52256481403929,9.66506180456793,-52.9287271140014
13449,2447,0,5.69316997578659,10.8187918045977,-51.1394149112216
13449,2947,0,4.81345625518508,11.7778143285086,-49.1540319186846
13449,3447,0,3.90918602612119,12.5353033756612,-47.0173265846407
13449,3947,0,3.00546667412517,13.0926309295502,-44.7745093801294
13449,4447,0,2.12502053074568,13.4587260636769,-42.4690443715017
13449,4947,0,1.28681801672869,13.6486857852751,-40.1407514357449
13449,5447,0,0.505281018490379,13.6819206250028,-37.8244301441467
13449,5947,0,-0.209893000300064,13.5801844113758,-35.5490965108335
13449,6447,0,-0.853379484590131,13.3657967580748,-33.3378021755005
13449,6947,0,-1.42352722160143,13.0602556804142,-31.2079181161309
13449,7447,0,-1.92150704594244,12.6833098637439,-29.1717264263168
13449,7947,0,-2.35047010715129,12.2524577224884,-27.2371683943469
13449,8447,0,-2.71481835279813,11.7827820371122,-25.4086284153828
13449,8947,0,-3.0196322324848,11.2870120993517,-23.687673589232
13449,9447,0,-3.27025778046431,10.7757163919453,-22.0737057798408
13449,9947,0,-3.4720306366379,10.2575528275123,-20.5645105162329
13449,10447,0,-3.63010523735477,9.73952923761722,-19.156704494117
13449,10947,0,-3.74935801541932,9.227248027525,-17.8460924146416
13449,11447,0,-3.83433897682373,8.72512372260601,-16.6279471421653
13449,11947,0,-3.8892529103891,8.23657101551105,-15.4972271026297
13449,12447,0,-3.91795773929187,7.76416538340224,-14.4487432385952
13449,12947,0,-3.92397233717219,7.30977999184581,-13.4772857643783
13449,13447,0,-3.91048942715995,6.87470272683275,-12.5777189791749
13449,13947,0,-3.88039122292975,6.4597366649862,-11.7450507158496
13449,14447,0,-3.8362666154095,6.06528660052347,-10.9744816649418
13449,14947,0,-3.78042928291119,5.69143363108327,-10.2614387737402
13449,15447,0,-3.71493635257321,5.33799934073199,-9.60159611379237
13449,15947,0,-3.64160732999997,5.00460080429431,-8.99088597591128
13449,16447,0,-3.56204303845043,4.69069743829069,-8.42550244292528
13449,16947,0,-3.4776443182366,4.39563060119701,-7.90189927397447
13449,17447,0,-3.38963025252071,4.11865676635255,-7.4167835884773
13449,17947,0,-3.29905571247138,3.85897503231839,-6.96710654858311
13449,18447,0,-3.20682805089778,3.61574968368842,-6.55005199645609
13449,18947,0,-3.11372281459778,3.38812846381912,-6.16302380020343
13449,19447,0,-3.02039838727212,3.17525716671788,-5.80363249417612
13449,19947,0,-2.92740951369702,2.97629109897004,-5.4696816611332
13949,-20053,0,-1.80728641487113,-3.73672410306694,-5.62116833272249
13949,-19553,0,-1.84095248391819,-3.9506156366701,-5.96507590934421
13949,-19053,0,-1.87194422772886,-4.17820058433977,-6.33569456973576
13949,-18553,0,-1.8995400745149,-4.42031988824159,-6.73546191844985
13949,-18053,0,-1.92288441706275,-4.6778315379503,-7.16705587978443
13949,-17553,0,-1.94096375306641,-4.95159712594696,-7.63341593188782
13949,-17053,0,-1.95257906203481,-5.24246285247334,-8.13776451172993
13949,-16553,0,-1.95631415451576,-5.55123329212261,-8.68362774821009
13949,-16053,0,-1.95049990290455,-5.87863582067731,-9.27485428611439
13949,-15553,0,-1.93317456106905,-6.22527313079755,-9.91563043585831
13949,-15053,0,-1.90204085490144,-6.59156075888812,-10.610489190256
13949,-14553,0,-1.85442124346056,-6.97764604698204,-11.3643097554983
13949,-14053,0,-1.78721378920535,-7.38330455182048,-12.1823031188124
13949,-13553,0,-1.69685252049954,-7.80780972069131,-13.0699778024122
13949,-13053,0,-1.57927809751725,-8.24977188460826,-14.0330783449866
13949,-12553,0,-1.4299270459173,-8.70694357236546,-15.0774872753619
13949,-12053,0,-1.24375076134623,-9.17599022954292,-16.2090795578279
13949,-11553,0,-1.01527871740273,-9.65222914286426,-17.4335169960035
13949,-11053,0,-0.738743380308611,-10.1293452837331,-18.7559693821478
13949,-10553,0,-0.408286421672099,-10.5991013845318,-20.1807500234972
13949,-10053,0,-0.0182656242022363,-11.0510710203723,-21.7108566874982
13949,-9553,0,0.436322402603787,-11.4724372526588,-23.3474162054643
13949,-9053,0,0.959299038027824,-11.8479137328178,-25.089043149321
13949,-8553,0,1.55265381088795,-12.159856540642,-26.931140835667
13949,-8053,0,2.21582871156977,-12.3886379425731,-28.8651958494042
13949,-7553,0,2.94501064276535,-12.5133408364417,-30.8781425877688
13949,-7053,0,3.73253874737594,-12.5127986809259,-32.9518964117048
13949,-6553,0,4.56655441652832,-12.3669482099468,-35.0631645786625
13949,-6053,0,5.43101743342215,-12.058387749665,-37.1836340857138
13949,-5553,0,6.30617123083695,-11.5739600991322,-39.2805986355407
13949,-5053,0,7.16946345242231,-10.9061318628249,-41.3180244843575
13949,-4553,0,7.99683078687988,-10.0539461453295,-43.2579789028065
13949,-4053,0,8.76416955506016,-9.02339350536513,-45.0622763718003
13949,-3553,0,9.44876894478171,-7.82716334153604,-46.6941591274606
13949,-3053,0,10.0305020074071,-6.48386786591329,-48.1198343634659
13949,-2553,0,10.4926457439094,-5.01692908354129,-49.3097384413424
13949,-2053,0,10.8223076906045,-3.45335388572817,-50.2394713636901
13949,-1553,0,11.0105344660819,-1.8225876702968,-50.8904173492837
13949,-1053,0,11.0522368999097,-0.155552477970371,-51.2501173656792
13949,-553,0,10.946073265501,1.51612512665972,-51.3124751658282
13949,-53,0,10.6943915874176,3.16077525500208,-51.0778603078225
13949,447,0,10.3032611599847,4.74735778848792,-50.5531300674577
13949,947,0,9.78254499453822,6.2462636345079,-49.7515427696981
13949,1447,0,9.14590218362087,7.63030564063296,-48.6924950298032
13949,1947,0,8.41058232490881,8.87587216273412,-47.4009998156877
13949,2447,0,7.59689581179663,9.96411967505755,-45.9068403779007
13949,2947,0,6.72731330468191,10.8820086215597,-44.2433864216929
13949,3447,0,5.82524710362624,11.6229686982751,-42.4461309132565
13949,3947,0,4.91366388010091,12.1870297262914,-40.5510763450993
13949,4447,0,4.01373669593871,12.580360461999,-38.5931437570321
13949,4947,0,3.14374207359871,12.8142847343781,-36.6047802305534
13949,5447,0,2.31834723926836,12.903948348346,-34.6149005521853
13949,5947,0,1.54833870840625,12.866859148993,-32.6482313085475
13949,6447,0,0.840750794932367,12.7215092315957,-30.7250535155001
13949,6947,0,0.199289062534801,12.4862289984062,-28.8612830371321
13949,7447,0,-0.375079909224639,12.1783457099823,-27.0687969487873
13949,7947,0,-0.883490170707794,11.8136499545361,-25.355908453358
13949,8447,0,-1.32857601572452,11.4061266853999,-23.727905739571
13949,8947,0,-1.71395959860716,10.9678858823273,-22.187591915074
13949,9447,0,-2.04384514732974,10.5092262717444,-20.7357860350363
13949,9947,0,-2.32271666313034,10.038775797255,-19.3717645339919
13949,10447,0,-2.55512421217221,9.56366732893618,-18.0936362385133
13949,10947,0,-2.745539818254,9.08972249751922,-16.8986527575791
13949,11447,0,-2.89826468455826,8.62162808166505,-15.7834605433976
13949,11947,0,-3.01737252513147,8.16309743713056,-14.7443026286379
13949,12447,0,-3.10667746934594,7.71701443578488,-13.7771781300922
13949,12947,0,-3.16971836649945,7.28556007465566,-12.8779668893135
13949,13447,0,-3.20975397634634,6.87032312379152,-12.04252561149
13949,13947,0,-3.22976543642033,6.47239654551303,-11.2667608395431
13949,14447,0,-3.23246366537771,6.09246137087128,-10.5466831834644
13949,14947,0,-3.22030015872456,5.73085952029379,-9.87844644982041
13949,15447,0,-3.19548011498437,5.38765683682107,-9.25837467710782
13949,15947,0,-3.15997711766782,5.06269741576344,-8.68297955802122
13949,16447,0,-3.11554877498513,4.75565017606117,-8.14897029705329
13949,16947,0,-3.06375283704154,4.46604851874747,-7.65325759167026
13949,17447,0,-3.00596339895495,4.19332384462314,-7.19295312327259
13949,17947,0,-2.94338687241322,3.93683364483185,-6.76536568938674
13949,18447,0,-2.87707747423217,3.6958848263732,-6.36799489359064
13949,18947,0,-2.80795204015177,3.46975288474676,-5.99852312866532
13949,19447,0,-2.73680402553774,3.25769748580433,-5.65480643672979
13949,19947,0,-2.66431660143385,3.0589749678334,-5.33486470402136
14449,-20053,0,-1.56934606199603,-3.76274530147609,-5.47594670956175
14449,-19553,0,-1.58497654400692,-3.97351938663815,-5.8050159554242
14449,-19053,0,-1.5963765068228,-4.1972552982806,-6.15900689858826
14449,-18553,0,-1.6026868678439,-4.43466591591282,-6.54010853462224
14449,-18053,0,-1.60290666286333,-4.68645959629844,-6.9507115678918
14449,-17553,0,-1.59587081505652,-4.95332354580208,-7.39342330852829
14449,-17053,0,-1.58022511899597,-5.23590146732822,-7.87108177479487
14449,-16553,0,-1.5543984910945,-5.53476395412078,-8.38676808219731
14449,-16053,0,-1.51657277707751,-5.85036979356922,-8.94381584430186
14449,-15553,0,-1.4646507683879,-6.18301602006656,-9.54581585067135
14449,-15053,0,-1.39622360383022,-6.53277424779395,-10.1966137064303
14449,-14553,0,-1.30853946654973,-6.89941057397597,-10.9002973998211
14449,-14053,0,-1.19847647828107,-7.28228625470804,-11.6611709019236
14449,-13553,0,-1.06252398422877,-7.68023654373844,-12.4837089070518
14449,-13053,0,-0.896778031635992,-8.09142572751023,-13.3724867345289
14449,-12553,0,-0.696958743208272,-8.5131777231834,-14.3320783243182
14449,-12053,0,-0.458459355240236,-8.94178392241659,-15.3669143362244
14449,-11553,0,-0.176438672092699,-9.37229358270832,-16.4810918744917
14449,-11053,0,0.154029874830692,-9.79829727919832,-17.6781277049523
14449,-10553,0,0.537739198738298,-10.2117208696299,-18.9606485492179
14449,-10053,0,0.979048264948227,-10.6026558914157,-20.3300157829853
14449,-9553,0,1.48149474145549,-10.9592615027745,-21.7858883066595
14449,-9053,0,2.04732487866587,-11.267781326557,-23.3257369899165
14449,-8553,0,2.67696019458491,-11.5127231277368,-24.9443369065293
14449,-8053,0,3.36844046136433,-11.6772464980463,-26.6332786261285
14449,-7553,0,4.11690443665005,-11.743789750547,-28.3805548232525
14449,-7053,0,4.91418862333977,-11.6949393938423,-30.1702896038473
14449,-6553,0,5.74863277278356,-11.5145045298794,-31.982680372437
14449,-6053,0,6.6051712422386,-11.1887102618738,-33.7942111396171
14449,-5553,0,7.46575706940111,-10.7073804633902,-35.5781695887011
14449,-5053,0,8.31011293614775,-10.0649562190579,-37.3054601594394
14449,-4553,0,9.1167411104161,-9.26120494114171,-38.9456595209709
14449,-4053,0,9.86407090696238,-8.30152065510699,-40.4682208334176
14449,-3553,0,10.5315955646954,-7.19678896194673,-41.8437110209357
14449,-3053,0,11.1008612040986,-5.96286975809738,-43.0449679652236
14449,-2553,0,11.5562157797711,-4.61981217305837,-44.0480909318432
14449,-2053,0,11.8852900546709,-3.19094118292562,-44.8332184979565
14449,-1553,0,12.0792439903795,-1.70193952402463,-45.3850903277133
14449,-1053,0,12.1328517993386,-0.180001680970035,-45.6934198922238
14449,-553,0,12.0445076266789,1.34692239020036,-45.7531173492555
14449,-53,0,11.8162126099962,2.85082733040202,-45.5643947178099
14449,447,0,11.4535626917426,4.30435748856809,-45.1327645539891
14449,947,0,10.9657095926695,5.68157497859245,-44.4689176367831
14449,1447,0,10.3652303419476,6.95881546184997,-43.5884449318099
14449,1947,0,9.66782678165037,8.11560335329366,-42.5113631052262
14449,2447,0,8.89179271613902,9.13554175370778,-41.261415974875
14449,2947,0,8.05723109742905,10.0070524106066,-39.8651554506114
14449,3447,0,7.18506491150631,10.7238340556589,-38.3508471314645
14449,3947,0,6.29594379844261,11.2849402460583,-36.7472854096465
14449,4447,0,5.40918367763919,11.694442869282,-35.0826276974567
14449,4947,0,4.54187620668408,11.9607248622434,-33.3833587743122
14449,5447,0,3.70826948531121,12.0955110687877,-31.673473789754
14449,5947,0,2.91946430233761,12.112780884537,-29.9739296270503
14449,6447,0,2.18341067545256,12.0277044985305,-28.3023709608535
14449,6947,0,1.50514420932887,11.8557132478763,-26.6731006521439
14449,7447,0,0.887179382491648,11.6117685835959,-25.0972409656571
14449,7947,0,0.329976609163917,11.3098485281115,-23.5830238353273
14449,8447,0,-0.167584964232587,10.962635602449,-22.1361521711547
14449,8947,0,-0.607775071823527,10.5813699023479,-20.7601851977327
14449,9447,0,-0.993644921029124,10.1758240436977,-19.4569143819345
14449,9947,0,-1.3287322617087,9.75435913192555,-18.2267092987014
14449,10447,0,-1.61683522131327,9.32402833805774,-17.0688230332581
14449,10947,0,-1.86184533101401,8.89070356862133,-15.9816539400433
14449,11447,0,-2.06762824324749,8.45920890535293,-14.9629650737996
14449,11947,0,-2.23794113031925,8.03345096304565,-14.0100650148783
14449,12447,0,-2.37637741068851,7.61654088932379,-13.1199548054557
14449,12947,0,-2.48633143504794,7.21090566767674,-12.2894458583291
14449,13447,0,-2.5709776098733,6.81838810122043,-11.5152533978568
14449,13947,0,-2.63325994317398,6.44033575592398,-10.7940694993232
14449,14447,0,-2.67588913149925,6.07767955187264,-10.1226192534265
14449,14947,0,-2.70134511590218,5.73100283380757,-9.49770306815868
14449,15447,0,-2.71188359278949,5.40060176702126,-8.9162276598203
14449,15947,0,-2.70954534650759,5.08653786876103,-8.37522788416626
14449,16447,0,-2.69616753374469,4.78868343590643,-7.87188121420551
14449,16947,0,-2.67339623790794,4.5067605814285,-7.40351637597445
14449,17447,0,-2.64269975287665,4.24037454823256,-6.96761740073357
14449,17947,0,-2.60538216698468,3.98904192837772,-6.56182413545156
14449,18447,0,-2.56259690978935,3.75221437602112,-6.1839300682347
14449,18947,0,-2.51536000125983,3.52929836237159,-5.83187816748797
14449,19447,0,-2.46456280849212,3.3196714793908,-5.50375529977663
14449,19947,0,-2.41098417029265,3.12269575647264,-5.19778567857303
14949,-20053,0,-1.3417528916306,-3.77219276472187,-5.32872527781471
14949,-19553,0,-1.34091898675525,-3.97847402478662,-5.64297928958771
14949,-19053,0,-1.3345454610466,-4.19687164488431,-5.98040403276383
14949,-18553,0,-1.32167688963635,-4.42796534490485,-6.3429522192221
14949,-18053,0,-1.30121495831745,-4.67231047332669,-6.73274319512847
14949,-17553,0,-1.271898804858,-4.93041906695057,-7.15207250377631
14949,-17053,0,-1.23228357411611,-5.202735272129,-7.60341996468349
14949,-16553,0,-1.18071749373425,-5.48960380977687,-8.08945534267564
14949,-16053,0,-1.11531804913072,-5.79122995825042,-8.61304037326359
14949,-15553,0,-1.03394821809013,-6.10762933736262,-9.17722552860261
14949,-15053,0,-0.934194244429799,-6.4385656376603,-9.78523944363432
14949,-14553,0,-0.81334711478144,-6.78347440542566,-10.440468372319
14949,-14053,0,-0.668390775316343,-7.14137114312995,-11.1464224174974
14949,-13553,0,-0.496001193678754,-7.51074242499221,-11.9066846003204
14949,-13053,0,-0.292561614268545,-7.88941959820772,-12.724838160427
14949,-12553,0,-0.0542006998119062,-8.27443611301515,-13.6043668997168
14949,-12053,0,0.223138451378587,-8.66187178706409,-14.5485230500351
14949,-11553,0,0.54358943684296,-9.04669053353614,-15.5601572750031
14949,-11053,0,0.911204579725079,-9.42258236645322,-16.6415063012999
14949,-10553,0,1.32973959829772,-9.78182576991902,-17.7939356716239
14949,-10053,0,1.80237559342466,-10.1151924125706,-19.0176386032295
14949,-9553,0,2.33137861301828,-10.4119218921826,-20.3112972431044
14949,-9053,0,2.91770578568256,-10.6597983342012,-21.6717198470555
14949,-8553,0,3.56057888246614,-10.8453613037965,-23.0934762794997
14949,-8053,0,4.257060203138,-10.9542783553034,-24.5685638061437
14949,-7553,0,5.00167961511761,-10.9718936197394,-26.0861437219263
14949,-7053,0,5.78617173776003,-10.8839453094427,-27.6323944779583
14949,-6553,0,6.59938414099816,-10.6774164154516,-29.1905258780337
14949,-6053,0,7.42740695212861,-10.3414518404764,-30.7409893500214
14949,-5553,0,8.25394976692676,-9.86824932485927,-32.2619006261356
14949,-5053,0,9.06095580211857,-9.25381952084191,-33.7296653502937
14949,-4553,0,9.82940320726964,-8.49851915572859,-35.119769958971
14949,-4053,0,10.5402100676623,-7.60729161931999,-36.4076762842006
14949,-3553,0,11.1751431979796,-6.58959540264983,-37.5697450624617
14949,-3053,0,11.7176369834813,-5.4590503919675,-38.5841145305469
14949,-2553,0,12.1534554504553,-4.23287103385336,-39.4314748459222
14949,-2053,0,12.4711695776511,-2.93117333981132,-40.0957022732006
14949,-1553,0,12.6624601476448,-1.57623653399424,-40.5643416561167
14949,-1053,0,12.7222828711968,-0.19177487230467,-40.8289446715059
14949,-553,0,12.6489406777475,1.19775865145499,-40.8852803474134
14949,-53,0,12.4440978913563,2.56784524608725,-40.7334326128812
14949,447,0,12.1127480353778,3.89457529026064,-40.3777900044968
14949,947,0,11.6631202318063,5.15534906493726,-39.8269202087626
14949,1447,0,11.1064884589891,6.32960756447536,-39.0933127652735
14949,1947,0,10.456841466493,7.39956675489677,-38.1929719795909
14949,2447,0,9.73038301893821,8.35089655776436,-37.1448514466218
14949,2947,0,8.94486072010521,9.17326435814818,-35.9701406445429
14949,3447,0,8.11875938033221,9.8606613500663,-34.6914383324266
14949,3947,0,7.27043016252185,10.4114518790667,-33.3318700716352
14949,4447,0,6.41724794504938,10.8281265053428,-31.9142210666126
14949,4947,0,5.57488927477145,11.1167874645839,-30.4601561227352
14949,5447,0,4.75680205586214,11.2864367447186,-28.9895854661653
14949,5947,0,3.9739028421137,11.3481611704785,-27.5202122610264
14949,6447,0,3.23449910676262,11.3143113782669,-26.0672711837617
14949,6947,0,2.54440227447191,11.1977552701042,-24.6434437073359
14949,7447,0,1.90717866422877,11.0112591627936,-23.2589191572385
14949,7947,0,1.32448077765964,10.7670202199574,-21.9215626458368
14949,8447,0,0.796407603917574,10.4763487438359,-20.6371507210949
14949,8947,0,0.32185504650404,10.1494820288859,-19.4096406116121
14949,9447,0,-0.101168344586283,9.7955031090215,-18.2414466427608
14949,9947,0,-0.475272633454496,9.42233619671581,-17.1337055405543
14949,10447,0,-0.803467673167936,9.03679346811768,-16.0865195263238
14949,10947,0,-1.08899115355635,8.64465279449423,-15.0991716966052
14949,11447,0,-1.33517741462451,8.25075136859702,-14.1703120957442
14949,11947,0,-1.54535992393182,7.8590849352308,-13.2981153552865
14949,12447,0,-1.7228005820303,7.47290609182406,-12.480412144485
14949,12947,0,-1.87063990708456,7.09481783463928,-11.7147972963401
14949,13447,0,-1.99186323123604,6.72686034290988,-10.9987176261147
14949,13947,0,-2.0892790751847,6.37059013438664,-10.3295423483979
14949,14447,0,-2.16550674518932,6.02715140083093,-9.70461875813212
14949,14947,0,-2.22297089167953,5.69733970887428,-9.12131555079464
14949,15447,0,-2.26390129675478,5.38165844933377,-8.57705586086504
14949,15947,0,-2.29033655134027,5.08036851464769,-8.06934181756307
14949,16447,0,-2.30413057522337,4.7935317256159,-7.59577216120788
14949,16947,0,-2.30696115361681,4.52104854098955,-7.15405423519189
14949,17447,0,-2.30033983358271,4.2626905798318,-6.74201146654285
14949,17947,0,-2.28562265810877,4.01812847326386,-6.3575872709546
14949,18447,0,-2.26402132453213,3.78695554218552,-5.99884616372086
14949,18947,0,-2.23661444386499,3.5687077724463,-5.66397272416948
14949,19447,0,-2.20435865235037,3.36288052988785,-5.35126894601081
14949,19947,0,-2.16809938893568,3.1689424256252,-5.05915040756623
15449,-20053,0,-1.12516965986073,-3.76653650668803,-5.18022960078595
15449,-19553,0,-1.10945355450214,-3.96717348339621,-5.47978790123742
15449,-19053,0,-1.08712381480933,-4.17900344583771,-5.80081844793805
15449,-18553,0,-1.05716497151398,-4.40247357382939,-6.14505201921957
15449,-18053,0,-1.0184229965069,-4.63798928252913,-6.51435468951174
15449,-17553,0,-0.969588759236081,-4.88589383905435,-6.9107330245453
15449,-17053,0,-0.909180629985824,-5.14644263638036,-7.3363373423672
15449,-16553,0,-0.835526723636259,-5.41977104036661,-7.79346215552275
15449,-16053,0,-0.746747555112887,-5.7058546074787,-8.28454265554545
15449,-15553,0,-0.640740246347457,-6.00446039150042,-8.8121457963032
15449,-15053,0,-0.51516590041916,-6.31508805169771,-9.37895417730987
15449,-14553,0,-0.36744235388667,-6.63689959144866,-9.98774052784243
15449,-14053,0,-0.194745235954676,-6.96863686166285,-10.6413301639562
15449,-13553,0,0.00597891232834402,-7.30852654205898,-11.3425483651674
15449,-13053,0,0.237982818822149,-7.6541732681099,-12.0941492504719
15449,-12553,0,0.504666462195365,-8.00244301374067,-12.8987225086286
15449,-12053,0,0.80949667752555,-8.34934087443332,-13.7585743771512
15449,-11553,0,1.15589194135194,-8.68989008938992,-14.6755797302929
15449,-11053,0,1.5470663551086,-9.01802247532652,-15.6510032285434
15449,-10553,0,1.98582843407028,-9.32649424696182,-16.6852894201931
15449,-10053,0,2.47433344711476,-9.60684506786506,-17.7778246699337
15449,-9553,0,3.01379309822371,-9.84942140562224,-18.9266779347605
15449,-9053,0,3.60415342253249,-10.0434868240373,-20.1283326453291
15449,-8553,0,4.24376057296851,-10.177440440129,-21.3774279157963
15449,-8053,0,4.9290437172023,-10.2391590842062,-22.6665332329548
15449,-7553,0,5.65425277052666,-10.216467798463,-23.9859854709755
15449,-7053,0,6.41129368339874,-10.0977272327268,-25.3238190245258
15449,-6553,0,7.18970277900498,-9.87250681826337,-26.6658175177007
15449,-6053,0,7.9767921284223,-9.53229269089677,-27.995707882995
15449,-5553,0,8.75797980644271,-9.07116398354561,-29.295504631974
15449,-5053,0,9.51729430929844,-8.48636533288056,-30.5459953603643
15449,-4553,0,10.2380162978987,-7.77871068420728,-31.7273409110007
15449,-4053,0,10.9033995743866,-6.95277384924658,-32.8197489508992
15449,-3553,0,11.4974026952708,-6.0168507987027,-33.8041714774437
15449,-3053,0,12.0053659450935,-4.98271014127388,-34.6629768668985
15449,-2553,0,12.4145843992254,-3.8651735419649,-35.3805550929026
15449,-2053,0,12.7147513850692,-2.68158084131526,-35.9438279975759
15449,-1553,0,12.8982705728696,-1.45119334344684,-36.3426510047287
15449,-1053,0,12.9604524092497,-0.194575730619341,-36.5701045039518
15449,-553,0,12.8996175262372,1.06702169337595,-36.6226797097245
15449,-53,0,12.7171257160322,2.31227608033557,-36.5003645266386
15449,447,0,12.4173371529487,3.5204059962769,-36.2066312478327
15449,947,0,12.0074981788458,4.67179106195624,-35.7483226081198
15449,1447,0,11.497533203517,5.74859101491207,-35.1354291193947
15449,1947,0,10.8997220566093,6.73534041623062,-34.380751501561
15449,2447,0,10.228250786311,7.61947754116031,-33.4994487102816
15449,2947,0,9.49864220904977,8.39175506333488,-32.5084838859897
15449,3447,0,8.72709577944345,9.04648127594075,-31.4259948865351
15449,3947,0,7.92978770731393,9.5815554858806,-30.2706290596485
15449,4447,0,7.12219494742823,9.99828705842737,-29.0608897112716
15449,4947,0,6.3185065339367,10.3010178532547,-27.8145418310192
15449,5447,0,5.53117261933085,10.496594534687,-26.5481167717082
15449,5947,0,4.77061937615473,10.5937539411582,-25.2765417200856
15449,6447,0,4.04513280334378,10.6024883705931,-24.0129033523912
15449,6947,0,3.36089257085904,10.5334493295824,-22.7683396545358
15449,7447,0,2.72212246394797,10.3974320314029,-21.5520422193243
15449,7947,0,2.13131807247078,10.2049638275894,-20.3713446660364
15449,8447,0,1.58951398037517,9.96600225671702,-19.2318709996442
15449,8947,0,1.09655931434442,9.68973523461502,-18.1377196222809
15449,9447,0,0.651379310942639,9.38446798235361,-17.0916628444131
15449,9947,0,0.252209295172198,9.05757807925309,-16.0953467383056
15449,10447,0,-0.103205260764974,8.7155202857328,-15.1494810188376
15449,10947,0,-0.417443667585858,8.36386509982761,-14.254012742413
15449,11447,0,-0.6932777131441,8.00735820471805,-13.4082807611511
15449,11947,0,-0.933568199510877,7.64999121196878,-12.6111500780405
15449,12447,0,-1.14118582961517,7.29507694847511,-11.8611266686038
15449,12947,0,-1.31895206627264,6.94532479428233,-11.1564541569438
15449,13447,0,-1.46959605486359,6.60291325008545,-10.4951941393583
15449,13947,0,-1.59572429676978,6.26955808298232,-9.87529208419035
15449,14447,0,-1.69980035275988,5.94657518228462,-9.29463070959004
15449,14947,0,-1.784132380878,5.63493776287804,-8.75107262473145
15449,15447,0,-1.85086675093471,5.33532787169105,-8.24249386071982
15449,15947,0,-1.90198633015727,5.04818234817746,-7.76680974307024
15449,16447,0,-1.93931231391902,4.77373350740152,-7.32199438344728
15449,16947,0,-1.96450869660795,4.51204488295692,-6.90609490277165
15449,17447,0,-1.97908865418119,4.26304240427548,-6.5172413449151
15449,17947,0,-1.98442225234577,4.02654139963245,-6.15365310135464
15449,18447,0,-1.98174501083906,3.8022698186733,-5.81364254302006
15449,18947,0,-1.9721669505641,3.58988806082958,-5.49561644556411
15449,19447,0,-1.95668183039596,3.38900578108525,-5.19807569784858
15449,19947,0,-1.93617634714025,3.19919602455617,-4.9196136995317
15949,-20053,0,-0.920070432092787,-3.7472488970565,-5.0311376702747
15949,-19553,0,-0.891037560556246,-3.94130216762856,-5.31620496762122
15949,-19053,0,-0.854536358964336,-4.1455787021413,-5.62110981060556
15949,-18553,0,-0.809522472061081,-4.36039818555333,-5.94737672423893
15949,-18053,0,-0.754821264557214,-4.5860240048369,-6.29663795638452
15949,-17553,0,-0.689114612508553,-4.82264222431153,-6.67063519843539
15949,-17053,0,-0.610927655172701,-5.07033566491707,-7.07121911788248
15949,-16553,0,-0.518616121015204,-5.32905223903675,-7.50034589220189
15949,-16053,0,-0.410355104534012,-5.59856664837316,-7.96006973123303
15949,-15553,0,-0.284130503897582,-5.87843455988828,-8.45253014230978
15949,-15053,0,-0.137734739490865,-6.16793846518755,-8.97993243291649
15949,-14553,0,0.0312311390470048,-6.46602464327649,-9.54451967012271
15949,-14053,0,0.225346295529591,-6.77123103781509,-10.1485340440393
15949,-13553,0,0.447346645385726,-7.08160649014131,-10.7941653463444
15949,-13053,0,0.700085258931994,-7.39462270615849,-11.4834841236772
15949,-12553,0,0.986472330753173,-7.7070816434657,-12.2183570689433
15949,-12053,0,1.30939019090667,-8.01502272946402,-13.0003424640038
15949,-11553,0,1.67157903870136,-8.31363646138509,-13.8305640987475
15949,-11053,0,2.07548994853413,-8.59719341453873,-14.7095631920693
15949,-10553,0,2.52310348907325,-8.85900029251992,-15.6371295534005
15949,-10053,0,3.01571525096016,-9.09139702481646,-16.6121156366561
15949,-9553,0,3.55369383363306,-9.28581049630533,-17.6322402569037
15949,-9053,0,4.13622232896226,-9.43288054874473,-18.6938924265936
15949,-8553,0,4.76104065198758,-9.5226716110326,-19.7919496848974
15949,-8053,0,5.42421236250614,-9.54497797504283,-20.9196288633631
15949,-7553,0,6.11994459485839,-9.48972199969307,-22.0683896543769
15949,-7053,0,6.84049175480568,-9.34743276666609,-23.2279117070829
15949,-6553,0,7.5761711805614,-9.10977926658115,-24.3861634404814
15949,-6053,0,8.31551101041066,-8.7701194056761,-25.529574887865
15949,-5553,0,9.04553722898947,-8.32401698787608,-26.6433178983757
15949,-5053,0,9.75218999942927,-7.76967622990152,-27.7116859933726
15949,-4553,0,10.4208420927738,-7.10824906630638,-28.7185549414649
15949,-4053,0,11.0368783848467,-6.3439842425827,-29.6478958761739
15949,-3553,0,11.5862884182589,-5.48420641221554,-30.4843074729519
15949,-3053,0,12.0562256350572,-4.53913382942142,-31.2135333656832
15949,-2553,0,12.4354963622867,-3.52156000761763,-31.8229353701267
15949,-2053,0,12.7149560024091,-2.44643427488682,-32.3019007191374
15949,-1553,0,12.8878049086122,-1.33037719849945,-32.6421701923692
15949,-1053,0,12.9497880532955,-0.191160705743725,-32.8380815291774
15949,-553,0,12.8993082352494,0.952827237106424,-32.8867273211631
15949,-53,0,12.7374617937533,2.08312313828468,-32.7880282629997
15949,447,0,12.468000312886,3.1817290762628,-32.5447219024136
15949,947,0,12.0972147823125,4.23164944445688,-32.1622654013467
15949,1447,0,11.6337337450627,5.21741231750767,-31.6486501190155
15949,1947,0,11.0882270374688,6.12555484348496,-31.0141275582277
15949,2447,0,10.4730131108293,6.94504275685673,-30.2708510483202
15949,2947,0,9.80157977189909,7.66758908638807,-29.4324450186104
15949,3447,0,9.08804262197817,8.28783939935228,-28.513522323218
15949,3947,0,8.34657844426451,8.8034013401491,-27.5291776436123
15949,4447,0,7.59087834019045,9.21471307561969,-26.4944893870369
15949,4947,0,6.83366507933988,9.52476474176148,-25.4240623302671
15949,5447,0,6.08631075615523,9.73870445793357,-24.3316383476046
15949,5947,0,5.35857658059078,9.86337201276036,-23.2297939618984
15949,6447,0,4.6584800378823,9.90680691453928,-22.1297330545058
15949,6947,0,3.99227945826835,9.87777341047173,-21.041172952518
15949,7447,0,3.36455499518192,9.78533541494795,-19.9723139664021
15949,7947,0,2.7783593250411,9.6385020089315,-18.9298772082372
15949,8447,0,2.23541076366471,9.44595209501601,-17.9191933032024
15949,8947,0,1.73630465096739,9.21583690375883,-16.9443249259315
15949,9447,0,1.28072412235236,8.9556522779777,-16.0082081467322
15949,9947,0,0.867637243580254,8.67216902972391,-15.1128005217239
15949,10447,0,0.49547285051149,8.37140860164767,-14.2592270169875
15949,10947,0,0.16227172090909,8.05865196520777,-13.4479177558164
15949,11447,0,-0.134187256069951,7.73847137058026,-12.6787339783353
15949,11947,0,-0.396284350161022,7.4147766122752,-11.9510804324137
15949,12447,0,-0.626477142499185,7.0908694826946,-11.2640037110111
15949,12947,0,-0.82723664005168,6.76950183464222,-10.6162769039913
15949,13447,0,-1.00099846299566,6.45293408070245,-10.0064714471099
15949,13947,0,-1.15012645940728,6.14299202711978,-9.43301732394802
15949,14447,0,-1.27688643402677,5.8411207189503,-8.89425288720538
15949,14947,0,-1.38342802483395,5.54843452306847,-8.38846557280671
15949,15447,0,-1.47177308414745,5.26576305436556,-7.91392472561789
15949,15947,0,-1.5438092036408,4.99369280734718,-7.46890766658782
15949,16447,0,-1.60128726232074,4.73260452671449,-7.0517200260468
15949,16947,0,-1.64582207649411,4.48270646353197,-6.66071125761179
15949,17447,0,-1.67889539664247,4.24406373600711,-6.29428613832882
15949,17947,0,-1.70186063406271,4.01662405842316,-5.95091295725683
15949,18447,0,-1.71594881520901,3.80024012606298,-5.62912899888406
15949,18947,0,-1.72227535797177,3.59468895422939,-5.32754384035825
15949,19447,0,-1.72184734501627,3.39968846899437,-5.0448409031429
15949,19947,0,-1.71557103722471,3.21491163950637,-4.77977763020411
16449,-20053,0,-0.726756138674866,-3.71578073441724,-4.88207578074021
16449,-19553,0,-0.685932043320301,-3.90250796724156,-5.15293054193429
16449,-19053,0,-0.636985906387943,-4.09846937287052,-5.44206062082816
16449,-18553,0,-0.57887051607517,-4.30386542704065,-5.75080069318636
16449,-18053,0,-0.510419376771873,-4.51882877551901,-6.08056924537178
16449,-17553,0,-0.430336810389655,-4.74340326138716,-6.43286761778592
16449,-17053,0,-0.337188685084284,-4.9775185984181,-6.8092767608933
16449,-16553,0,-0.229394446134222,-5.22096006415406,-7.21145098559168
16449,-16053,0,-0.105221358993668,-5.47333259930266,-7.64110783496568
16449,-15553,0,0.0372178400843388,-5.7340187698715,-8.10001303404971
16449,-15053,0,0.199962355667902,-6.00213020114234,-8.58995929457048
16449,-14553,0,0.385193899731891,-6.27645236116157,-9.11273757522998
16449,-14053,0,0.595218105029148,-6.55538299439529,-9.6700992442611
16449,-13553,0,0.832434086152145,-6.83686512551143,-10.2637074890027
16449,-13053,0,1.09928912365134,-7.11831640938505,-10.8950763079457
16449,-12553,0,1.3982152682272,-7.39655772608281,-11.5654955578058
16449,-12053,0,1.73154474229348,-7.66774531426781,-12.2759408785801
16449,-11553,0,2.1014014960017,-7.92731236531339,-13.0269679582177
16449,-11053,0,2.5095673132796,-8.16992775919047,-13.8185916019264
16449,-10553,0,2.9573226168914,-8.38948131617899,-14.6501515001792
16449,-10053,0,3.4452647037574,-8.57910626156107,-15.5201684672014
16449,-9553,0,3.97310956628116,-8.73125013931689,-16.4261972027731
16449,-9053,0,4.53948756659501,-8.83780467436342,-17.3646841670958
16449,-8553,0,5.14174763525635,-8.89030258157569,-18.3308416745712
16449,-8053,0,5.77578869703301,-8.88018470006821,-19.3185513941553
16449,-7553,0,6.43593977295651,-8.79913405111048,-20.3203115714976
16449,-7053,0,7.11491064678173,-8.63946492476209,-21.3272419166364
16449,-6553,0,7.80383222780804,-8.39454593682484,-22.3291577942922
16449,-6053,0,8.49239936275404,-8.05922775390391,-23.3147209501524
16449,-5553,0,9.16911918948646,-7.6302407271651,-24.27166776397
16449,-5053,0,9.82165644940313,-7.10652667009493,-25.1871086782819
16449,-4553,0,10.4372555359159,-6.48947335560263,-26.0478851483331
16449,-4053,0,11.0032098313359,-5.78302966537039,-26.8409644894317
16449,-3553,0,11.5073440867938,-4.99369204709715,-27.5538494691398
16449,-3053,0,11.9384762065432,-4.13036640624087,-28.174978983967
16449,-2553,0,12.2868303728341,-3.20412094733757,-28.6940985371275
16449,-2053,0,12.5443822450302,-2.22785261487708,-29.1025836775539
16449,-1553,0,12.7051264942603,-1.21589181617188,-29.3937048370553
16449,-1053,0,12.7652647631984,-0.183567713329708,-29.5628268559351
16449,-553,0,12.7233166560565,0.853248568375701,-29.607540018969
16449,-53,0,12.5801572099201,1.87861054383011,-29.5277213342026
16449,447,0,12.3389823938213,2.87696358827339,-29.3255254108285
16449,947,0,12.0052013481698,3.83360346288064,-29.0053044341036
16449,1447,0,11.586252417828,4.73511361800864,-28.5734573690922
16449,1947,0,11.0913412405118,5.56976377579781,-28.0382104473402
16449,2447,0,10.5311039366216,6.32784774746866,-27.4093345257109
16449,2947,0,9.91720623896098,7.00193663841007,-26.6978097519532
16449,3447,0,9.26189845931747,7.58702621806827,-25.9154532414818
16449,3947,0,8.5775541012856,8.08056470688188,-25.0745299382233
16449,4447,0,7.87622437661679,8.48235850367147,-24.1873693082754
16449,4947,0,7.16924040546222,8.7943661896025,-23.2660102238785
16449,5447,0,6.46688935230221,9.02040274993704,-22.3218932255505
16449,5947,0,5.7781813775157,9.16578396733829,-21.3656138792214
16449,6447,0,5.11071316323502,9.2369440209469,-20.4067442384412
16449,6947,0,4.47062318420736,9.24105744644313,-19.4537227024378
16449,7447,0,3.86262565708708,9.18569086809959,-18.5138068782559
16449,7947,0,3.29010517785577,9.0785020208928,-17.5930800638525
16449,8447,0,2.75525250702279,8.92699530844235,-16.6964998654543
16449,8947,0,2.25922316340312,8.73833587622564,-15.8279770599534
16449,9447,0,1.80230347641843,8.519218716109,-14.9904736906859
16449,9947,0,1.38407253994752,8.27578588054325,-14.1861110458371
16449,10447,0,1.00355231704725,8.01358327152568,-13.4162801611788
16449,10947,0,0.659341455418876,7.73754825215929,-12.6817494722193
16449,11447,0,0.349730950521923,7.45202002049929,-11.9827660024883
16449,11947,0,0.0728016047911235,7.16076585491008,-11.3191479145123
16449,12447,0,-0.173495628849832,6.86701766398872,-10.6903673487393
16449,12947,0,-0.391274715070007,6.5735145445366,-10.095623264189
16449,13447,0,-0.582663064735356,6.28254815889071,-9.53390452580219
16449,13947,0,-0.749761562178796,5.99600864817283,-9.00404381627897
16449,14447,0,-0.89461425276356,5.71542950483955,-8.50476313765512
16449,14947,0,-1.01918604030708,5.44203036103761,-8.03471175414884
16449,15447,0,-1.12534695218035,5.17675704192119,-7.59249744638859
16449,15947,0,-1.2148617336128,4.92031851676021,-7.17671192266118
16449,16447,0,-1.28938371974818,4.67322058302415,-6.78595118237963
16449,16947,0,-1.35045209976421,4.4357962608728,-6.4188315623684
16449,17447,0,-1.399491831492,4.2082329740913,-6.07400212541852
16449,17947,0,-1.43781558920659,3.99059666003041,-5.75015397823835
16449,18447,0,-1.4666272335864,3.78285299436919,-5.44602703528651
16449,18947,0,-1.48702638383166,3.58488594232238,-5.16041467833199
16449,19447,0,-1.50001374952952,3.39651386092792,-4.89216669992234
16449,19947,0,-1.50649694584134,3.21750338058927,-4.64019086289932
16949,-20053,0,-0.545371840104239,-3.67354139751003,-4.73361594390113
16949,-19553,0,-0.494223544698812,-3.85238036842712,-4.99059911882486
16949,-19053,0,-0.434480640409119,-4.03946750251825,-5.26437413581338
16949,-18553,0,-0.365114180557705,-4.23489454942522,-5.55610243932116
16949,-18053,0,-0.28498860122767,-4.43867684145574,-5.86700883285894
16949,-17553,0,-0.192854934173857,-4.65073293771009,-6.19837853598894
16949,-17053,0,-0.087345160181035,-4.8708605035469,-6.55155197044588
16949,-16553,0,0.033031609243487,-5.09870799683773,-6.9279166568478
16949,-16053,0,0.1698902335149,-5.33374178642357,-7.32889548999547
16949,-15553,0,0.324966807148869,-5.57520843805337,-7.75593054214019
16949,-15053,0,0.500110706147207,-5.82209209021459,-8.21046142758336
16949,-14553,0,0.697269761638216,-6.07306713063335,-8.69389716070037
16949,-14053,0,0.918466637709841,-6.32644680052262,-9.20758037037158
16949,-13553,0,1.16576426273451,-6.58012892313729,-9.75274272169453
16949,-13053,0,1.44121802673766,-6.83154069609535,-10.3304504724022
16949,-12553,0,1.74681247929793,-7.07758540904973,-10.9415392964949
16949,-12053,0,2.08438052927563,-7.31459503279263,-11.5865378861714
16949,-11553,0,2.45550375815329,-7.53829381760965,-12.2655804425349
16949,-11053,0,2.86139351465161,-7.74377923241266,-12.9783090263515
16949,-10553,0,3.30275404290414,-7.9255276029068,-13.7237678858631
16949,-10053,0,3.77963104584363,-8.07743243018589,-14.5002932987715
16949,-9553,0,4.29125174923977,-8.19288329769856,-15.3054040976542
16949,-9053,0,4.83586553234523,-8.26489218769922,-16.1356997602541
16949,-8553,0,5.4105971919636,-8.28627165133242,-16.9867745265616
16949,-8053,0,6.01132740837203,-8.24986546322324,-17.8531571671499
16949,-7553,0,6.63261636425021,-8.14882723122444,-18.7282864407207
16949,-7053,0,7.26768609665206,-7.97693634035056,-19.6045316252649
16949,-6553,0,7.908474550307,-7.72893436140299,-20.4732655651741
16949,-6053,0,8.5457693012281,-7.40085971401508,-21.3249944126416
16949,-5553,0,9.16942188492852,-6.99035510429528,-22.1495438816846
16949,-5053,0,9.7686354961911,-6.49692202527501,-22.9362968776391
16949,-4553,0,10.3323108617032,-5.92209986477287,-23.6744725255006
16949,-4053,0,10.8494287954834,-5.26955361403349,-24.3534326723285
16949,-3553,0,11.309444539905,-4.54506274755278,-24.9629995280741
16949,-3053,0,11.7026690462405,-3.75641294409755,-25.4937675727327
16949,-2553,0,12.020615598045,-2.91320023029733,-25.9373941246363
16949,-2053,0,12.2562956009298,-2.02656252673,-26.2868555806387
16949,-1553,0,12.4044534798641,-1.10885590036071,-26.5366596098868
16949,-1053,0,12.4617359819823,-0.17329239912873,-26.6830067903703
16949,-553,0,12.4267947756833,0.76644579517968,-26.7238977889118
16949,-53,0,12.3003227876486,1.69660363810764,-26.659183993279
16949,447,0,12.0850247027867,2.60375123847396,-26.4905606534169
16949,947,0,11.7855214867758,3.47517191248026,-26.2215024857151
16949,1447,0,11.4081888707101,4.2992279805552,-25.8571428454751
16949,1947,0,10.9609314155635,5.06568963538539,-25.4040993855422
16949,2447,0,10.452897420571,5.76601029835884,-24.8702517366487
16949,2947,0,9.89414517386966,6.39353175316724,-24.264479964969
16949,3447,0,9.29527680840219,6.94360493005186,-23.596375864573
16949,3947,0,8.66706088720304,7.41361770393959,-22.8759418282522
16949,4447,0,8.02006743253292,7.80292880162555,-22.1132934394134
16949,4947,0,7.36433856809739,8.11271553017303,-21.3183816057798
16949,5447,0,6.70911417323199,8.34575088858217,-20.5007479495486
16949,5947,0,6.06262565150618,8.50613124087707,-19.6693236050981
16949,6447,0,5.43196334300843,8.59897822822303,-18.8322771694299
16949,6947,0,4.82301567289483,8.63013785884177,-17.996913030471
16949,7447,0,4.24047202396024,8.60589630444496,-17.1696173196035
16949,7947,0,3.68787727032541,8.53272684964422,-16.3558457467675
16949,8447,0,3.16772409325573,8.41707679413402,-15.5601457677883
16949,8947,0,2.68156934684902,8.26519784058926,-14.7862048561209
16949,9447,0,2.23016230873007,8.08301923757882,-14.0369168926672
16949,9947,0,1.81357501806058,7.87605995860129,-13.3144595597212
16949,10447,0,1.43132751823307,7.64937446661951,-12.6203768402118
16949,10947,0,1.08250328179158,7.40752593329217,-11.9556620424049
16949,11447,0,0.765852164982871,7.15458086697577,-11.3208380244911
16949,11947,0,0.479879827309088,6.89411966683295,-10.7160323846731
16949,12447,0,0.222923667790678,6.62925842254503,-10.1410462689006
16949,12947,0,-0.00678395794140246,6.36267814669081,-9.59541612858334
16949,13447,0,-0.21106407628998,6.09665845012832,-9.07846825531633
16949,13947,0,-0.391749651147483,5.83311339283682,-8.58936626083421
16949,14447,0,-0.55065298891249,5.57362784250429,-8.12715189091892
16949,14947,0,-0.689540686243076,5.31949315289002,-7.69077969236734
16949,15447,0,-0.810114921586615,5.0717413469886,-7.27914611769021
16949,15947,0,-0.914000019463161,4.83117727388862,-6.89111367252184
16949,16447,0,-1.00273334830564,4.59840842103763,-6.52553070104906
16949,16947,0,-1.07775973894146,4.37387222077396,-6.18124737571533
16949,17447,0,-1.14042872723718,4.15786080455051,-5.85712841702954
16949,17947,0,-1.19199402915093,3.95054324033113,-5.5520630227586
16949,18447,0,-1.23361474933071,3.7519853459222,-5.26497243702608
16949,18947,0,-1.26635790587293,3.56216720958948,-4.99481554121373
16949,19447,0,-1.29120192497438,3.38099857358488,-4.7405928019515
16949,19947,0,-1.30904082066989,3.20833224966008,-4.50134886764019
17449,-20053,0,-0.375924873981098,-3.62188296376351,-4.58627467954793
17449,-19553,0,-0.315846520723714,-3.79243342485404,-4.82977884594961
17449,-19053,0,-0.246861680303858,-3.97026726874624,-5.08867425202461
17449,-18553,0,-0.16797625357967,-4.15537931659171,-5.3639655295143
17449,-18053,0,-0.0781030038903739,-4.34768213355756,-5.65670341371144
17449,-17553,0,0.0239424286281746,-4.54698672256995,-5.96798039651416
17449,-17053,0,0.139444006238913,-4.7529800502874,-6.29892420724701
17449,-16553,0,0.269785601447207,-4.96519914536271,-6.65068860183384
17449,-16053,0,0.41644830540746,-5.18300158905021,-7.02444086169566
17449,-15553,0,0.581003728298722,-5.40553235029344,-7.42134532641395
17449,-15053,0,0.765102092809477,-5.63168711708188,-7.84254221678437
17449,-14553,0,0.97045373596671,-5.86007255986842,-8.28912095787873
17449,-14053,0,1.1988024743026,-6.08896434775452,-8.76208720044201
17449,-13553,0,1.4518891843473,-6.31626423710398,-9.26232278248037
17449,-13053,0,1.73140394658116,-6.53945817084603,-9.79053799548238
17449,-12553,0,2.0389252499216,-6.75557805716152,-10.3472157487366
17449,-12053,0,2.37584511777121,-6.9611707096445,-10.9325475900085
17449,-11553,0,2.74327966137178,-7.15227826923043,-11.5463620683986
17449,-11053,0,3.14196555060827,-7.32443519614324,-12.1880466341287
17449,-10553,0,3.57214425246996,-7.47268748151834,-12.8564651622095
17449,-10053,0,4.03343761490714,-7.59163990781277,-13.5498742375773
17449,-9553,0,4.5247203925045,-7.67553678527155,-14.2658424858146
17449,-9053,0,5.04399745305231,-7.71838041288691,-15.001178368154
17449,-8553,0,5.58829540203141,-7.71408941210674,-15.7518728266457
17449,-8053,0,6.15357985377506,-7.65669602469283,-16.5130637718477
17449,-7553,0,6.73471015159683,-7.54057758703955,-17.2790294432903
17449,-7053,0,7.3254426071967,-7.36071303863816,-18.0432169600703
17449,-6553,0,7.91849103600375,-7.11295105111475,-18.7983108083837
17449,-6053,0,8.50564949439638,-6.79427288502799,-19.5363436038937
17449,-5553,0,9.07797698244124,-6.40303112166564,-20.2488483983296
17449,-5053,0,9.62603809654897,-5.93914554157241,-20.9270484079804
17449,-4553,0,10.1401880721302,-5.40423985481027,-21.5620767759797
17449,-4053,0,10.6108862719972,-4.80170749479649,-22.1452163124083
17449,-3553,0,11.0290196934918,-4.13670057999584,-22.6681474733138
17449,-3053,0,11.3862178362213,-3.41604242874164,-23.123192343932
17449,-2553,0,11.675142143038,-2.6480696307487,-23.5035430511909
17449,-2053,0,11.8897365955048,-1.84241381103725,-23.8034645926798
17449,-1553,0,12.0254300363589,-1.00973548729825,-24.0184641420101
17449,-1053,0,12.0792845269911,-0.161422955892886,-24.1454210585063
17449,-553,0,12.0500869006612,0.690731493353148,-24.1826737737456
17449,-53,0,11.9383824311356,1.53486676737553,-24.1300613040164
17449,447,0,11.7464504297476,2.35938902372472,-23.9889183948789
17449,947,0,11.4782221622536,3.15329805209253,-23.7620244371548
17449,1447,0,11.1391423974656,3.90649275315238,-23.4535075540104
17449,1947,0,10.7359776815447,4.61004352798085,-23.0687068424456
17449,2447,0,10.2765772523532,5.25641888142376,-22.6139977115358
17449,2947,0,9.76959611041329,5.83965421566241,-22.0965874557156
17449,3447,0,9.22419350084232,6.35545314784429,-21.5242903250249
17449,3947,0,8.64972307847403,6.80121579660609,-20.9052930037038
17449,4447,0,8.05543251751841,7.17599391814672,-20.2479222037312
17449,4947,0,7.45018977646348,7.48037870163554,-19.5604257771007
17449,5447,0,6.84225058394902,7.71633244684414,-18.8507773173699
17449,5947,0,6.23907738806625,7.88697933237094,-18.1265118491774
17449,6447,0,5.64721476966373,7.99637245963376,-17.3945972572901
17449,6947,0,5.07222104526031,8.04925419316337,-16.6613430252199
17449,7447,0,4.51865126436785,8.0508248030229,-15.9323450505248
17449,7947,0,3.99008356410266,8.00653113558528,-15.2124630845192
17449,8447,0,3.4891790804303,7.92188318774198,-14.5058258637887
17449,8947,0,3.01776523515954,7.80230267281725,-13.8158582702391
17449,9447,0,2.57693292536335,7.65300440858659,-13.1453247746421
17449,9947,0,2.16713955411976,7.47890888333094,-12.4963838223214
17449,10447,0,1.78831158452527,7.28458272591052,-11.8706485289166
17449,10947,0,1.43994207132884,7.07420294106617,-11.2692499067571
17449,11447,0,1.1211802234055,6.85154051414167,-10.6928997120877
17449,11947,0,0.830911367567038,6.61995915874998,-10.1419508065821
17449,12447,0,0.567826688487276,6.38242540831263,-9.61645361640045
17449,12947,0,0.330482829362309,6.14152680333365,-9.11620783196158
17449,13447,0,0.117351899343773,5.89949550498282,-8.6408089241422
17449,13947,0,-0.0731372980047459,5.65823521221506,-8.18968937165403
17449,14447,0,-0.242565872995142,5.41934974275801,-7.76215471876404
17449,14947,0,-0.392498319951769,5.18417204618779,-7.35741473161458
17449,15447,0,-0.524461902030122,4.95379275033638,-6.97461001296578
17449,15947,0,-0.639931066344757,4.72908760778926,-6.61283448409582
17449,16447,0,-0.740316085693687,4.51074341673941,-6.27115416110538
17449,16947,0,-0.826955210320619,4.29928215026879,-5.94862265003462
17449,17447,0,-0.901109700221571,4.09508314937188,-5.6442937684435
17449,17947,0,-0.963961191301281,3.8984033257198,-5.35723167527383
17449,18447,0,-1.01661092535288,3.7093953866377,-5.08651885996281
17449,18947,0,-1.06008044343257,3.52812414248396,-4.83126230855254
17449,19447,0,-1.09531340446846,3.35458098950541,-4.59059813080103
17449,19947,0,-1.12317824605228,3.18869668275211,-4.36369489936197
17949,-20053,0,-0.218303186231969,-3.56208805262021,-4.44051299840646
17949,-19553,0,-0.150605572713923,-3.72409320159625,-4.67097213219504
17949,-19053,0,-0.0738299337598619,-3.89245236814052,-4.91550701098665
17949,-18553,0,0.0129704785030806,-4.06707583659636,-5.17498135169712
17949,-18053,0,0.110821931320013,-4.24778826098474,-5.45029061303976
17949,-17553,0,0.220831767486785,-4.43431071579617,-5.74235672345045
17949,-17053,0,0.344188220489227,-4.62624015426231,-6.05212078936717
17949,-16553,0,0.482157871741253,-4.82302615145694,-6.38053335777856
17949,-16053,0,0.636080006059775,-5.02394490397809,-6.72854175492237
17949,-15553,0,0.807356988386667,-5.2280705980798,-7.09707397754443
17949,-15053,0,0.997439654450272,-5.43424445471496,-7.48701858107324
17949,-14553,0,1.2078065945661,-5.64104202392551,-7.89919999961889
17949,-14053,0,1.43993613277581,-5.84673964096914,-8.3343487580145
17949,-13553,0,1.69526978976094,-6.04928137726274,-8.7930661108696
17949,-13053,0,1.97516610119958,-6.24624831700028,-9.27578278476799
17949,-12553,0,2.28084388288319,-6.43483255013516,-9.78271172603506
17949,-12053,0,2.61331443328156,-6.61181886144742,-10.3137950850551
17949,-11553,0,2.97330278328671,-6.77357765952347,-10.8686461133483
17949,-11053,0,3.36115897192273,-6.91607314892866,-11.4464872160827
17949,-10553,0,3.77676145222519,-7.03489099863155,-12.046086082348
17949,-10053,0,4.21941608378759,-7.12528967503481,-12.6656925787853
17949,-9553,0,4.68775566623865,-7.18227905725953,-13.302979884494
17949,-9053,0,5.1796464684026,-7.20072882148599,-13.954994082599
17949,-8553,0,5.69210950512704,-7.17550730367173,-14.6181169959185
17949,-8053,0,6.22126515318287,-7.10164914547034,-15.2880473319787
17949,-7553,0,6.76230980916908,-6.97454713408502,-15.9598050579284
17949,-7053,0,7.30953244462146,-6.79016053629913,-16.6277632557631
17949,-6553,0,7.85637697933532,-6.54522929697431,-17.2857104660976
17949,-6053,0,8.39555341334018,-6.2374811937495,-17.9269447512037
17949,-5553,0,8.91919687679591,-5.8658178693603,-18.5443985292302
17949,-5053,0,9.41906961793964,-5.43046593520544,-19.1307908783425
17949,-4553,0,9.88679702701752,-4.93308116297266,-19.6788017677184
17949,-4053,0,10.3141256780726,-4.37679697988141,-20.1812608356545
17949,-3553,0,10.6931895261115,-3.7662126097227,-20.6313421400855
17949,-3053,0,11.016770045512,-3.10732062936648,-21.0227558806714
17949,-2553,0,11.2785371559609,-2.40737778134104,-21.3499284233218
17949,-2053,0,11.4732598999777,-1.67472607457719,-21.6081629080148
17949,-1553,0,11.5969784899459,-0.91857325305994,-21.7937740659608
17949,-1053,0,11.6471319996902,-0.148742653832126,-21.9041923704978
17949,-553,0,11.6226382404638,0.624597395572515,-21.9380341035566
17949,-53,0,11.5239240745586,1.39121475202818,-21.8951352344952
17949,447,0,11.352905675964,2.14109557030742,-21.7765481838326
17949,947,0,11.1129193293418,2.86471773421336,-21.5845016652338
17949,1447,0,10.8086046132627,3.55330576306878,-21.3223249798245
17949,1947,0,10.4457435093145,4.19905713862215,-20.9943394633708
17949,2447,0,10.0310611868241,4.79533018694468,-20.6057212658164
17949,2947,0,9.57199675585606,5.3367846434278,-20.1623411778423
17949,3447,0,9.07645476012581,5.81946808631408,-19.6705886234791
17949,3947,0,8.55255008291817,6.24084455041354,-19.137187977183
17949,4447,0,8.00835978347353,6.59976554202413,-18.5690158211481
17949,4947,0,7.4516948678776,6.89638784809101,-17.9729274976486
17949,5447,0,6.889903099396,7.13204634038306,-17.3556003175332
17949,5947,0,6.32971092448909,7.3090928447691,-16.7233991767636
17949,6447,0,5.77710890366136,7.43071369423303,-16.0822683280208
17949,6947,0,5.2372812537805,7.50073869583414,-15.4376509256232
17949,7447,0,4.71457675147281,7.52345306540754,-14.7944359724008
17949,7947,0,4.21251569070728,7.50342176353838,-14.1569306527365
17949,8447,0,3.73382601083769,7.44533303839685,-13.5288548568703
17949,8947,0,3.28050110298878,7.35386527053996,-12.9133540190196
17949,9447,0,2.85387200916871,7.23357875880807,-12.3130261630122
17949,9947,0,2.45468751762587,7.08883209833938,-11.7299591840018
17949,10447,0,2.08319678263982,6.92372136909693,-11.1657747827803
17949,10947,0,1.73923033945982,6.74203946348416,-10.6216760027225
17949,11447,0,1.42227658297587,6.54725245614414,-10.0984959077056
17949,11947,0,1.13155182951584,6.3424898488231,-9.59674551591749
17949,12447,0,0.86606293659628,6.1305456953554,-9.11665962635501
17949,12947,0,0.624662106745558,5.91388792753602,-8.6582396202041
17949,13447,0,0.406093966115712,5.69467358431699,-8.22129268113133
17949,13947,0,0.209035316454794,5.47476804030867,-7.80546716026151
17949,14447,0,0.0321281441656593,5.25576670094845,-7.41028402213395
17949,14947,0,-0.125993435384647,5.03901796261044,-7.03516445860551
17949,15447,0,-0.266681589210674,4.82564651941103,-6.67945386003958
17949,15947,0,-0.391257835713191,4.61657633413714,-6.34244239784482
17949,16447,0,-0.501000110712461,4.41255278234238,-6.02338250885175
17949,16947,0,-0.59713322169243,4.21416363176363,-5.72150358719457
17949,17447,0,-0.680822140599809,4.02185863949958,-5.43602418995929
17949,17947,0,-0.753167646385853,3.83596764260611,-5.16616205286824
17949,18447,0,-0.81520388817807,3.65671708883606,-4.91114219566681
17949,18947,0,-0.867897496479632,3.48424500738605,-4.67020337612305
17949,19447,0,-0.912147922091634,3.31861445838315,-4.44260312869911
17949,19947,0,-0.948788729972714,3.15982552723501,-4.22762160028812
18449,-20053,0,-0.0722932838337577,-3.49536106082115,-4.29673738546814
18449,-19553,0,0.00180313386825154,-3.6486892138169,-4.51461740092924
18449,-19053,0,0.0850284597712436,-3.80748807112386,-4.74534340051533
18449,-18553,0,0.17827315819608,-3.97159580077593,-4.98965332552914
18449,-18053,0,0.282493964704475,-4.14076369826588,-5.24830507263479
18449,-17553,0,0.39871340783557,-4.31463979036478,-5.52207068036037
18449,-17053,0,0.528017466663524,-4.49275037957146,-5.81172868013314
18449,-16553,0,0.671550810716517,-4.67447951366713,-6.11805426997924
18449,-16053,0,0.830508974673557,-4.8590464645693,-6.44180693802417
18449,-15553,0,1.00612672808201,-5.04548143855842,-6.78371514090311
18449,-15053,0,1.19966181927221,-5.23259992342524,-7.14445763481771
18449,-14553,0,1.41237321538578,-5.41897631301784,-7.52464107197162
18449,-14053,0,1.64549294421514,-5.60291773928052,-7.92477352150984
18449,-13553,0,1.90019068970904,-5.78243938532234,-8.34523366290425
18449,-13053,0,2.17753042741531,-5.95524294167397,-8.7862355423241
18449,-12553,0,2.47841863659534,-6.11870028338801,-9.24778899082934
18449,-12053,0,2.80354402031081,-6.2698448566228,-9.729656086527
18449,-11553,0,3.15330922558745,-6.40537362235156,-10.2313044070922
18449,-11053,0,3.52775579419081,-6.52166264882541,-10.7518582616593
18449,-10553,0,3.92648448082468,-6.61479949508867,-11.2900495994987
18449,-10053,0,4.34857411206672,-6.68063529919264,-11.8441708388134
18449,-9553,0,4.79250325058758,-6.71485889365291,-12.412032397899
18449,-9053,0,5.25607995996979,-6.71309425414891,-12.990928179618
18449,-8553,0,5.73638578235376,-6.67102112418424,-13.5776125816764
18449,-8053,0,6.22974046819825,-6.58451679037245,-14.1682926948302
18449,-7553,0,6.73169385993898,-6.44981483302236,-14.7586391306253
18449,-7053,0,7.23705049405575,-6.26367445324885,-15.343818332866
18449,-6553,0,7.73993089235712,-6.02355195991007,-15.9185482565947
18449,-6053,0,8.23387122119569,-5.72776450104334,-16.477177983342
18449,-5553,0,8.71196019701601,-5.37563543400601,-17.0137902801967
18449,-5053,0,9.16700911639355,-4.96761104613802,-17.522324455921
18449,-4553,0,9.59174807142994,-4.50533971388712,-17.9967153046909
18449,-4053,0,9.97903915867207,-3.99170689566537,-18.4310426428018
18449,-3553,0,10.3220961005695,-3.43082229930026,-18.8196850845915
18449,-3053,0,10.6146993180775,-2.82795874814371,-19.1574713535204
18449,-2553,0,10.8513960823322,-2.18944527244801,-19.4398225824799
18449,-2053,0,11.0276767249309,-1.5225194346828,-19.6628796482044
18449,-1553,0,11.1401196889468,-0.835145670485712,-19.8236104799912
18449,-1053,0,11.1865001301178,-0.135807480869616,-19.9198933403037
18449,-553,0,11.1658585771544,0.566718211090387,-19.9505731735779
18449,-53,0,11.0785277109267,1.26359610019825,-19.9154891877883
18449,447,0,10.9261166489829,1.94616850447015,-19.8154728545506
18449,947,0,10.7114533571518,2.60618391480057,-19.6523165158878
18449,1447,0,10.4384871255356,3.23600968215914,-19.4287138137073
18449,1947,0,10.1121545685156,3.82882058598492,-19.1481742409969
18449,2447,0,9.73821435305797,4.37875552641601,-18.8149152382052
18449,2947,0,9.32305770010884,4.88103564278481,-18.4337363561164
18449,3447,0,8.87350339068955,5.33203890626313,-18.0098809620024
18449,3947,0,8.39658723067832,5.72932863967277,-17.5488916404587
18449,4447,0,7.89935640067022,6.07163628633879,-17.0564657094319
18449,4947,0,7.38867866465132,6.35880174837684,-16.5383170591799
18449,5447,0,6.87107502313066,6.59167734657526,-16.0000498235773
18449,5947,0,6.35258223632801,6.77200355240652,-15.4470482832252
18449,6447,0,5.83864900988254,6.90226585448197,-14.8843860149034
18449,6947,0,5.33406689267369,6.98554235494042,-14.3167558125
18449,7447,0,4.84293443140381,7.02535102020331,-13.7484204805515
18449,7947,0,4.36865112539743,7.02550413937629,-13.1831833822262
18449,8447,0,3.91393637527692,6.98997574851768,-12.6243766986448
18449,8947,0,3.48086794576994,6.92278584306843,-12.0748647608265
18449,9447,0,3.07093439138831,6.82790336551548,-11.5370595357628
18449,9947,0,2.68509628697734,6.70916838890888,-11.0129453359862
18449,10447,0,2.32385180207356,6.57023270852844,-10.504110011104
18449,10947,0,1.98730300605171,6.41451722271193,-10.0117801998275
18449,11447,0,1.67522016559482,6.24518399730763,-9.53685860857043
18449,11947,0,1.38710210938367,6.06512070526595,-9.07996168737824
18449,12447,0,1.12223143579384,5.8769351407262,-8.64145645952934
18449,12947,0,0.879723906052338,5.68295765612844,-8.22149560603391
18449,13447,0,0.658571797958887,5.48524960205352,-7.82005019932511
18449,13947,0,0.457681307042946,5.2856161173295,-7.43693971925022
18449,14447,0,0.275904292441962,5.08562188973619,-7.07185917197536
18449,14947,0,0.112064795315518,4.88660876519476,-6.72440327388883
18449,15447,0,-0.0350191723604533,4.68971431482161,-6.39408776562563
18449,15947,0,-0.166518043944828,4.4958906699322,-6.08036799244259
18449,16447,0,-0.283576797637171,4.30592310449158,-5.78265493336779
18449,16947,0,-0.387304240269509,4.12044798448757,-5.5003288883855
18449,17447,0,-0.478765010564894,3.93996981757956,-5.23275104511812
18449,17947,0,-0.558973877849316,3.76487722711124,-4.97927314826959
18449,18447,0,-0.628891955450711,3.59545774627866,-4.73924548916487
18449,18947,0,-0.689424491527162,3.4319113836322,-4.51202342189466
18449,19447,0,-0.741419942008556,3.27436295322332,-4.2969725984582
18449,19947,0,-0.785670069747609,3.12287319397485,-4.0934730993865
18949,-20053,0,0.0624026235665234,-3.42282240274572,-4.15530159475017
18949,-19553,0,0.141771728897367,-3.56744933487973,-4.36109174618645
18949,-19053,0,0.23021857994429,-3.71671724540127,-4.57858314357004
18949,-18553,0,0.328571478195419,-3.87040421062994,-4.8084021681339
18949,-18053,0,0.437712481599064,-4.02820197578943,-5.05118562706845
18949,-17553,0,0.558575281946464,-4.18970121351498,-5.3075746981631
18949,-17053,0,0.692141184950555,-4.35437520147869,-5.5782072375245
18949,-16553,0,0.839432710495683,-4.52156198350107,-5.86370818215541
18949,-16053,0,1.00150426482115,-4.69044517658136,-6.16467776382516
18949,-15553,0,1.17942927806874,-4.86003371546314,-6.48167724513206
18949,-15053,0,1.37428315808004,-5.02914099067151,-6.81521189770367
18949,-14553,0,1.58712139583985,-5.19636403799762,-7.16571097186572
18949,-14053,0,1.81895218329931,-5.36006367686755,-7.5335044639338
18949,-13553,0,2.07070298746096,-5.51834676745428,-7.91879657872475
18949,-13053,0,2.34318068387631,-5.66905205109516,-8.32163591889741
18949,-12553,0,2.63702510712778,-5.80974133708784,-8.74188261583893
18949,-12053,0,2.95265624203831,-5.93769807290533,-9.17917285356369
18949,-11553,0,3.29021576749129,-6.04993554571728,-9.63288152822314
18949,-11053,0,3.64950427460747,-6.14321706200408,-10.1020841255228
18949,-10553,0,4.02991619557856,-6.21409038285981,-10.5855192727366
18949,-10053,0,4.43037525979543,-6.25893839778934,-11.0815538070892
18949,-9553,0,4.84927407593014,-6.27404744881618,-11.5881525624319
18949,-9053,0,5.284422131935,-6.25569383882334,-12.1028553656461
18949,-8553,0,5.7330069982105,-6.20024787512315,-12.6227638997649
18949,-8053,0,6.19157369202869,-6.10429335989088,-13.1445410775797
18949,-7553,0,6.65602690248337,-5.96475884529857,-13.6644253301078
18949,-7053,0,7.12166000755848,-5.77905537898183,-14.1782617187356
18949,-6553,0,7.58321351917074,-5.54521407062704,-14.6815510266661
18949,-6053,0,8.03496382734877,-5.26201582199914,-15.1695170083685
18949,-5553,0,8.47084102447316,-4.92910516603216,-15.6371908467977
18949,-5053,0,8.88457239076371,-4.54708047553573,-16.0795106907941
18949,-4553,0,9.26984607028991,-4.11755385118328,-16.4914330407684
18949,-4053,0,9.62048781475011,-3.6431756903627,-16.8680518389669
18949,-3553,0,9.93064261614354,-3.12762107956193,-17.2047204974469
18949,-3053,0,10.1949526888099,-2.57553748351859,-17.4971718173128
18949,-2553,0,10.4087235806345,-1.99245545292073,-17.7416308220927
18949,-2053,0,10.5680710725623,-1.38466601257416,-17.9349159053662
18949,-1553,0,10.6700427780695,-0.759069886833249,-18.0745243042096
18949,-1053,0,10.7127097781913,-0.12300473672051,-18.1586986703606
18949,-553,0,10.6952250588663,0.515942815337556,-18.1864723438809
18949,-53,0,10.6178468638325,1.1501332985962,-18.1576917876526
18949,447,0,10.481926327945,1.77207145898668,-18.0730154924828
18949,947,0,10.2898599640857,2.37459709452765,-17.9338895129915
18949,1447,0,10.0450088162189,2.95106259952875,-17.7425006535504
18949,1947,0,9.75158741097958,3.49549046036717,-17.5017091934834
18949,2447,0,9.41452702771671,4.0027045451183,-17.2149639007185
18949,2947,0,9.03931917022247,4.46843002980265,-16.8862028839375
18949,3447,0,8.63184630322499,4.8893582566927,-16.5197445014257
18949,3947,0,8.19820772280554,5.26317468675458,-16.1201729973237
18949,4447,0,7.74454869195272,5.58855025009242,-15.6922237001769
18949,4947,0,7.27690058946084,5.86509859563836,-15.240672452138
18949,5447,0,6.8010387926421,6.09330373851866,-14.7702334418148
18949,5947,0,6.32236345012512,6.27442416270123,-14.2854688375165
18949,6447,0,5.84580639427808,6.4103803887043,-13.7907126478548
18949,6947,0,5.37576543200925,6.50363329142905,-13.2900101822359
18949,7447,0,4.91606537217384,6.55706008762538,-12.7870734559899
18949,7947,0,4.46994358599829,6.57383402800891,-12.2852519783433
18949,8447,0,4.04005676994502,6.55731260160107,-11.7875176419884
18949,8947,0,3.62850492582944,6.51093767886442,-11.2964619325693
18949,9447,0,3.2368683595671,6.43814965609456,-10.8143033952165
18949,9947,0,2.86625364862566,6.34231644574797,-10.3429032090917
18949,10447,0,2.51734493609137,6.2266771649693,-9.88378679060764
18949,10947,0,2.19045747109618,6.09429963912067,-9.4381695262099
18949,11447,0,1.88559093873437,5.94805035252656,-9.00698498316891
18949,11947,0,1.60248073671691,5.79057521296619,-8.59091422436926
18949,12447,0,1.34064591352611,5.62428940584815,-8.19041513208896
18949,12947,0,1.09943295747113,5.45137465087734,-7.80575090691965
18949,13447,0,0.878055009007501,5.27378229527084,-7.43701713927631
18949,13947,0,0.675626362090362,5.0932408472206,-7.08416704748899
18949,14447,0,0.491192334190186,4.91126674376904,-6.7470346369841
18949,14947,0,0.323754731279996,4.72917733989347,-6.42535566207446
18949,15447,0,0.172293227415695,4.54810528751467,-6.11878636869595
18949,15947,0,0.0357830307532366,4.36901363808474,-5.82692006772631
18949,16447,0,-0.0867907701115086,4.19271114672992,-5.54930163863762
18949,16947,0,-0.196421784967201,4.01986737936492,-5.28544009632206
18949,17447,0,-0.294073445324608,3.85102732758994,-5.03481937369557
18949,17947,0,-0.380672314823645,3.68662532126643,-4.79690748236664
18949,18447,0,-0.457103257810838,3.52699809761074,-4.5711642156114
18949,18947,0,-0.524206168487672,3.37239694069391,-4.35704755455371
18949,19447,0,-0.582773994934136,3.22299884833855,-4.15401893114941
18949,19947,0,-0.633551823729406,3.07891671670547,-3.96154749199156
19449,-20053,0,0.186150606383625,-3.3455053447897,-4.01650907627418
19449,-19553,0,0.269762093101869,-3.48149763743134,-4.21071426763135
19449,-19053,0,0.36231537404548,-3.62135965715087,-4.41555919655123
19449,-18553,0,0.46457325814527,-3.764820714926,-4.6315718727108
19449,-18053,0,0.577340770526555,-3.91152577385822,-4.85928315314871
19449,-17553,0,0.701461751721693,-4.06102238779981,-5.09922067213935
19449,-17053,0,0.837813595592773,-4.21274647691003,-5.35190133456167
19449,-16553,0,0.987299716122308,-4.3660070605944,-5.61782216715519
19449,-16053,0,1.15083929089904,-4.51997016042484,-5.89744931801042
19449,-15553,0,1.32935379757732,-4.67364220196243,-6.1912050001353
19449,-15053,0,1.52374984599225,-4.82585338698485,-6.4994521939709
19449,-14553,0,1.73489782227287,-4.97524167645907,-6.82247696061555
19449,-14053,0,1.96360591321499,-5.12023821736729,-7.16046827721298
19449,-13553,0,2.21058918178009,-5.25905525681356,-7.51349539342445
19449,-13053,0,2.47643353074294,-5.38967780393137,-7.88148282785202
19449,-12553,0,2.76155463304912,-5.50986050648464,-8.26418327924065
19449,-12053,0,3.06615223327927,-5.61713138112359,-8.66114892042285
19449,-11553,0,3.39016063714969,-5.70880414326971,-9.07170177148508
19449,-11053,0,3.73319669886994,-5.78200088800659,-9.49490410529838
19449,-10553,0,4.09450716954045,-5.83368673841888,-9.92953011071767
19449,-10053,0,4.47291784831058,-5.86071776451927,-10.3740403063121
19449,-9553,0,4.86678752906774,-5.85990295607785,-10.826560433502
19449,-9053,0,5.27397019009878,-5.82808029375135,-11.2848667295538
19449,-8553,0,5.69178915305105,-5.76220601879522,-11.746379551527
19449,-8053,0,6.1170269588769,-5.65945509826447,-12.2081672570463
19449,-7553,0,6.5459344026414,-5.51732970206329,-12.666962018147
19449,-7053,0,6.97426149353273,-5.33377136572874,-13.1191888357522
19449,-6553,0,7.39731206095891,-5.10727154542105,-13.561008439302
19449,-6053,0,7.81002236501748,-4.83697461993394,-13.9883740268049
19449,-5553,0,8.20706249721285,-4.52276717787597,-14.397100976888
19449,-5053,0,8.58295772697322,-4.16534772015334,-14.7829478171581
19449,-4553,0,8.93222543682634,-3.76627171655153,-15.1417059431773
19449,-4053,0,9.24952206298807,-3.32796821578976,-15.4692949282034
19449,-3553,0,9.52979365070335,-2.85372579147166,-15.7618598086805
19449,-3053,0,9.76842331492607,-2.34764734054377,-16.0158665123351
19449,-2553,0,9.96136906464392,-1.81457495627064,-16.2281916215802
19449,-2053,0,10.1052860347687,-1.25998762047575,-16.3962029132803
19449,-1553,0,10.1976280602184,-0.689875697925221,-16.5178275441205
19449,-1053,0,10.2367245964639,-0.110597130558469,-16.5916053067468
19449,-553,0,10.2218301304002,0.471279161603582,-16.6167250162434
19449,-53,0,10.1531443646712,1.04913681058226,-16.5930427615865
19449,447,0,10.0318025721821,1.61647643970348,-16.5210814493323
19449,947,0,9.85983661482728,2.16707498897419,-16.4020117664527
19449,1447,0,9.64010822402874,2.69513405994836,-16.2376153897869
19449,1947,0,9.3762172593674,3.19541176154291,-16.0302319612541
19449,2447,0,9.07238877052069,3.6633331321532,-15.7826920088635
19449,2947,0,8.73334371824766,4.09507510039987,-15.4982385877357
19449,3447,0,8.36415905865424,4.48762313996847,-15.1804408947174
19449,3947,0,7.97012344313428,4.83879823190471,-14.8331034241263
19449,4447,0,7.55659493223752,5.14725436981192,-14.4601743376664
19449,4947,0,7.12886680781199,5.41244848175078,-14.0656565955445
19449,5447,0,6.69204680019186,5.63458612847363,-13.6535250421456
19449,5947,0,6.25095390019103,5.81454751419781,-13.2276520907115
19449,6447,0,5.81003552780376,5.95379909924877,-12.791743964217
19449,6947,0,5.37330634019202,6.05429638191781,-12.3492886951649
19449,7447,0,4.94430854066265,6.11838323553079,-11.903516339035
19449,7947,0,4.52609233162556,6.14869262018725,-11.4573711795934
19449,8447,0,4.12121422739278,6.14805264920933,-11.0134951470738
19449,8947,0,3.73175034603993,6.11940100562082,-10.5742212590069
19449,9447,0,3.35932152465853,6.06570969382272,-10.1415756345688
19449,9947,0,3.00512710575082,5.98992117323482,-9.71728651546724
19449,10447,0,2.66998445909793,5.89489612029138,-9.30279872727916
19449,10947,0,2.35437166212173,5.78337243665329,-8.89929210595258
19449,11447,0,2.05847119531279,5.65793467209746,-8.5077025659071
19449,11947,0,1.78221296291173,5.52099274646563,-8.12874467171498
19449,12447,0,1.52531538173115,5.37476871129499,-7.76293477332465
19449,12947,0,1.28732366750401,5.22129025728395,-7.41061395844016
19449,13447,0,1.06764477460105,5.06238971811341,-7.07197025471628
19449,13947,0,0.865578708437776,4.89970741704898,-6.74705967195558
19449,14447,0,0.68034613268949,4.73469832787391,-6.43582580842605
19449,14947,0,0.511112342716443,4.56864115925699,-6.13811785517134
19449,15447,0,0.357007780584297,4.40264910974135,-5.85370691951643
19449,15947,0,0.217145334470412,4.23768167135113,-5.58230065624611
19449,16447,0,0.0906347042829163,4.07455697901603,-5.32355624490196
19449,16947,0,-0.0234058670569417,3.91396430833365,-5.07709178722996
19449,17447,0,-0.125840195181604,3.75647641513825,-4.8424962227788
19449,17947,0,-0.217506795888624,3.60256148730892,-4.61933787518712
19449,18447,0,-0.299213290052709,3.45259454344238,-4.4071717492126
19449,18947,0,-0.371732315440217,3.30686816539932,-4.20554570047249
19449,19447,0,-0.435798711872987,3.16560249419515,-4.0140055979187
19449,19947,0,-0.492107769914553,3.02895445228479,-3.83209959420634
19949,-20053,0,0.299370330276086,-3.26435502212407,-3.88061587122391
19949,-19553,0,0.386289100615895,-3.39185464642595,-4.06374988360035
19949,-19053,0,0.481944656687184,-3.52251389838985,-4.2565427135979
19949,-18553,0,0.587033064021204,-3.65602375240372,-4.45943610804535
19949,-18053,0,0.702282180604276,-3.79199393996778,-4.6728687470352
19949,-17553,0,0.828447308389734,-3.92994153531771,-4.89727032542638
19949,-17053,0,0.966305069944693,-4.06927873362608,-5.13305439131722
19949,-16553,0,1.11664517045639,-4.20929997886951,-5.38060978801586
19949,-16053,0,1.28025968171281,-4.34916868154538,-5.6402905495984
19949,-15553,0,1.45792947343679,-4.48790386830273,-5.91240411253906
19949,-15053,0,1.65040742429358,-4.62436722580194,-6.19719773039992
19949,-14553,0,1.85839807777176,-4.75725113875226,-6.49484301797004
19949,-14053,0,2.08253347496433,-4.88506847337619,-6.80541860927964
19949,-13553,0,2.3233450061139,-5.00614501576592,-7.12889099352357
19949,-13053,0,2.58123128391789,-5.11861562916254,-7.46509369688046
19949,-12553,0,2.85642226108574,-5.22042533043797,-7.81370510772396
19949,-12053,0,3.14894009561915,-5.30933658422271,-8.17422539756307
19949,-11553,0,3.45855760839401,-5.38294414989234,-8.5459531664577
19949,-11053,0,3.78475556867166,-5.43869876553539,-8.92796263329192
19949,-10553,0,4.12668046545325,-5.47394078725426,-9.31908238635176
19949,-10053,0,4.48310484511721,-5.48594459870088,-9.71787689279986
19949,-9553,0,4.85239267700749,-5.4719741491671,-10.1226321163621
19949,-9053,0,5.23247249705645,-5.42934936791371,-10.5313466876219
19949,-8553,0,5.62082121888129,-5.35552245526567,-10.9417300861899
19949,-8053,0,6.01446143748947,-5.24816220809262,-11.351209206215
19949,-7553,0,6.40997473951504,-5.10524366272038,-11.7569444699336
19949,-7053,0,6.80353295404745,-4.92513951687626,-12.1558563213457
19949,-6553,0,7.19094843783442,-4.70670911993289,-12.544662481137
19949,-6053,0,7.5677434327089,-4.44938039262408,-12.9199257966344
19949,-5553,0,7.92923734105598,-4.15321993142068,-13.2781119146115
19949,-5053,0,8.27064954513815,-3.81898681431151,-13.6156553887696
19949,-4553,0,8.58721426886234,-3.44816625514401,-13.9290322627132
19949,-4053,0,8.87430306205839,-3.04298020728537,-14.2148366952936
19949,-3553,0,9.12754986785568,-2.60637320585612,-14.4698588614072
19949,-3053,0,9.3429733643519,-2.14197304669455,-14.6911611937465
19949,-2553,0,9.51709135654217,-1.65402720749223,-14.8761500374262
19949,-2053,0,9.64702239523025,-1.14731711534283,-15.0226399583303
19949,-1553,0,9.73057044759167,-0.627053378279728,-15.1289082530614
19949,-1053,0,9.76628925934724,-0.0987558878901797,-15.1937376207047
19949,-553,0,9.75352395707205,0.431876738441924,-15.2164454421214
19949,-53,0,9.69242838715518,0.959103554218232,-15.1968986429328
19949,447,0,9.58395764513674,1.47727852808798,-15.1355136713076
19949,947,0,9.42983620461142,1.98098363883635,-15.0332416864806
19949,1447,0,9.23250300496326,2.46515298249119,-14.8915396165751
19949,1947,0,8.99503579138736,2.92518338998565,-14.7123282906176
19949,2447,0,8.72105788989782,3.35702759325105,-14.4979393597162
19949,2947,0,8.41463139260694,3.75726673549665,-14.2510531694521
19949,3447,0,8.08014135514255,4.12315999217095,-13.9746300974152
19949,3947,0,7.72217599384411,4.4526702130826,-13.6718380949069
19949,4447,0,7.34540795405658,4.74446573928578,-13.3459792441919
19949,4947,0,6.95448147002963,4.9978997881808,-13.0004180500506
19949,5447,0,6.55390966071994,5.21296992316692,-12.6385139309438
19949,5947,0,6.1479853560427,5.39026102497574,-12.2635599835158
19949,6447,0,5.74070781242495,5.53087578198184,-11.8787296021351
19949,6947,0,5.33572656308412,5.6363569788694,-11.4870319901146
19949,7447,0,4.93630256786387,5.70860579215305,-11.0912770506809
19949,7947,0,4.54528587509877,5.74979994282281,-10.6940496387369
19949,8447,0,4.16510825211352,5.76231498347174,-10.2976927235516
19949,8947,0,3.79778871651905,5.74865129520355,-9.90429867937268
19949,9447,0,3.44494961057468,5.71136862349777,-9.51570769346985
19949,9947,0,3.10784078258392,5.65302926377072,-9.13351215547057
19949,10447,0,2.78736953257482,5.57615036971581,-8.75906585554273
19949,10947,0,2.48413419667704,5.48316533301317,-8.39349685421355
19949,11447,0,2.19845953802989,5.37639378385014,-8.03772297382319
19949,11947,0,1.93043243977032,5.25801948531797,-7.69246898209586
19949,12447,0,1.67993672475705,5.13007522803265,-7.35828467560743
19949,12947,0,1.44668623386148,4.9944337548125,-7.03556321211959
19949,13447,0,1.23025556554215,4.85280373849775,-6.72455917658525
19949,13947,0,1.03010810762569,4.70672987873503,-6.42540598957093
19949,14447,0,0.845621176153912,4.55759625853104,-6.13813237592075
19949,14947,0,0.67610821881134,4.40663219455533,-5.86267770394813
19949,15447,0,0.520838146174477,4.25491991564796,-5.598906081639
19949,15947,0,0.379051928703188,4.10340350463435,-5.34661915726029
19949,16447,0,0.249976646543846,3.95289863381202,-5.10556761907282
19949,16947,0,0.132837208450202,3.80410271195066,-4.87546142425284
19949,17447,0,0.0268659699019455,3.65760513827368,-4.65597881269854
19949,17947,0,-0.0686895170331832,3.51389742663705,-4.44677417877153
19949,18447,0,-0.154560395168212,3.37338302090722,-4.24748488482156
19949,18947,0,-0.231451819401054,3.23638667117442,-4.05773710611813
19949,19447,0,-0.300039498749169,3.10316328052136,-3.87715079851618
19949,19947,0,-0.360967279201476,2.97390616484234,-3.70534387905744
